企業名,法人番号,業種,都道府県,従業員数,設立年,補助金,代表者名,公式URL
株式会社アイ・アイ・エム,1010001000055,,東京都中央区八丁堀３丁目６番１号,117,1988,,関根淳,
五洋建設株式会社,1010001000006,総合建設業,東京都文京区後楽２丁目２番８号,3539,1950,,清水琢三,http://www.penta-ocean.co.jp/
スズデン株式会社,1010001003966,,東京都千代田区外神田２丁目２番３号,387,1952,,高谷健文,
株式会社片平新日本技研,1010001001854,"1.土木、建設に関する測量、調査、企画、計画、管理、　コンサルティングに附帯又は関連する一切の事業
2.労働者派遣事業",東京都文京区小石川２丁目２２番２号,268,1970,,山崎幹夫,http://www.katahira.co.jp/
日産化学株式会社,1010001008734,機能性材料、農業化学品、医薬品、化学品の開発、製造、販売,東京都中央区日本橋２丁目５番１号,2044,1921,,八木晋介,
ＪＦＥスチール株式会社,1010001008668,鉄鋼製品・半製品（熱延薄鋼板、冷延薄鋼板、表面処理鋼板、厚鋼板、形鋼、Ｈ形鋼、鋼矢板、レール、継目無鋼管、鍛接鋼管、電縫,東京都千代田区内幸町２丁目２番３号,15578,1950,,廣瀬政之,https://www.jfe-steel.co.jp/saiyou/culture/welfare.html
住友商事株式会社,1010001008692,全世界に展開するグローバルネットワークとさまざまな産業分野における企業・消費者との信頼関係をベースに、多様な商品・サービ,東京都千代田区大手町２丁目３番２号,4829,1919,,上野真吾,http://www.sumitomocorp.co.jp
ウシオ電機株式会社,1010001008651,光応用製品事業ならびに産業機械およびその他事業,東京都港区三田３丁目５番１９号住友不動産東京三田ガーデンタワー３１階,1677,1949,,朝日崇文,http://www.ushio.co.jp
ＤＯＷＡホールディングス株式会社,1010001008750,環境・リサイクル事業、製錬事業、電子材料事業、金属加工事業および熱処理事業,東京都千代田区外神田４丁目１４番１号,1010,,,関口明,http://www.dowa.co.jp/
ピーエス・コンストラクション株式会社,1010001008742,"1．プレストレスト・コンクリート工事の請負ならびに企画、設計、施工監理
2．土木一式工事、建築一式工事の請負ならびに企画",東京都港区東新橋１丁目９番１号,1325,1952,,森拓也,http://www.psc.co.jp/
三井物産株式会社,1010001008767,鉄鋼製品、金属資源、エネルギー、プロジェクト、モビリティ、化学品、食料、流通事業、ウェルネス事業、ICT事業、コーポレー,東京都千代田区大手町１丁目２番１号,5587,1947,,堀健一,http://www.mitsui.com/jp/ja/index.html
日本曹達株式会社,1010001008833,化学製品の製造・販売,東京都千代田区丸の内２丁目７番２号,1407,1920,,阿賀英司,http://www.nippon-soda.co.jp/
アース環境サービス株式会社,1010001009823,,東京都中央区晴海４丁目７番４号,1961,1978,,田渕徹,
東京電力ホールディングス株式会社,1010001008825,電気事業,東京都千代田区内幸町１丁目１番３号,7999,1951,,小早川智明,https://www.tepco.co.jp/about/esg/hractivate/index-j.html
株式会社アスク,1010001009831,,東京都千代田区九段南４丁目８番１９号ＣＩＲＣＬＥＳ＋市ヶ谷駅前,140,1997,,武藤和彦,
石福金属興業株式会社,1010001010624,貴金属精製加工販売業,東京都千代田区内神田３丁目２０番７号,351,1934,,古宮基成,https://www.ishifuku-kinzoku.co.jp/
イチカワ株式会社,1010001000708,抄紙用フエルト、抄紙用ベルトおよびスレート・その他工業用フエルトの製造、販売,東京都文京区本郷２丁目１４番１５号,523,1949,,矢崎孝信,http://www.ik-felt.co.jp/
商船三井ロジスティクス株式会社,1010001012546,,東京都千代田区内幸町１丁目２番２号,321,1960,,伊藤崇,
ＮＴＴ都市開発株式会社,1010001012372,"(1) 不動産の取得、処分及び管理
(2) 不動産の貸借、仲介及び鑑定
(3) 建築物の設計、施工、工事監理及びその受託",東京都千代田区外神田４丁目１４番１号,764,,,中川裕,https://www.nttud.co.jp/
株式会社大塚商会,1010001012983,"?システムインテグレーション事業／コンピューター、複合機、通信機器、ソフトウェアの販売および受託ソフトの開発など
?サー",東京都千代田区飯田橋２丁目１８番４号,8673,1961,,大塚裕司,https://www.otsuka-shokai.co.jp/
株式会社オーヤラツクス,1010001013305,医薬品製造販売業,東京都千代田区麹町１丁目６番地２,177,1962,,松村かおり,http://www.oyalox.co.jp/
日本高周波鋼業株式会社,1010001016852,,東京都千代田区岩本町１丁目１０番５号,507,,,小椋大輔,
株式会社グロービス,1010001015334,ビジネススクール運営、人材育成・組織開発、経営ノウハウの出版・発信,東京都千代田区二番町５番地１,778,1989,,堀義人,https://globis.co.jp/
株式会社ニッスイ,1010001016860,世界中の水産資源へのアクセスを通じ、漁業、養殖生産、加工による「水産品」の販売、冷凍食品、缶詰、フィッシュソーセージ等の,東京都港区西新橋１丁目３番１号,1505,,,田中輝,https://www.nissui.co.jp/
株式会社ミクニ,1010001008791,"電子制御燃料噴射関連機器の製造・販売
気化器類、ポンプ類その他自動車部品の製造・販売
ガス制御機器の製造・販売
航空宇宙",東京都千代田区外神田６丁目１３番１１号,1627,,,生田久貴,https://www.mikuni.co.jp/
ジャパンプロテクション株式会社,1010001019236,,東京都千代田区二番町５番７号,573,1969,,高山弘康,
株式会社ザイエンス,1010001017941,,東京都千代田区丸の内２丁目３番２号,200,1931,,田中順子,
株式会社ＣＡＣ　Ｈｏｌｄｉｎｇｓ,1010001019335,,東京都中央区日本橋箱崎町２４番１号,1098,,,西森良太,
住商エアロシステム株式会社,1010001020185,航空機器、航空機用及び船舶用エンジン、宇宙衛星機器、車両、通信電子機器、レーダー、特機等の貿易、国内販売及び保守整備業務,東京都千代田区一ツ橋１丁目２番２号,167,1982,,上野智規,https://www.sc-aero.co.jp/
ミズホ株式会社,1010001007612,医療器械・器具の製造・販売,東京都文京区本郷３丁目３０番１３号,594,1939,,根本裕司,https://www.mizuho.co.jp
ソリッドコミュニケーション株式会社,1010001021349,,東京都千代田区麹町５丁目３番３号麹町ＫＳスクエア５階,146,1994,,金子健吾,
株式会社第一管理代行,1010001021381,,東京都千代田区神田三崎町２丁目１５番５号,290,1966,,古渡徹,
株式会社中央経済社ホールディングス,1010001022710,,東京都千代田区神田神保町１丁目３５番地,69,,,山本憲央,
株式会社ティ・オー・エス,1010001023378,システム設計、開発、管理及び運用サービスなど,東京都千代田区内神田３丁目１１番７号,133,1973,,小池敏英,
東洋計測器株式会社,1010001024129,,東京都千代田区外神田１丁目３番１２号,50,1956,,八巻秀次,
東光電気工事株式会社,1010001024087,"・内線事業：建築電気設備、消防施設設備、情報通信設備の設計施工
・外線事業：送電線、電車線、発・変電所、通信線、道路照明",東京都千代田区西神田１丁目４番５号,1323,1947,,山本隆洋,http://www.tokodenko.co.jp/
株式会社内藤一水社,1010001025135,,東京都千代田区麹町３丁目２番地,107,1947,,内藤好之,
イー・アンド・エム株式会社,1010001010847,ソフトウェア開発及び販売、サービスサポート,東京都千代田区麹町３丁目１番地１,368,1979,,岩城範彦,http://www.eandm.co.jp/
ＮＸ商事株式会社,1010001025515,,東京都港区海岸１丁目１４番２２号,3136,1958,,青木進,
日信防災株式会社,1010001025449,防災システム及び駐車場システムの設計・施工・販売・保守,東京都千代田区岩本町３丁目２番４号,156,1989,,矢口孝仁,http://www.nissin-b.co.jp
株式会社エフエム東京,1010001012439,民間FM放送,東京都千代田区麹町１丁目７番地,124,1970,,唐島夏生,https://www.tfm.co.jp/company/profile/
株式会社はとバスエージェンシー,1010001026819,"広告代理業
保険代理店
商事事業
人材派遣業
旅行業
中古バス売買業
警備業・メンテナンス",東京都千代田区丸の内１丁目９番１号,160,1963,,田中博昭,
株式会社野澤組,1010001026166,貿易商社,東京都千代田区有楽町１丁目５番２号,168,1944,,野澤毅一郎,https://www.nosawa.co.jp/
山崎金属産業株式会社,1010001031109,,東京都千代田区岩本町１丁目８番１１号,113,,,山崎洋一郎,
株式会社共立メンテナンス,1010001014427,"（1）学生寮・社員寮・ワンルームマンション事業
（2）ホテル事業
（3）シニアライフ事業
（4）その他前号に附帯する事業",東京都千代田区外神田２丁目１８番８号,4072,1979,,中村幸治,http://www.kyoritsugroup.co.jp/
株式会社読売アルスＡ,1010001031728,新聞、雑誌、ラジオ、テレビ、折込、インターネット、その他の広告代理業務、各種催し物の企画、斡旋業務など,東京都千代田区富士見２丁目１番１２号,119,1957,,高木典和,https://www.yomiuri-ag.co.jp/recruit/2026/diversity/
株式会社ＪＰＦ,1010001033237,"（１）公営競技のトータルマネジメント
（２）公営競技及びアマチュア競技の着順判定写真撮影業務
（３）審判業務用ＶＴＲの撮",東京都千代田区富士見２丁目４番１１号,685,1957,,渡辺俊太郎,https://www.jpf.co.jp/about/
ＣＨＥＭＩＰＡＺ株式会社,1010001033609,製紙用化学薬品の製造販売、印刷インキ用・記録材料用樹脂の製造販売,東京都中央区日本橋本町３丁目３番６号,479,,,菅正道,https://www.chemipaz.com/
株式会社テレコムスクエア,1010001026918,情報通信サービス,東京都千代田区三番町８番地１,111,1974,,吉竹雄次,https://www.telecomsquare.net/aboutus/ge_actionplan/
株式会社内田洋行,1010001034730,"【公共関連事業】
学校教育市場への教育機器・教材・コンテンツの製造・販売、ICTシステムの構築、学校空間デザイン・家具販",東京都中央区新川２丁目４番７号,1319,1941,,大久保昇,http://www.uchida.co.jp/
株式会社岡三証券グループ,1010001034747,,東京都中央区日本橋室町２丁目２番１号,50,,,新芝宏之,
三菱ＵＦＪファクター株式会社,1010001022149,"ファクタリング業務
代金回収代行業務
でんさい一括ファクタリング業務",東京都千代田区神田淡路町２丁目１０１番地,604,1977,,小川浩一,https://www.muf.bk.mufg.jp/company/
株式会社資生堂,1010001034813,化粧品、業務用化粧品、石鹸、シャンプー、リンス、医薬品などの製造販売、輸出入,東京都中央区銀座７丁目５番５号,5159,,,藤原憲太郎,https://corp.shiseido.com/jp/sustainability/labor/working.html
ＤＭ三井製糖株式会社,1010001034929,,東京都港区芝５丁目２６番１６号,52,,,森本卓,
日清オイリオグループ株式会社,1010001034887,油脂事業、加工食品・素材事業、ファインケミカル事業　等,東京都中央区新川１丁目２３番１号,1577,,,久野貴久,https://www.nisshin-oillio.com/company/
Ｂｉｔｃｏｉｎ　Ｊａｐａｎ株式会社,1010001034953,"和装品、洋装品、寝装品、健康関連商材等と貴金属・宝石等の卸売販売
意匠撚糸の製造販売",東京都墨田区横網１丁目１０番５号,124,,,上杉隼士,http://www.hotta-marusho.co.jp/
株式会社松屋,1010001034945,百貨店業,東京都中央区銀座３丁目６番１号,818,1919,,古屋毅彦,http://www.matsuya.com/
株式会社ジェイエイシーリクルートメント,1010001019483,人材紹介事業,東京都千代田区神田神保町１丁目１０５番地神保町三井ビルディング１４階,2188,1988,,兼田崎ひろみ,https://corp.jac-recruitment.jp/csr/diversity/
日本紙パルプ商事株式会社,1010001034978,"1.紙、パルプ、古紙の売買および輸出入
2.包装材料の売買および輸出入
3.燃料類の売買および輸出入
4.化成品、工業薬",東京都中央区勝どき３丁目１２番１号フォアフロントタワー,900,1916,,渡辺昭彦,http://www.kamipa.co.jp/
わかもと製薬株式会社,1010001035010,,東京都中央区日本橋本町２丁目２番２号,286,,,五十嵐新,
日本パーカライジング株式会社,1010001034994,"あらゆる素材を錆や腐食から守る「表面処理薬剤」の製造・販売。
金属の耐摩耗性を向上させる熱処理加工・防錆処理加工。
表面",東京都中央区日本橋２丁目１６番８号,1022,1928,,青山雅之,http://www.parker.co.jp/
東海東京フィナンシャル・ホールディングス株式会社,1010001034202,東海東京証券を中心とする東海東京フィナンシャル・グループの持株会社。,東京都中央区日本橋２丁目５番１号,2800,,,佐藤昌孝,https://www.tokaitokyo-fh.jp/sustainability/materiality-4/diversity/
株式会社教映社,1120001000341,映像機器のレンタルと販売,大阪府大阪市旭区大宮４丁目１５番６号,156,1967,,佐藤一男,https://kyoeisha.com/
シャープマーケティングジャパン株式会社,1040001008905,"?システム機器、業務用ディスプレイ、ドキュメント機器、オフィスサプライ品等の販売事業
?コンサルティング、システム企画・",大阪府八尾市北亀井町３丁目１番７２号,2849,1977,,大山貞,https://smj.jp.sharp/
株式会社かんこう,1120001007221,,大阪府大阪市城東区野江１丁目１２番８号,166,1953,,谷口智之,
近代警備保障株式会社,1120001007337,,大阪府大阪市都島区片町２丁目７番１９号,330,1974,,松村治彦,
加陽印刷株式会社,1120001007205,印刷業,大阪府大阪市都島区高倉町３丁目５番２８号,97,1964,,加福太郎,https://kayo.co.jp/
平和不動産株式会社,1010001034920,不動産業,東京都中央区日本橋兜町１番１０号,105,,,土本清幸,https://www.heiwa-net.co.jp/
ＳＡＮＥＩ株式会社,1120001012428,水道器具製造販売,大阪府大阪市東成区玉津１丁目１２番２９号,845,,,西岡利明,https://www.sanei.ltd/
ＦＣＭ株式会社,1120001011859,"・電子部品の加工、電子機器用部品ならびに半導体用部材の製造および販売
・電線用芯線ならびにその他線材の製造および販売
・",大阪府大阪市東成区神路３丁目８番３６号,346,,,川森晋治,http://www.fc-m.co.jp/
株式会社ぐるなび,1010001034565,パソコン・携帯電話などによる飲食店のインターネット検索サービスその他関連する事業,東京都千代田区有楽町１丁目１番２号,888,1989,,杉原章郎,https://corporate.gnavi.co.jp/profile/sustainability/diversity/
永大化工株式会社,1120001019704,プラスチック成形品製造・販売,大阪府大阪市平野区平野北２丁目３番９号,145,,,浦義則,http://www.eidaikako.co.jp
アイコム株式会社,1120001019349,無線通信機器、ネットワーク機器等の製造、販売,大阪府大阪市平野区加美鞍作１丁目６番１９号,689,1964,,中岡洋詞,https://www.icom.co.jp/
ホシザキ京阪株式会社,1120001025289,業務用厨房機器の販売及びメンテナンス,大阪府大阪市中央区内本町２丁目２番１２号,588,1969,,鈴木美紀,https://www.hoshizaki-keihan.co.jp/
大日本塗料株式会社,1120001026551,各種塗料製造・販売,大阪府大阪市中央区南船場１丁目１８番１１号,655,,,里隆幸,
大阪製鐵株式会社,1120001028390,鉄スクラップを原料とした鉄鋼製品の生産・販売,大阪府大阪市中央区道修町３丁目６番１号,585,,,谷潤一,http://www.osaka-seitetu.co.jp/
阪神警備保障株式会社,1120001031502,各種警備業務,大阪府大阪市住之江区中加賀屋３丁目５番９号,301,1993,,深見士,
株式会社大森屋,1120001034595,海苔、ふりかけ、お茶漬け等の製造・販売,大阪府大阪市此花区西九条１丁目１番６０号,371,,,稲野達郎,
毎美エンジニアリング株式会社,1120001036427,,大阪府大阪市福島区海老江５丁目４番８号,195,1981,,植田隆司,
株式会社クボタ,1120001037978,「農業機械」「産業機械」「水システム」「環境システム」「都市・インフラ」などの事業分野のシステム・製品の研究開発・製造お,大阪府大阪市北区大深町５番５４号,16481,1930,,花田晋吾,http://www.kubota.co.jp/
日本インシュレーション株式会社,1120001040610,保温断熱材・耐火建材の製造販売、施工,大阪府大阪市中央区南船場１丁目１８番１７号,400,,,吉井智彦,
帝国製鋲株式会社,1120001029380,製造業,大阪府大阪市港区海岸通３丁目２番２１号,62,1917,,鈴木典和,http://www.teikoku-seibyo.com
株式会社オートメーション．サービス,1120001042136,受託開発ソフトウェア業,大阪府大阪市西区西本町１丁目１３番３７号,142,1973,,神澤規智,
因幡電機産業株式会社,1120001041352,電設・電子・情報機器販売及び空調システム部材の製造・販売,大阪府大阪市西区立売堀４丁目１１番１４号,1941,1949,,玉垣雅之,https://www.inaba.co.jp/
サンキン株式会社,1120001043596,,大阪府大阪市西区新町２丁目１５番２７号,584,1946,,田貴晴,https://www.sankin.co.jp/
サムテック株式会社,1120001043522,自動車用鍛造品およびフローフォーミング成形品ならびに高圧ガス容器の製造販売,大阪府大阪市西区江戸堀１丁目２４番１５号,440,1949,,阪口善樹,https://www.samtech.co.jp/index.html
株式会社浜正,1120001046590,伝導機器・機械工具販売,大阪府大阪市西区立売堀４丁目６番７号,106,1963,,浜口隆之,
南海化学株式会社,1120001046120,,大阪府大阪市西区南堀江１丁目１２番１９号,213,,,杉岡伸也,
中外商工株式会社,1120001045403,建築材料の製造・販売・施工,大阪府大阪市西区靱本町１丁目９番１５号,180,1952,,岡田憲一,http://www.chugai-af.co.jp
株式会社マコト電気,1120001047424,,大阪府大阪市北区梅田３丁目４番５号,91,1951,,上村武,
株式会社栗本鐵工所,1120001048991,,大阪府大阪市西区北堀江１丁目１２番１９号,1375,1934,,菊本一高,
株式会社山善,1120001049040,生産財、消費財の専門商社,大阪府大阪市西区立売堀２丁目３番１６号,1852,1947,,岸田貢司,
株式会社サガミホールディングス,1180001000443,飲食業,愛知県名古屋市守山区八剣２丁目１１８番地,7426,,,大西尚真,http://www.sagami.co.jp/
株式会社つむら工芸,1120001045502,メディア、舞台、その他エンターテイメント向けの造形物製作事業,大阪府大阪市西区京町堀２丁目１２番２４号,178,1957,,浜田晋,https://tsumura-kogei.com/recruitwork/
中部資材株式会社,1180001006837,植物検疫防除業、建設業、荷役機器メンテナンス業、コンテナ修理・販売業、自動車整備業ほか,愛知県名古屋市港区入船２丁目２番２８号,567,1949,,高木要馬,
レンゴー株式会社,1120001036880,板紙、段ボール・段ボール箱、軟包装製品等の製造・販売,大阪府大阪市福島区大開４丁目１番１８６号,4711,,,兼ＣＯＯ川本洋祐,https://www.rengo.co.jp/sustainability/social/humanresources/workplace/worklifebalance/index.html
明星工業株式会社,1120001049032,断熱工事業　（保温・保冷、築炉耐火、断熱耐火被覆、原子力その他）,大阪府大阪市西区京町堀１丁目８番５号,358,,,栁瀬徹次,https://www.meisei-kogyo.co.jp
日邦産業株式会社,1120901007832,"・メーカー機能を持ち合わせた商社で、主に産業資材/半導体部品/自動車部品/住宅設備部品等を販売。
・海外拠点は東南アジア",愛知県名古屋市中区錦１丁目１０番１号,319,,,岩佐恭知,http://www.nip.co.jp
朝日金属株式会社,1180001011481,製鋼原料加工、販売、他,愛知県名古屋市北区六が池町５５５番地,240,1962,,桑原由行,http://www.asahi-metal.com
ニプロバスキュラー株式会社,1180001001887,医療機器の輸入・開発・製造・販売,愛知県名古屋市中区栄４丁目５番３号ＫＤＸ名古屋栄ビル５階,330,1975,,半田知久,http://www.goodmankk.com
大同メタル工業株式会社,1180001012595,輸送用機械器具製造業,愛知県名古屋市中区栄２丁目３番１号名古屋広小路ビルヂング１３階,1377,,,兼判治誠吾,https://www.daidometal.com/jp/
株式会社ニットー,1180001013107,建設工事事業、住宅メンテナンス事業,愛知県名古屋市中川区広川町３丁目１番地８,245,,,中野英樹,https://www.nittoh-info.co.jp/
株式会社チップトン,1180001014914,"産業機械・付帯装置、研磨材・セラミックス製品の開発、製造、販売。

＜産業機械・付帯装置＞
・表面処理装置（バレル研磨機",愛知県名古屋市南区豊田３丁目１９番２１号,210,1939,,小林知之,https://www.tipton.co.jp
愛知株式会社,1180001015879,,愛知県名古屋市東区筒井３丁目２７番２５号,219,1939,,島本迪彦,
名古屋酸素株式会社,1180001007067,高圧ガス他販売業,愛知県名古屋市港区小碓１丁目１２番地,116,1913,,飯田哲郎,https://www.nagoya-sanso.co.jp
株式会社スズケン,1180001017009,医療用医薬品、試薬、医療用機器、医療材料、食品などの販売、ならびに医療用機器の開発製造,愛知県名古屋市東区東片端町８番地,3409,1946,,浅野茂,http://www.suzuken.co.jp
敷島製パン株式会社,1180001016877,パン、和洋菓子の製造、販売,愛知県名古屋市東区白壁５丁目３番地,5565,1919,,盛田淳夫,http://www.pasconet.co.jp/
株式会社新日,1180001019673,総合建設コンサルタンツ,愛知県名古屋市中川区山王１丁目８番３０号,100,1971,,石堂公彦,
カネ美食品株式会社,1180001023411,,愛知県名古屋市緑区徳重３丁目１０７番地,10691,,,今井善広,
クロスプラス株式会社,1180001025507,,愛知県名古屋市西区花の木３丁目９番１３号,1027,,,山本大寛,
名工建設株式会社,1180001027354,総合建設業,愛知県名古屋市中村区名駅１丁目１番４号ＪＲセントラルタワーズ３４階,1145,1941,,松野篤二,http://www.meikokensetsu.co.jp
株式会社アオキスーパー,1180001029202,"食料品小売業
スーパーマーケットチェーン",愛知県名古屋市中村区鳥居西通１丁目１番地,3775,,,青木俊道,https://aokisuper.co.jp/news/
株式会社ＥＶＥＲＹＦＯＯＤ,1180001001037,集団給食,愛知県名古屋市中区千代田５丁目７番５号,9967,1967,,杉浦卓,https://everygroup.co.jp/ef/
東海ソフト株式会社,1180001031538,,愛知県名古屋市中村区則武２丁目１６番１号,544,1970,,尾上雅憲,
メイラ株式会社,1180001031884,,愛知県名古屋市中村区椿町１７番１５号,758,1936,,大橋真,
ＭＨＩエアロテクノロジーズ株式会社,1180001031934,,愛知県名古屋市中区栄３丁目１８番１号,967,1974,,守田昌史,
教育産業株式会社,1180001035456,映像・音響・情報通信機器の販売、同設備の設計設置・修理・保守並びにレンタル及び映像制作を主な業務としています。,愛知県名古屋市中区丸の内３丁目１８番２８号,210,1952,,今枝伸保,http://www.ksg.co.jp/
興和株式会社,1180001035811,"【商社部門】
繊維、機械、建材、船舶、鉱物資源、化成品原料、生活関連物資などの輸出入、三国間貿易および国内販売
【メーカ",愛知県名古屋市中区錦３丁目６番２９号,3986,,,兼三輪芳弘,http://www.kowa.co.jp/
株式会社ＣＢＣクリエイション,1180001036669,テレビ番組・映像の制作、イベントの企画運営,愛知県名古屋市中区新栄１丁目２番８号,137,1955,,伊藤司,http://www.cbc-creation.co.jp/
株式会社コアズ,1180001035761,警備業・ビルメンテナンス業,愛知県名古屋市中区錦１丁目１６番２０号,6300,1974,,加藤僚,http://www.corps.co.jp/
大同興業株式会社,1180001037502,特殊鋼、原材料、機械、電子部品等の売買および輸出入,愛知県名古屋市東区東桜１丁目１番１０号,338,1946,,伊藤愼悟,
株式会社新東通信,1180001036792,総合広告業,愛知県名古屋市中区丸の内３丁目１６番２９号,318,1972,,谷鉄也,https://www.shinto-tsushin.co.jp/company/
オイレス工業株式会社,1010401006049,,神奈川県藤沢市桐原町８番地,1080,,,坂入良和,
川北電気工業株式会社,1180001035290,各種電気設備の設計・施工・工程管理・技術開発,愛知県名古屋市中区栄４丁目６番２５号,379,1939,,大津正己,https://www.kawakita.co.jp
ラピスセミコンダクタ株式会社,1010101008452,生産受託、ファウンドリ事業,神奈川県横浜市港北区新横浜２丁目４番地８,730,2008,,和久野一雅,http://www.lapis-semi.com
株式会社アート,1010701014775,セキュリティ製品の製造・販売,神奈川県川崎市中原区市ノ坪３２２番地７,100,2003,,関本祥文,https://www.art-japan.co.jp/company/active_promotion
株式会社小野測器,1020001001886,電子計測制御機器の製造・販売,神奈川県横浜市西区みなとみらい３丁目３番３号,715,1940,,大越祐史,
日本飛行機株式会社,1020001006613,輸送用機器具製造業　及び　航空機整備・改修・改造,神奈川県横浜市金沢区昭和町３１７５番地,1271,1949,,高羽謙哉,
海洋電子工業株式会社,1020001006043,防衛省分野における通信機器等の開発・設計・製造・保守整備,神奈川県横浜市金沢区鳥浜町１２番地５１,484,1951,,榎本英雄,
株式会社信友建設,1020001007520,,神奈川県横浜市戸塚区鳥が丘１２番地１,50,1978,,福嶋隆太郎,
株式会社アルファ,1020001005862,創業以来、我々の生活で欠かす事のできない“カギ（キー＆ロック）”を中心としたセキュリティ商品を、自動車・住宅・産業機器・,神奈川県横浜市金沢区福浦１丁目６番８号,460,,,塚野哲幸,http://kk-alpha.com/
株式会社シバックス,1020001008907,輸送用機械器具製造業,神奈川県横浜市都筑区川和町２５５番地３,210,1964,,柴崎繁昭,
ハーベスト株式会社,1020001010441,,神奈川県横浜市保土ケ谷区岩間町２丁目１２０番地,2301,1960,,脇本実,
株式会社明光社,1020001013873,総合ビル管理・清掃・警備・設備管理,神奈川県横浜市南区南吉田町１丁目１３番地の２（明光社ビル）,680,1960,,赤崎継一,
ジオマテック株式会社,1020001015003,,神奈川県横浜市西区みなとみらい２丁目２番１号,313,,,兼松﨑建太郎,
横浜植木株式会社,1020001013956,"総合園芸業
種苗開発販売
園芸資材卸売
ＷＥＢネット販売
造園工事・指定管理・植栽管理",神奈川県横浜市南区唐沢１５番地,296,1893,,伊藤智司,https://www.yokohamaueki.co.jp
株式会社ジャスト,1020001011844,"＜既存構造物向けサービス＞
建物調査、構造診断レビュー他
＜新築構造物向けサービス＞
受入検査、第三者監理、設計",神奈川県横浜市青葉区あざみ野南２丁目４番１号,448,1972,,角田賢明,https://www.just-ltd.co.jp/
株式会社ＣＩＪ,1020001015606,システム開発およびシステム開発に関連するサービス,神奈川県横浜市西区高島１丁目２番５号,807,1976,,坂元昭彦,https://www.cij.co.jp/company/wlb/
株式会社浜銀総合研究所,1020001015795,調査受託・コンサルティング業務,神奈川県横浜市西区みなとみらい３丁目１番１号,140,1988,,鈴木圭一,https://www.yokohama-ri.co.jp/
レーザーテック株式会社,1020001022180,,神奈川県横浜市港北区新横浜２丁目１０番地１,479,1962,,仙洞田哲也,
株式会社ＫＳＰ,1020001026487,,神奈川県横浜市中区山吹町１番地１,1500,1963,,田邊中,
株式会社宇徳,1020001025489,,神奈川県横浜市中区弁天通６丁目８５番地,415,1915,,田邊昌宏,
ソルブ株式会社,1020001027295,医療機器の販売・レンタル,神奈川県横浜市港北区新横浜２丁目２番１５,161,1976,,井上恵,
株式会社日商物産,1020001028194,業務用食器類の卸売業,神奈川県横浜市南区花之木町２丁目２７番地２,150,1970,,山本聡,
株式会社ホンマ,1020001028855,,神奈川県横浜市中区太田町６丁目８７番地,231,1955,,野口譲,
横浜高速鉄道株式会社,1020001029440,"（1）鉄道事業
（2）鉄道施設内における日用雑貨・飲食物等の販売、飲食業、広告業及び旅行業等のサービス事業
（3）不動産",神奈川県横浜市中区元町１丁目１１番地,123,,,森秀毅,http://www.mm21railway.co.jp
ＡＬＳＯＫ神奈川株式会社,1020001030159,警備業務,神奈川県横浜市西区みなとみらい３丁目６番１号,551,1987,,池田紀之,
横浜冷凍株式会社,1020001030638,"・冷蔵倉庫業並びに普通倉庫業
・水産品の加工、販売並びに輸出入
・農畜産物の加工、販売並びに輸出入
・通関業
・貨物利用",神奈川県横浜市鶴見区大黒町５番３５号,1359,,,古瀬健児,http://www.yokorei.co.jp/
株式会社テイン,1020001033780,自動車用ショックアブソーバーの製造、販売,神奈川県横浜市戸塚区上矢部町３５１５番地４,145,,,市野諮,https://www.tein.co.jp
株式会社アルテサロンホールディングス（閉鎖）,1020001033236,美容室チェーン等を展開する持株会社 グループ会社を統括、各子会社に対する経営全般、人材育成、店舗開発の支援等,神奈川県横浜市中区翁町１丁目４番１号,99,,,吉村栄義,
株式会社ティー・アール・シー,1020001033203,,神奈川県横浜市神奈川区新浦島町１丁目１番地２５,116,1986,,石木勝,
株式会社旭広告社,1020001029894,広告代理業,神奈川県横浜市中区常盤町２丁目１９番地,81,1972,,中谷忠宏,https://asahi-ad.co.jp/
ＳＧＳジャパン株式会社,1020001034622,認証サービス、検査等,神奈川県横浜市保土ケ谷区神戸町１３４番地横浜ビジネスパークノーススクエアⅠ,336,1987,,顔立新,https://www.sgsgroup.jp/
トキコシステムソリューションズ株式会社,1020001033723,計量機製造・保守・修理・販売及び附帯設備工事設計・施工,神奈川県横浜市鶴見区鶴見中央３丁目９番２７号,700,1950,,渡邉希美男,http://www.tokicosys.com/
インバースネット株式会社,1020001036619,"〇自社製パーソナルコンピュータ、モバイル機器の開発、製造、販売
〇中古機器・機械の査定・買取・卸売・小売・設置作業・スク",神奈川県横浜市神奈川区新浦島町１丁目１番地２５,350,1951,,山本慶次郎,http://www.inversenet.co.jp/
株式会社クロステック,1020001037212,各種情報システムの提案・設計・開発、通信ソフトウェア・制御ソフトウェア・基本ソフトウェアの設計・開発、ハ?ッケーシ?ソフ,神奈川県横浜市港北区篠原北２丁目４番１号,195,1981,,渡邉安好,http://www.xtec.co.jp/
株式会社アナザーウェア,1020001038458,"ITコンサルティング
システム企画・設計・構築
ソフトウェア事業
ＳＩサポート事業",神奈川県横浜市神奈川区鶴屋町２丁目２１番地８,110,1991,,鈴木晶,http://www.another-ware.co.jp/index.html
株式会社横浜グランドインターコンチネンタルホテル,1020001016001,国際級大型複合ホテルの経営および運営,神奈川県横浜市西区みなとみらい１丁目１番１号,450,1988,,梅村東,http://www.japan.intercontinental.com
株式会社エスシーサポート,1240001047429,,福岡県福岡市博多区麦野４丁目１１番１８号,50,2015,,立間章一,
イリソ電子工業株式会社,1020001053696,コネクタの開発、製造及び販売,神奈川県横浜市港北区新横浜２丁目１３番地８,642,,,鈴木仁,http://www.iriso.co.jp/
グリーンシッピング株式会社,1250001005360,船舶代理業・曳船業・通関倉庫業,福岡県北九州市門司区港町１番５号,133,1930,,津江耕治,http://www.greenship.co.jp/
シンカ株式会社,1290001001769,,福岡県福岡市南区清水２丁目１５番１８号,180,1981,,八谷博之,
株式会社福岡銀行,1290001004367,銀行業,福岡県福岡市中央区天神２丁目１３番１号,5449,,,頭取五島久,http://www.fukuokabank.co.jp/index.html
株式会社ニシコー,1290001009498,,福岡県福岡市中央区渡辺通２丁目９番２２号,220,1970,,園田利美津,
林兼エスト株式会社,1290001009738,石油製品の販売（小売・卸売）,福岡県福岡市中央区渡辺通４丁目１０番１０号,338,1950,,山本義一,https://www.h-est.co.jp/
株式会社インフォグラム,1290001011611,ソフトウェアの開発,福岡県福岡市博多区博多駅前２丁目１７番１９号,65,1991,,宮川敬亮,
株式会社医療事務サービス,1290001011660,医療事務代行,福岡県福岡市博多区博多駅前３丁目８番１０号５Ｆ,370,1983,,星川光明,
株式会社キューオキ,1290001012337,,福岡県福岡市南区井尻４丁目２８番１８号,51,1971,,廣島将登,
九州総合サービス株式会社,1290001012411,,福岡県福岡市博多区美野島３丁目１番２８号,500,1964,,真崎俊昭,
建設サービス株式会社,1290001012989,建設業,福岡県福岡市博多区博多駅東１丁目１７番２５号,251,1967,,永重雅守,
株式会社カンサイ,1290001012221,電気設備資材、住宅設備機器、省エネシステム商品の総合卸売業,福岡県福岡市博多区東比恵３丁目３２番１５号,210,1954,,本多利行,http://kansaihd.co.jp
博多湾環境整備株式会社,1290001015728,港湾土木に関する事業、建築物の清掃、保管、警備その他の維持管理、土木・しゅんせつ・造園工事業、廃船処理に関する事業、海の,福岡県福岡市博多区沖浜町１２番１号,74,1983,,石橋宏典,https://www.kankyou-seibi.co.jp/
空研工業株式会社,1290001007221,"・冷却塔の製造・販売
・空調機器の販売
・管工事業",福岡県福岡市中央区大濠公園２番３９号,452,1956,,楢木隆,http://www.kuken.com
株式会社リサーチアンドソリューション,1290001017278,"ソフトウェア開発・販売
間接業務支援",福岡県福岡市博多区上呉服町１２番３３号,237,1979,,清見光生,http://www.rands-co.com
福博綜合印刷株式会社,1290001016263,印刷業,福岡県福岡市博多区堅粕３丁目１６番１４号,182,1950,,原健之,http://www.fsp.co.jp
福岡センコー運輸株式会社,1290001019349,貨物自動車運送業,福岡県福岡市東区箱崎ふ頭２丁目２番４１号,180,1970,,坂口宏司,
ＪＲ九州商事株式会社,1290001019794,"１　鉄道資材の販売
２　建設・建築資材の販売
３　事務用機器、家具、備品・消耗品の販売
４　種類及び食料品の販売
５　金",福岡県福岡市博多区博多駅前２丁目１７番１号,133,1976,,山下信二,
メディアファイブ株式会社,1290001018160,"・ソリューション事業
 　ソフトウェアの受託開発
 　ITエンジニアの人材提供
 　OFFICE DOCTORサービス提",福岡県福岡市中央区薬院１丁目１番１号,235,,,河野活,http://www.media5.co.jp/index.html
ホシザキ北九株式会社,1290001016577,業務用厨房機器の販売及びメンテナンス,福岡県福岡市博多区博多駅南３丁目１８番９号,516,1969,,中村隆裕,http://www.hoshizaki-kitakyu.co.jp/
株式会社ジェイウェイブ,1290001020686,,福岡県福岡市博多区博多駅前２丁目９番２８号,2460,1999,,山下智裕,
株式会社オービット,1290001020645,,福岡県福岡市博多区元町１丁目７番１２号,61,1981,,上野裕次,
イワタニ九州株式会社,1290001024695,"九州地区におけるご家庭を中心に、レストラン、工場等
にLPガスを供給し、暮らし育み、産業を支え、時代を拓
き、皆様から信",福岡県福岡市博多区榎田２丁目２番３号,195,1998,,小林実,
株式会社ＩＮＧ・ワールド,1290001026378,,福岡県福岡市西区大字橋本４８７番地２,132,1995,,石橋龍二,
株式会社セイビ九州,1290001014110,ホテル清掃・建物管理など,福岡県福岡市博多区博多駅前１丁目１９番３号,996,1975,,森永幸次郎,http://www.seibiq.co.jp/
株式会社アカシヤビルサービス,1430001000384,建物清掃業,北海道札幌市白石区菊水五条１丁目４番３４号,146,1974,,三浦貴之,
池田煖房工業株式会社,1430001001267,設備工事業,北海道札幌市北区北十二条西３丁目２番２０号,188,1955,,池田薫,http://www.ikedan.co.jp/
岡本興業株式会社,1430001003222,砕石業,北海道札幌市南区真駒内本町１丁目１番１号,133,1963,,岡本敏秀,
株式会社ビルマネージメント,1290001025818,ビルメンテナンス,福岡県福岡市博多区東光２丁目３番２０号,251,2001,,藤井正一,http://www.buil-manage.com
株式会社開発工営社,1430001003528,,北海道札幌市中央区北四条西５丁目１番地,165,1975,,高橋公浩,
札商美装興業株式会社,1430001006811,ビルメンテナンス業,北海道札幌市中央区南四条西１０丁目１００５番地１,200,1966,,高橋成典,http://www.sassho.co.jp/index.html
株式会社清風堂,1430001008691,ビルメンテナンス,北海道札幌市東区北十六条東１丁目２番１５号,430,1984,,岩田哲明,
株式会社じょうてつ,1430001007925,"一般乗合旅客自動車運送業
一般貸切旅客自動車運送業
不動産業
物品販売業",北海道札幌市白石区東札幌一条１丁目１番８号,397,,,原田寛,http://www.jotetsu.co.jp
株式会社アルテクス,1290001023417,受託設計業、人材派遣業,福岡県福岡市早良区百道浜２丁目１番２２号,324,2003,,竹内巧,https://altecs.com/
株式会社なの花北海道,1430001005219,保険調剤薬局運営、一般用医薬品および健康食品の販売,北海道札幌市中央区北九条西２４丁目３番１２号,1121,1995,,大倉康,https://www.nanohana-ph.jp/company/nanohana-hokkaido.php
日本乾溜工業株式会社,1290001028382,建設業,福岡県福岡市東区馬出１丁目１１番１１号,209,1939,,兼田智仁,http://www.kanryu.co.jp/
株式会社シムス,1430001009847,ビルメンテナンス、介護事業、看護小規模多機能型居宅介護、札幌市指定管理者・北老人福祉センター、障害児児童デイサービス・放,北海道札幌市白石区本郷通３丁目南４番１１号,298,1978,,河渕大輔,
株式会社通電技術,1430001010557,,北海道札幌市白石区平和通２丁目北１１番２０号,68,1988,,楠美宗城,https://tsuuden.co.jp/
株式会社ミライト・モバイル・イースト,1430001012727,,北海道札幌市東区伏古五条５丁目４番１５号,340,1973,,明石孝之,
北菱産業埠頭株式会社,1430001015614,セメント・生コンクリート・二次製品等建設資材販売、砕石・砂利等骨材販売、ビル・マンション等の清掃・警備・駐車場等の総合管,北海道札幌市北区北三十一条西４丁目１番１４号,385,1957,,田中義久,
株式会社双葉工業社,1430001015201,"●営業品目
　1.送電用、無線用鉄塔(アングル型、鋼管型各種)
  2.発電用、変電用、その他鉄鋼、架台
　3.配電、通",北海道札幌市東区北二十二条東１丁目１番５０号,143,1957,,阿部司,http://www.k-futaba.co.jp/
北盛電設株式会社,1430001014789,建設業（電気設備工事）,北海道札幌市中央区北七条西２０丁目１番１５号,53,1952,,稲津亘,http://www.hokusei-ds.co.jp
株式会社クリーンコーポレーション,1430001005061,総合ビルメンテナンス,北海道札幌市中央区南二十二条西６丁目２番２５号エムズ南２２条第３ビル４階,713,1991,,久保政義,http://www.clean-corp.co.jp
株式会社モロオ,1430001017032,○医薬品、検査試薬、健康食品、ＯＡ機器の卸売販売　　○コンピューターシステム・ソフト開発および販売　　　○福祉用具のレン,北海道札幌市中央区北三条西１５丁目１番地の５０,665,1949,,師尾忠和,http://www.moroo.co.jp/
株式会社アークス,1430001018377,,北海道札幌市中央区南十三条西１１丁目２番３２号,105,,,・横山清,
株式会社アインホールディングス,1430001020787,ドラックストア、調剤薬局,北海道札幌市白石区東札幌五条２丁目４番３０号,226,1969,,大谷喜一,
マックスバリュ北海道株式会社（閉鎖）,1430001020267,,北海道札幌市中央区北八条西２１丁目１番１０号,1110,,,出戸信成,
日本ニューホランド株式会社,1430001021026,,北海道札幌市中央区北一条西１３丁目４番地,577,1970,,芝本政明,
日本高圧コンクリート株式会社,1430001020829,"コンクリート2次製品の製造販売
橋梁の設計・施工
その他付随工事",北海道札幌市中央区北三条西３丁目１番地５４,304,1936,,小笠原昌平,https://www.nihonkoatsu.co.jp/
株式会社ユニテック,1430001021645,"情報計測事業
コンサルタント事業",北海道札幌市中央区宮の森二条１丁目７番２号宮の森ＫＬビル,81,1977,,藤井紀綱,
ＡＬＳＯＫ北海道株式会社,1430001021959,,北海道札幌市北区北七条西４丁目３番地１,750,1975,,長尾昭,
株式会社北海道日立,1430001022461,電気機械器具卸売並びに附帯する工事,北海道札幌市東区北五条東５丁目１番地１１,112,1962,,田中一雄,
株式会社北海道ダイケン,1430001022180,"ビルメンテナンス業 
・ビル及び設備に関する維持管理サービス業務 
・清掃サービス業務 
・セキュリティサービス業務",北海道札幌市中央区北一条西２丁目１番地,530,1987,,金子宗典,
株式会社エコミック,1430001023947,,北海道札幌市中央区大通西８丁目１－１大通あおばビル,154,1997,,熊谷浩二,
中道リース株式会社,1430001024094,,北海道札幌市中央区北一条東３丁目３番地,180,1948,,関崇博,
株式会社プライムツーワン,1430001026974,保育所運営,北海道札幌市豊平区月寒東五条１０丁目３番３号,1313,1996,,佐藤範夫,
セントラルリーシングシステム株式会社,1430001024268,,北海道札幌市中央区大通西６丁目１０番地１,474,1988,,阿部直志,
ビットスター株式会社,1430001037773,,北海道札幌市中央区南一条西４丁目５番地１,110,2008,,前田章博,
株式会社調和技研,1430001041759,ITサービス全般,北海道札幌市中央区南二条西１２丁目３２４番地２　９０２,57,2009,,中村拓哉,http://www.chowagiken.co.jp/
北燃商事株式会社,1430001046650,ＬＰガス、灯油、燃焼器具、家電製品、住宅設備関連商品の卸小売、ガス配管、冷暖房工事、営繕工事,北海道岩見沢市八条東１丁目３番地,251,1961,,藤本浩之,
馬淵建設株式会社,1430001046675,土木・造園工事の請負,北海道岩見沢市志文町９６６番地１５,56,1970,,久保隆,
北海道ガソン株式会社,1430001049752,建設業,北海道小樽市天神２丁目１９番１１号,60,1957,,水上照康,
株式会社松本鉄工所,1430001053845,一般機械器具製造業、機械器具設置工事業（主に製紙機械）,北海道苫小牧市晴海町２８番地１,212,1948,,松本英久,http://www.matsumoto-tekkosho.co.jp
株式会社第一岸本臨床検査センター,1430001055197,,北海道札幌市東区伏古七条３丁目５番１０号,735,2011,,土井克泰,
株式会社南組,1430001055619,,北海道様似郡様似町栄町５番地,57,1957,,南修,
日鋼室蘭サービス株式会社,1430001057045,,北海道室蘭市茶津町４番地,135,1986,,上原洋明,
株式会社三井Ｅ＆Ｓ　ＤＵ,1010001230569,,兵庫県相生市相生５２９２番地,172,1988,,匠宏之,
ＬＲＭ株式会社,1120001120263,情報セキュリティコンサルティング業。情報セキュリティサービス業。,兵庫県神戸市中央区栄町通１丁目２番１０号読売神戸ビル５Ｆ,90,2006,,幸松哲也,https://www.lrm.jp/
株式会社トーホー,1140001002071,"㈱トーホー
・各事業会社の経営管理
・業務用食品の仕入・調達・開発、業務用コーヒーの製造
㈱トーホーフードサービス／㈱ト",兵庫県神戸市東灘区向洋町西５丁目９番,4024,,,奥野邦治,http://www.to-ho.co.jp
親和パッケージ株式会社,1140001001783,梱包業,兵庫県神戸市東灘区向洋町西６丁目１９番地,800,1950,,重実敬之,https://shinwa-co.co.jp/about/project/
株式会社シマブンコーポレーション,1140001003508,,兵庫県神戸市灘区岩屋中町４丁目２番７号,1200,1949,,木谷謙介,
コベルコビジネスパートナーズ株式会社,1140001003466,当社は、神戸製鋼グループに対する神戸製鋼本社部門の機能移管会社として、シェアードサービス事業（オフィス、PR、給与計算）,兵庫県神戸市中央区脇浜海岸通２丁目２番４号,239,1983,,小西光文,https://www.kobelco-kbp.jp/
第一電子株式会社,1140001004992,OA機器・IT機器の販売及びメンテナンス,兵庫県神戸市西区伊川谷町有瀬３０１番地,115,1972,,高取宏行,https://www.ddk.ne.jp/pages/555/
株式会社イナハラ,1140001006205,"ＩＴ・オフィス機器の販売と保守メンテナンス
オフィスデザインの提案",兵庫県神戸市中央区磯上通４丁目１番２６号,106,1949,,稲原達郎,https://www.inahara.co.jp/
尾道造船株式会社,1140001006741,船舶の建造ならびに修繕,兵庫県神戸市中央区江戸町１０４番地,417,1943,,中部隆,http://www.onozo.co.jp
川崎重工業株式会社,1140001005719,輸送用機器の製造、販売,兵庫県神戸市中央区東川崎町３丁目１番１号,14805,1896,,橋本康彦,http://www.khi.co.jp
共栄株式会社,1140001007137,鉄、非鉄金属、軽金属、並びにその屑の買入販売、及び加工販売,兵庫県神戸市中央区栄町通２丁目３番９号共栄ビル,146,1941,,久寳利幸,http://www.kyoyei.com/
株式会社ケイテック,1140001007384,モータサイクル及びジェットスキー等カワサキ製品の３Ｄモデリング、サービスマニュアル制作、ＣＧ制作、システム開発・運用・保,兵庫県明石市川崎町１番１号,320,1990,,北野正巳,http://www.ktec-akashi.co.jp/
光和管財株式会社,1140001007599,ビルメンテナンス事業,兵庫県神戸市中央区磯辺通３丁目２番１７号ＫＯＷＡワールド三宮ビル,114,1979,,光井勇,https://kowa-kanzai.co.jp/
株式会社ナガサワ文具センター,1140001009777,,兵庫県神戸市中央区三宮町１丁目９番１－１４０号,76,1947,,長澤宗弘,
株式会社ニチリン,1140001010033,ゴム製品製造販売業,兵庫県神戸市中央区江戸町９８番地１,530,,,曽我浩之,
株式会社神戸新聞社,1140001012021,,兵庫県神戸市中央区東川崎町１丁目５番７号,431,1931,,梶岡修一,
阪神内燃機工業株式会社,1140001010149,船舶用ディーゼル機関の設計・製造・販売・アフターサービス,兵庫県神戸市中央区海岸通８番地,288,1918,,木下和彦,https://www.hanshin-dw.co.jp/
株式会社ＯＫＡＭＵＲＡ,1140001012707,一般産業用機械器具部品等の販売・設計・製造・保守,兵庫県神戸市兵庫区七宮町１丁目１０番１号,86,1954,,岡村和幸,https://www.okamura-industry.co.jp
株式会社神戸工業試験場,1140001014570,,兵庫県神戸市兵庫区和田宮通３丁目２番２４号,434,1968,,鶴井昌徹,
株式会社トヨタレンタリース兵庫,1140001016534,,兵庫県神戸市長田区北町２丁目５番地,396,1967,,瀧川高章,
株式会社大伸,1140001013449,"〔印刷紙工事業部〕
企画プランニングから、幅広い印刷までトータルに。

〔包装事業部〕
包装資材から製品包装、品質管理及",兵庫県神戸市兵庫区塚本通４丁目１番１９号,498,1951,,石坪浩一,http://www.daishin-gr.co.jp/
フアーストリネンサービス株式会社,1140001017862,"リネンサプライ事業
クリーニング事業",兵庫県神戸市須磨区中落合２丁目２番５号,155,1982,,尾崎智史,
株式会社ウインウイン,1140001022532,"ヒューマン・リソース事業
(リクルート専属広告代理業・採用コンサルティング事業・採用代行サービス・人材紹介サービス・EQ",兵庫県神戸市中央区京町７９番地,107,2001,,魚谷勝,
ニッポンレンタカー北海道株式会社,1430001021109,自動車貸渡業務,北海道札幌市中央区南二条東１丁目１－１４,275,1971,,藤田裕一,https://www.nrgroup-global.com/hk/
株式会社神防社,1140001030329,,兵庫県神戸市中央区筒井町２丁目３番２２号,86,2008,,辻真一,
神栄テクノロジー株式会社,1140001027226,温湿度計測関連機器、各種試験機器の製造・販売,兵庫県神戸市中央区港島南町６丁目５番２,135,1985,,小山文也,http://www.shinyei.co.jp/stc/
ジャパンフィールド株式会社,1140001028777,"一般労働者派遣事業
有料職業紹介事業
警備業",兵庫県神戸市中央区八幡通３丁目２－５Ｉ・Ｎ東洋ビル２０３号室,161,2002,,高市秀藏,http://www.japan-field.co.jp
株式会社ＪＭＵアムテック,1140001039675,,兵庫県相生市相生５２９２番地,277,1990,,伊藤護,
ホシザキ北海道株式会社,1430001015639,各種厨房機器の販売及び修理メンテナンス,北海道札幌市白石区菊水一条４丁目１番８号,364,1978,,向浩司,https://www.hoshizaki-hokkaido.co.jp/
スプリングエイトサービス株式会社,1140001039709,,兵庫県たつの市新宮町光都１丁目２０番５号,154,1996,,山口竜也,
ピアサービス株式会社,1140001035377,ビルメンテナンス業,兵庫県明石市松の内１丁目１番地２６,340,1972,,岸本吉充,http://www.pierservice.co.jp
株式会社イボキン,1140001038603,"1、鉄、非鉄スクラップ収集運搬、加工、リサイクル
2、一般廃棄物の収集運搬、中間処理
3、産業廃棄物の収集運搬、中間処理",兵庫県たつの市揖保川町正條３７９番地,150,1984,,高橋克実,https://www.ibokin.co.jp
株式会社ＲＵＴＩＬＥＡ,1010703003272,,京都府京都市中京区下丸屋町３９７番地,78,2016,,矢野貴文,
株式会社東海近畿クボタ,1140001041037,"農業機械、施設一般、コイン精米機、生活関連機器の
販売、及び電動カートレンタル",兵庫県尼崎市浜１丁目１番１号,701,1962,,森藤雅隆,http://www.tokaikinki-kubota.co.jp
株式会社たけびし,1130001001272,電気機械器具卸売業,京都府京都市右京区西京極豆田町２９番地,435,1926,,岡垣浩志,
シライ電子工業株式会社,1130001001041,プリント配線板並びにプリント配線板外観検査機の設計・製造・販売,京都府京都市南区久世東土川町３６４番地１,387,,,五藤学,https://www.shiraidenshi.co.jp/
ダイニック株式会社,1130001001198,書籍装幀材、文具紙加工用品クロス、コンピュータリボン、名刺ハガキプリンタ、有機EL用水分除去シート、壁材、自動車内装材、,京都府京都市右京区西京極大門町２６番地,611,,,山田英伸,http://www.dynic.co.jp
任天堂株式会社,1130001011420,家庭用レジャー機器の製造・販売,京都府京都市南区上鳥羽鉾立町１１番地１,2648,,,古川俊太郎,http://www.nintendo.co.jp/
株式会社レボインターナショナル,1130001012055,,京都府京都市下京区綾小路通烏丸東入竹屋之町２５２番地１四条烏丸アーバンライフビル１０１,105,1999,,越川哲也,
内外エンジニアリング株式会社,1130001011313,建設コンサルタント（設計・測量）,京都府京都市南区久世中久世町１丁目１４１番地,309,1958,,吉原修,https://www.naigai-eng.co.jp
株式会社堀場製作所,1130001011676,3つの事業分野、「エネルギー・環境」、「バイオ・ヘルスケア」、「先端材料・半導体」における社会課題解決に貢献する分析・計,京都府京都市南区吉祥院宮の東町２番地,1776,1953,,足立正之,http://www.horiba.co.jp
株式会社キャリアパワー,1130001014217,人材派遣、業務委託,京都府京都市下京区三哲通西洞院東入東塩小路町８４３番地２,1400,1984,,木村光博,
佐々木化学薬品株式会社,1130001012716,化学薬品開発・製造・販売,京都府京都市山科区勧修寺西北出町１０番地,63,1958,,佐々木智一,http://www.sasaki-c.co.jp
株式会社エージェンシーアシスト,1130001013945,産業用機械部品の調達支援および検査,京都府久世郡久御山町佐古外屋敷６６番地の１,150,1994,,増井祐介,https://www.agency-assist.co.jp/recruit/
株式会社共栄薬研,1130001017005,,京都府京都市下京区富小路通松原下る本上神明町４５０番地,686,1978,,横松克美,
オムロン株式会社,1130001016824,制御機器・FAシステム、電子部品、公共・交通・セキュリティなどの研究開発・製造・販売,京都府京都市下京区塩小路通堀川東入南不動堂町８０１番地,5481,,,辻永順太,https://sustainability.omron.com/jp/
株式会社京進,1130001017021,【私たちは、全従業員の物心両面の豊かさを追求するとともに、日本と世界の教育・文化の向上、社会の進歩と善良化に貢献します】,京都府京都市下京区烏丸通五条下る大坂町３８２番地１,732,,,立木康之,https://group.kyoshin.co.jp/
株式会社エース,1130001016650,綜合建設コンサルタント,京都府京都市下京区七条通木屋町上る大宮町２０５番地,192,1966,,松川統久,https://www.pref.kyoto.jp/wlbsuisin/corp/pdf/N-196.pdf
株式会社ワコールキャリアサービス,1130001019323,労働者派遣事業,京都府京都市南区吉祥院中島町２９番地,385,1998,,小林喜秀,http://www.e-wacs.co.jp/
トヨタカローラ京都株式会社,1130001021849,"自動車販売（新車・中古車)
自動車整備
保険販売
情報通信機器販売",京都府京都市中京区西ノ京南大炊御門町１番地の１,408,1972,,山本宏樹,
ナカライテスク株式会社,1130001021948,,京都府京都市中京区二条通烏丸西入東玉屋町４９８番地,400,1958,,半井大,
株式会社ダイワ・セキュリティー・システム,1130001025528,警備業,京都府京都市西京区樫原下ノ町２３番地３,270,1996,,中井敬藏,
日本ニューロン株式会社,1130001037333,,京都府相楽郡精華町光台３丁目２番地１８,50,1983,,岩本泰一,
星和電機株式会社,1130001038463,情報表示システム、産業用照明機器、道路・トンネル照明機器、ノイズ対策製品、配線保護機材の製造販売,京都府城陽市寺田新池３６番地,613,1949,,増山晃章,http://www.seiwa.co.jp/
西武緑化管理株式会社,1012701000524,,埼玉県所沢市緑町１丁目１番１１号,109,1971,,赤土正浩,
埼玉トヨペット株式会社,1030001003329,,埼玉県さいたま市中央区上落合２丁目２番１号,1642,1956,,坂井俊哉,
太陽管財株式会社,1030001005250,,埼玉県さいたま市北区日進町３丁目８番地,300,1972,,齊藤敏雄,
株式会社島忠,1030001004269,"家具・インテリア雑貨（カーテン・カーペット・インテリア小物ほか）の小売業
ホームセンター商品（日用品・園芸・ペット・木材",埼玉県さいたま市中央区上落合８丁目３番３２号,5405,,,岡野恭明,http://www.shimachu.co.jp/
株式会社ハイデイ日高,1030001006892,,埼玉県さいたま市大宮区大門町２丁目１１８番地,1088,1956,,青野敬成,
株式会社丸電,1030001008006,,埼玉県さいたま市西区三橋５丁目１８３４番地１,90,1967,,丸山正,
株式会社むさしビルクリーナー,1030001008261,,埼玉県さいたま市浦和区常盤３丁目３番９号,487,1965,,坪井宣子,
株式会社パレスエンタープライズ,1030001006950,国際観光ホテル整備法に基づくホテル業,埼玉県さいたま市大宮区桜木町１丁目７番地５,200,1987,,佐々木圭,http://www.palace-omiya.co.jp
株式会社エクス・アドメディア,1030001014086,展示会・イベント会場設営の建設,埼玉県さいたま市南区内谷４丁目１１番２６号,70,2007,,中村俊宏,
株式会社オプトエレクトロニクス,1030001020927,,埼玉県蕨市塚越４丁目１２番１７号,58,,,野々垣龍哉,
株式会社アールキューブ,1030001027922,,埼玉県所沢市大字神米金４９０番地３,125,1996,,五留場仁バハラム,
埼玉西ヤクルト販売株式会社,1030001026924,,埼玉県入間市高倉５丁目１１番１号,131,1977,,青柳進,
株式会社アイチコーポレーション,1030001042723,,埼玉県上尾市大字領家字山下１１５２番地の１０,1076,1943,,山岸俊哉,
ニッポンレンタカー北関東株式会社,1030001044141,"カーレンタル事業
カーリース事業
中古車販売事業",埼玉県上尾市緑丘２丁目６番３号,478,2010,,山田貢,
ユー・エム・シー・エレクトロニクス株式会社,1030001044117,EMS(Electronics Manufacturing Service)企業として車載機器・ＯＡ機器から産業機器まで,埼玉県上尾市大字瓦葺７２１番地,580,,,大年浩太,http://www.umc.co.jp/
新報国マテリアル株式会社,1030001054909,,埼玉県川越市新宿町５丁目１３番地１,99,,,成瀬正,
株式会社オプトラン,1030001056764,,埼玉県鶴ヶ島市富士見６丁目１番１,87,,,範賓,
アイ・エム・アイ株式会社,1030001063447,,埼玉県越谷市流通団地３丁目３番１２号,266,1974,,林健,
旭産業株式会社,1030001060114,カーエアコン用コンプレッサ関連部品の精密加工,埼玉県本庄市沼和田９４８番地,64,,,牛久保尚志,https://www.asahi-sangyo.biz/news/20251023-970/
株式会社イハシエネルギー,1030001063604,石油類小売業,埼玉県越谷市流通団地１丁目１番２号,462,1998,,井橋英蔵,https://ihashi-hd.net
株式会社銚子丸,1040001001199,グルメ回転寿司事業,千葉県千葉市美浜区浜田２丁目３９番地,3287,,,石井憲,
興栄燃料株式会社,1040001002206,石油製品の卸小売、住宅設備機器の販売等,千葉県千葉市中央区新宿２丁目５番１０号,90,1950,,加藤聖教,http://www.koei-e.jp/
千葉テレビ放送株式会社,1040001004838,"◆テレビ番組の制作及び放送
◆地元報道機関としての報道活動
◆顧客の広告宣伝活動をプロデュースする業務
◆イベントの企画",千葉県千葉市中央区都町１丁目１番２５号,71,1970,,青柳洋治,https://www.chiba-tv.com/
株式会社エイシル,1040001009432,,千葉県千葉市中央区新町２４番地９,146,2003,,長谷川雄一,
オネスティオフィスサポート株式会社,1040001011735,,千葉県千葉市若葉区高品町１０７９番２,245,2007,,駒井祐子,
ＡＬＳＯＫ千葉株式会社,1040001008244,警備業,千葉県千葉市花見川区幕張本郷１丁目３番３３号,484,1975,,高野明,http://www.alsok-chiso.co.jp
船橋興産株式会社,1040001019365,廃棄物処理業,千葉県船橋市高瀬町３１番地２,110,1975,,高橋政行,https://funabashikousan.co.jp/
日本サービス株式会社,1040001036451,廃棄物処理業,千葉県松戸市主水新田４７６番地１０,66,1966,,染谷眞之,http://www.ns-k.co.jp/
株式会社丸長青果,1040001036988,,千葉県松戸市小金原６丁目１１番地５,52,1981,,長谷川大介,
株式会社ＮＴＴデータ・エム・シー・エス,1040001036848,"・コンピュータとその関連機器および情報通信ネットワーク利用によるデータ処理に関する受託業務
・コンピュータとその関連機器",千葉県松戸市松戸２０５９番地,116,1973,,飯塚浩,https://www.mcserve.co.jp/
イケア・ジャパン株式会社,1040001021866,ホームファニッシング商品の販売,千葉県船橋市浜町２丁目３番３０号５階,3600,2002,,ペトラファーレ,https://www.ikea.com/jp/ja/
株式会社ジェス,1040001042929,"ビルメンテナンス
人材派遣",千葉県成田市飯田町１０８番９佐野屋ビル２０１号,271,1995,,長谷川直行,
株式会社アイム,1040001042689,空港保安警備の事業,千葉県成田市本三里塚２２５番地１７,354,1990,,宮城盛保,
株式会社ＰＣＥＲ,1040001041971,,千葉県流山市鰭ケ崎４７４番地,70,1990,,小菅敏裕,
株式会社シー・エス・ランバー,1040001057646,,千葉県千葉市花見川区幕張本郷１丁目１６番３号,210,,,中井千代助,
鈴木建設株式会社,1040001061846,建設業・1級建築士事務所,千葉県旭市後草２３６４番地の３,50,1971,,鈴木和彦,
日本設備管理株式会社,1040001066176,ビルメンテナンス業,千葉県柏市高田１３７６番地,196,1971,,林克次,http://www.nihon-setsubi.co.jp/index.html
株式会社アイガー,1010001035258,広告業,東京都千代田区丸の内１丁目９番１号グラントウキョウノースタワー３６階,92,1990,,木田裕士,https://www.field.ne.jp/about/privacy.html
王子エンジニアリング株式会社,1010001039770,王子グループの技術統括業務並びに各種プラントの計画立案・設計・施工,東京都中央区銀座４丁目７番５号,305,1964,,村田英司,
イシグロ株式会社,1010001036925,各種バルブ及び総合配管機材商社,東京都中央区八丁堀４丁目５番８号,1042,1950,,石黒克司,http://www.ishiguro-gr.co.jp/
ザインエレクトロニクス株式会社,1010001044837,,東京都千代田区神田美土代町９番地１,86,,,南洋一郎,
日本紙通商株式会社,1010001045983,"○紙・板紙および紙・板紙関連製品の仕入販売 
○フィルムおよびフィルム関連製品の仕入販売 
○化学工業製品の仕入販売 
",東京都千代田区神田駿河台４丁目６番地,385,1979,,瀬戸昭裕,https://www.np-t.co.jp/
第一高周波工業株式会社,1010001048722,金属製品製造加工,東京都中央区日本橋馬喰町１丁目６番２号,484,1950,,平山鋼太郎,https://dhf.co.jp/
高橋カーテンウォール工業株式会社,1010001049480,プレキャストコンクリートカーテンウォールの設計、製造、施工,東京都中央区日本橋本町１丁目５番４号,192,,,高橋武治,https://www.t-cw.co.jp/
株式会社東洋経済新報社,1010001051874,デジタルメディア事業、雑誌事業、書籍事業、プロモーション事業、データ事業,東京都中央区日本橋本石町１丁目２番１号,327,1921,,山田徹也,https://toyokeizai.net/
東レプラスチック精工株式会社,1010001051932,,東京都中央区日本橋本石町４丁目６番７号,362,1961,,佐藤裕之,
株式会社東証コンピュータシステム,1010001051437,"■金融証券ソリューション
■IR支援サービス
■ITアウトソーシング
■情報セキュリティソリューション
■オフィスソリュ",東京都港区虎ノ門５丁目１３番１号虎ノ門４０ＭＴビル８階,171,1961,,竹林義修,https://www.tcs.co.jp/
東洋熱工業株式会社,1010001051916,管工事業,東京都中央区京橋２丁目５番１２号,843,1937,,谷口昌伸,http://www.tonets.co.jp/
株式会社ナンシン,1010001053053,キャスター、台車等製造販売,東京都中央区日本橋人形町１丁目１７番４号,169,,,諏訪隆博,https://www.nansin.co.jp/
株式会社ビッグアビリティ,1010001055157,,東京都渋谷区代々木２丁目１番１号,278,1982,,大原博,
西川株式会社,1010001053631,"●寝具、寝装品、インテリア用品、ベビー用品等の製造卸売業
●健康機器の製造卸売業
●宝石、貴金属の卸売業
●家具、室内装",東京都中央区日本橋富沢町８番８号,1200,1947,,西川康行,https://www.nishikawa1566.com/
株式会社廣瀬商会,1010001054927,"繊維を中心とした総合商社。
繊維、機械、化成品、防災用品、メディカル製品の販売・リースレンタル、企画、生産管理、
サービ",東京都中央区日本橋３丁目１番１７号,166,1961,,廣瀬慶太郎,http://www.hiroseshokai.co.jp
丸三証券株式会社,1010001057236,金融商品取引業,東京都千代田区麹町３丁目３番６,1112,,,菊地稔,
株式会社東京エコール,1010001059174,,東京都中央区日本橋横山町９番１５号,327,1964,,杉山一徳,
ミツワ電機株式会社,1010001058408,電設資材・住宅設備機器の総合商社,東京都中央区東日本橋２丁目２６番３号,909,1939,,嶋田博,https://www.mitsuwadenki.co.jp/
株式会社ヨネイ,1010001060074,機械器具卸売業,東京都中央区銀座２丁目８番２０号,148,1920,,大田健治,https://www.yonei.co.jp/ryouritsu.html
東京貿易テクノシステム株式会社,1010001061642,,東京都中央区京橋２丁目２番１号,128,1994,,水原弘人,https://www.tbts.co.jp/
日本検査キューエイ株式会社,1010001062013,,東京都中央区入船２丁目１番１号,200,1992,,児島明彦,
株式会社アヴァンティスタッフ,1010001061972,"総合人材サービス会社
・人材派遣
・人材紹介
・アウトソーシング
・一般研修
・語学研修",東京都中央区日本橋兜町６番７号,3000,1984,,黒川良太,http://www.avantistaff.com/
株式会社日本デザインセンター,1010001062302,広告・デザインの企画及び制作,東京都中央区銀座４丁目９番１３号,298,1959,,原研哉,http://www.ndc.co.jp
グローブシップ総合管理株式会社,1010001062434,総合ビル管理,東京都港区芝４丁目１１番３号,150,1973,,新井一広,https://www.gs-tm.jp/
株式会社ジェイック,1010001066022,,東京都千代田区神田神保町１丁目１０１番神保町１０１ビル７階,256,,,兼佐藤剛志,
株式会社第一ビルデイング,1010001065445,"・不動産の賃貸
・不動産の取得、所有および処分
・不動産の管理および賃貸借の受託
・不動産の仲介
・不動産に関する企画・",東京都品川区大崎１丁目２番２号,515,1956,,明石衛,http://www.dai-ichi-building.co.jp/
いちご株式会社,1010001068118,アセットマネジメント、心築、クリーンエネルギー事業,東京都千代田区丸の内２丁目６番１号,237,,,長谷川拓磨,https://www.ichigo.gr.jp/
株式会社一六堂,1010001065395,飲食店の経営,東京都中央区八重洲１丁目６番１号ＴＯＦＲＯＭ・ＹＡＥＳＵ・ＴＯＷＥＲ９階,270,,,柚原洋一,http://www.ichirokudo.com
株式会社パソナ,1010001067359,"・一般および特定労働者派遣業務
・再就職支援事業
・有料職業紹介事業
・インターネットを利用した広告、宣伝に関する企画、",東京都千代田区丸の内１丁目５番１号,3000,1988,,中尾慎太郎,http://www.pasona.co.jp/
株式会社ＮＴＴドコモ,1010001067912,"携帯電話事業を主な事業とし、その主要な営業種目は次のとおりです。
■通信事業
　携帯電話サービス（５G サービス、LTE",東京都千代田区永田町２丁目１１番１号,13896,1991,,吉澤和弘,http://www.nttdocomo.co.jp/
株式会社イーブックイニシアティブジャパン（閉鎖）,1010001069108,,東京都千代田区麹町１丁目１２番地１,211,,,高橋将峰,
株式会社ＩＤＯＭ,1010001069520,自動車販売、買取,東京都千代田区丸の内２丁目７番２号,4000,,,羽鳥由宇介（戸籍名：羽鳥裕介）,
株式会社プロシップ,1010001073852,ソフトウェアパッケージ開発・販売,東京都千代田区飯田橋３丁目８番５号,276,,,鈴木資史,http://www.proship.co.jp/
株式会社フェローテック,1010001075980,,東京都中央区日本橋２丁目３番４号,169,,,賀賢漢,
商船三井テクノトレード株式会社,1010001074512,船舶用の燃料油・潤滑油の販売、各種機器・資材・部品・通信関連機材の販売など,東京都千代田区神田錦町２丁目２番地１,182,1948,,福島正男,https://www.motech.co.jp/
株式会社ＫＰＭＧ　ＦＡＳ,1010001075808,サービス業（アドバイザリー）,東京都千代田区大手町１丁目９番５号,959,2001,,岡田光,https://home.kpmg/jp/ja/home/about/fas.html
株式会社ＲＤサポート,1010001078018,"■労働者派遣事業
■有料職業紹介事業
■シェアリング事業",東京都中央区銀座６丁目２番１号,250,1998,,大澤裕樹,https://www.rdsupport.co.jp/
株式会社アイ・ラーニング,1010001081896,,東京都中央区日本橋箱崎町４番３号,66,1990,,杉山真理子,
フロンティアコンストラクション＆パートナーズ株式会社,1010001083026,建設コンサルティング,東京都港区東新橋１丁目５番２号,1160,2001,,松村力,
レオス・キャピタルワークス株式会社,1010001082655,"投資運用業
投資助言・代理業
第二種金融商品取引業",東京都千代田区丸の内１丁目１１番１号,126,,,藤野英人,https://www.rheos.jp/
株式会社ライトワークス,1010001084197,,東京都千代田区麹町５丁目３番３号,150,1995,,江口夏郎,
株式会社トレードワークス,1010001085245,,東京都港区赤坂５丁目２番２０号,154,1999,,齋藤正勝,
ランスタッド株式会社,1010001084148,総合人材サービス（人材派遣、人材紹介、アウトソーシング、再就職支援）,東京都千代田区紀尾井町４番１号,2986,1980,,猿谷哲,https://www.randstad.co.jp/sdgs/diversity.html
東洋炭素株式会社,1120001050238,"1. 等方性黒鉛その他特殊炭素製品および一般カーボン製品の製造、販売および関連する加工事業
2. 炭素とセラミックス、金",大阪府大阪市西淀川区竹島５丁目７番１２号,961,1947,,兼兼近藤尚孝,http://www.toyotanso.co.jp/
日新興業株式会社,1120001057571,,大阪府大阪市淀川区三国本町１丁目１２番３０号,177,1945,,千種成一郎,
株式会社公文教育研究会,1120001054949,公文式教室・公文式学習法の普及,大阪府大阪市淀川区西中島５丁目６番６号,1983,1981,,田中三教,https://www.kumon.ne.jp/job/culture/environment.html
スミセイ情報システム株式会社,1120001056193,"システムコンサルティング
システム開発、運用管理
ＳＩ事業
ＥＲＰ事業
ネットワーク設計、運用
アウトソーシング
セキュ",大阪府大阪市淀川区宮原４丁目１番１４号,1567,1971,,松本誠,https://www.slcs.co.jp/
日本インターシステムズ株式会社,1120001059320,"(1)ＳＩ事業　　業務改革提案＆開発・受託
(2)ＦＥ事業　　フィールドエンジニアリング
(3)パッケージ事業　　医療機",大阪府大阪市北区曾根崎新地１丁目４番１２号,145,1980,,高橋徹,
エイチ・ツー・オーリテイリング株式会社,1120001059683,,大阪府大阪市北区角田町８番７号,24,,,荒木直也,
株式会社アイビックス関西,1120001059857,ビルメンテナンス業,大阪府大阪市西区京町堀１丁目４番１６号,277,1977,,中村幸広,
積水化学工業株式会社,1120001059650,樹脂加工製品の製造、販売,大阪府大阪市北区西天満２丁目４番４号,4062,1947,,清水郁輔,http://www.sekisui.co.jp
西日本旅客鉄道株式会社,1120001059675,"１．旅客鉄道事業 
２．関連事業（不動産賃貸業等） 
３．その他（病院等）",大阪府大阪市北区芝田２丁目４番２４号,30234,1987,,長谷川一明,https://www.westjr.co.jp/company/action/training/diversity/
朝日建物管理株式会社,1120001060014,総合ビルメンテナンス業,大阪府大阪市北区中之島２丁目３番１８号,1167,1957,,吉岡成人,https://www.asahitatemonokanri.co.jp/company/wap.html
株式会社パソナジョイナス,1120001062472,,大阪府大阪市北区梅田３丁目３番１０号,600,1998,,柚木憲一,
積水ハウス不動産株式会社,1120001062571,不動産の売買・仲介,大阪府大阪市北区大淀中１丁目１番３０号,1214,1977,,大高一朗,
株式会社きんでん,1120001063033,設備工事業,大阪府大阪市北区本庄東２丁目３番４１号,7692,1944,,上坂隆勇,
大成機工株式会社,1120001066556,,大阪府大阪市北区梅田１丁目１番３－２７００号,390,1948,,中村稔,
東洋紡エンジニアリング株式会社,1120001067827,"建物の設計・工事監理・施工。
プラント・環境エンジニアリングの設計・施工。
医用・環境機器の設計・製造販売。
情報・機器",大阪府大阪市北区堂島２丁目１番１６号,251,1969,,廣岡宗生,
株式会社ジェイエスエス,1120001064799,スイミングスクール、フィットネスクラブ等の運営・管理,大阪府大阪市西区土佐堀１丁目４番１１号,476,,,藤木孝夫,https://www.jss-group.co.jp/
阪神千代田株式会社,1120001069253,総合建物管理（清掃、設備管理、警備）,大阪府大阪市北区曾根崎新地２丁目６番１２号,242,1976,,渡邊倫人,
株式会社ＣＹＬＬＥＮＧＥ,1120001070120,,大阪府大阪市北区梅田３丁目３番１０号梅田ダイビル１２階,79,1980,,津島裕,
株式会社魚国総本社,1120001074930,"集団給食業
寮、研修所、保養所などの食堂運営および管理
食品の製造、加工および販売
厨房機器の販売および修理
衣料品、化",大阪府大阪市中央区道修町１丁目６番１９号,17683,1953,,田所伸浩,http://www.uokuni-s.co.jp/
小泉産業株式会社,1120001077413,,大阪府大阪市中央区備後町３丁目３番１１号,61,,,矢本博康,
井澤金属株式会社,1120001077347,,大阪府大阪市中央区南船場１丁目１３番１０号,280,1937,,井澤秀行,
株式会社関西アーバン銀行（閉鎖）,1120001076365,,大阪府大阪市中央区西心斎橋１丁目２番４号,2536,,,兼頭取橋本和正,
株式会社イムラ,1120001074740,"1.封筒・袋などの紙製品、文具等の製造・販売
2.不織布・フィルム等を素材とする封筒、袋類等の製造、販売
3.印刷物やダ",大阪府大阪市中央区難波５丁目１番６０号,802,1950,,井村優,http://www.imura.co.jp/index.html
株式会社リロエクセル,1120001075375,"グローバル人事サポート
グローバル研修
海外赴任者サポート
グローバル事業サポート
国際協力事業",大阪府大阪市中央区今橋３丁目１番７号,60,1990,,大黒誉典,http://www.rpei.co.jp/index.html
株式会社リヒトラブ,1120001077594,,大阪府大阪市中央区農人橋１丁目１番２２号,297,,,田中宏和,
キンセイマテック株式会社,1120001078320,工業用素材原料の製造販売,大阪府大阪市中央区平野町２丁目３番７号,137,1951,,高橋哲彦,http://www.kinseimatec.co.jp/
株式会社コノエ,1120001079491,ねじ全般と測量用品と関連機器の卸,大阪府大阪市中央区上汐２丁目６番１０号,162,1962,,河野裕,https://www.konoe.co.jp
株式会社コーユービジネス,1120001079599,ビジネスフォーム印刷 企画製造販売,大阪府大阪市中央区南本町１丁目６番２０号,397,1961,,森内康之,
シキボウリネン株式会社,1120001080945,,大阪府大阪市中央区備後町３丁目２番６号,300,1959,,南方理宏,
株式会社出版文化社,1120001081431,,大阪府大阪市淀川区西中島５丁目１３番９号,147,1986,,木戸清隆,
イオンディライト株式会社,1120001081381,ファシリティマネジメント事業,大阪府大阪市中央区南船場２丁目３番２号,5112,1973,,兼グループ濵田和成,https://www.aeondelight.co.jp/csr/social/d_and_i/
清和肥料工業株式会社,1120001082578,,大阪府大阪市中央区備後町４丁目３番４号,177,1950,,三宅誠二,
株式会社サイネックス,1120001079723,広告業、出版業、印刷業、情報関連事業,大阪府大阪市天王寺区上本町５丁目３番１５号,691,,,村田吉優,http://www.scinex.co.jp/
株式会社タクミナ,1120001083948,,大阪府大阪市中央区淡路町２丁目２番１４号,320,,,山田圭祐,
東邦レオ株式会社,1120001085408,建築・緑化資材の販売及び施工,大阪府大阪市中央区上町１丁目１番２８号,350,1965,,吉川稔,http://www.toho-leo.co.jp/
株式会社パルグループホールディングス,1120001087503,,大阪府大阪市中央区道修町３丁目６番１号,59,,,兼児島宏文,
株式会社バルニバービ,1120001087528,,大阪府大阪市西区南堀江１丁目１４番２６号,85,,,佐藤裕久,
株式会社チクマ,1120001084293,繊維製品の卸売業,大阪府大阪市中央区淡路町３丁目３番１０号,227,1916,,堀松渉,http://www.chikuma.co.jp/
株式会社日阪製作所,1120001087750,産業機械製造販売,大阪府大阪市北区曾根崎２丁目１２番７号,653,,,宇佐美俊哉,https://www.hisaka.co.jp/
株式会社翻訳センター,1120001089458,翻訳サービス,大阪府大阪市中央区久太郎町４丁目１番３号,521,1986,,二宮俊一郎,http://www.honyakuctr.com/
パーソルエクセルＨＲパートナーズ株式会社,1120001089788,人材サービス,大阪府大阪市北区堂島浜１丁目１番２７号,15991,1989,,伊藤卓郎,https://persol-hrpartners.co.jp/
株式会社マンダム,1120001090234,"化粧品・香水の製造および販売 
医薬部外品の製造および販売",大阪府大阪市中央区十二軒町５番１２号,762,,,兼西村健,http://www.mandom.co.jp/index.html
ミズノスポーツサービス株式会社,1120001090341,施設運営管理事業（受託施設、指定管理施設、直営施設等各種施設）、各種スポーツ教室事業、健康関連商品・運動プログラム開発販,大阪府大阪市中央区北浜４丁目１番２３号,2073,1989,,薬師寺洋彰,http://www.mizuno-sports-service.co.jp/company.html
株式会社三橋商会,1120001090515,"総合ビルメンテナンス業
・清掃管理業務
・設備業務
・グリーン管理業務",大阪府大阪市中央区本町２丁目３番１４号,374,1969,,高見いずみ,https://www.mitsuhashi-net.co.jp
株式会社ワークステーション,1120001092585,人材派遣・人材紹介業,大阪府大阪市西区阿波座１丁目４番４号,192,1984,,末吉淳子,
株式会社フュートレック（閉鎖）,1120001095092,,大阪府大阪市淀川区西中島６丁目１番１号,83,,,西田明弘,
株式会社レタス,1120001092346,受託ソフトウェア開発,大阪府大阪市中央区北浜２丁目５番２３号,52,1998,,松尾哲郎,https://www.letus.co.jp/
株式会社ウィル・インターナショナル,1120001094367,人材派遣業,大阪府大阪市北区堂島２丁目３番７号,250,2000,,井上明,
大阪有機化学工業株式会社,1120001093014,有機化学工業品・有機試薬品・医農薬中間体・石油化学製品・特殊ポリマーの製造販売、溶剤類の精製加工,大阪府大阪市中央区安土町１丁目８番１５号,467,,,安藤昌幸,http://www.ooc.co.jp/
株式会社タスクフォース,1120001098013,人材派遣業,大阪府大阪市北区梅田１丁目１２番１２号東京建物梅田ビル１４階,920,2001,,鳴川光平,
株式会社イオシス,1120001098434,,大阪府大阪市中央区博労町３丁目５番１号,138,1998,,中本直樹,
株式会社イチネン,1120001097972,自動車リース・メンテナンス・燃料販売事業,大阪府大阪市淀川区西中島４丁目１０番６号,302,2001,,黒田勝彦,http://www.ichinen.co.jp/
株式会社中日総合サービス,1180001037956,新聞折込広告の企画・制作、配布等一切の業務,愛知県名古屋市中区栄４丁目１４番５号松下中日ビル５階,102,1982,,古賀智宏,
ダイナパック株式会社,1180001037535,段ボール、印刷紙器、軟包装材および紙製緩衝材などの包装資材の製造、販売,愛知県名古屋市中区錦３丁目１４番１５号,882,,,齊藤光次,https://www.dynapac-gr.co.jp/csr/employees/index.html#LINK-C
株式会社ＦＯＶＡテック,1180001038459,OA機器販売、メンテナンス,愛知県名古屋市中区大井町４番１９号,200,1960,,杉本全隆,
富士ビジネス・マシンズ株式会社,1180001040299,事務用品および事務機器の販売,愛知県名古屋市中区千代田４丁目１３番２４号,53,1966,,林浩一郎,
株式会社ティーファス,1180001038566,"●総合ビル管理業
ビル総合管理／施設の建物管理・設備保守管理／環境衛生管理（空気環境測定・害虫駆除など）
清掃管理／抗菌",愛知県名古屋市中区錦３丁目２０番２７号,252,1987,,長島耕治,http://www.tfas.co.jp
株式会社エースベーキング,1180001045182,,愛知県清須市春日社子地６２番地,102,1965,,吉田昌容始,
株式会社宮崎,1180001045546,再生資源卸売業,愛知県清須市西須ケ口９３番地,807,1969,,梅田慎吾,
中央紙器工業株式会社,1180001045224,段ボール製造業,愛知県清須市春日宮重町３６３番地,186,,,山下雅司,http://www.mcpack.co.jp/
株式会社ＯＪＴソリューションズ,1180001051222,,愛知県名古屋市中区錦２丁目３番４号,110,2002,,山本正裕,
株式会社アビリブ,1180001056163,ＷＥＢ制作事業、システム開発事業、ＡＳＰ（予約システム）事業、モバイルソリューション事業、ＷＥＢコンサルティング事業他,愛知県名古屋市中区栄５丁目２８番１２号名古屋若宮ビル１１階,168,1999,,的場弘明,http://www.ab-net.co.jp/
ＮＤＳインフォス株式会社,1180001056171,"◆ビジネスアプリケーション開発
　お客様のビジネスフローに最適なシステム企画、開発
◆組込系ソフトウェア開発
　自動車系",愛知県名古屋市中区錦１丁目８番６号,265,2005,,富田康幸,https://www.nds-infos.co.jp/
東建コーポレーション株式会社,1180001054828,賃貸マンション、アパート、ワンイヤー（家具家電付一年賃貸）、貸店舗等の企画、設計、施工監理ならびに仲介、管理、経営代行業,愛知県名古屋市中区丸の内２丁目１番３３号,5445,,,兼左右田善猛,http://www.token.co.jp/
マスプロ電工株式会社,1180001067276,電気機械器具製造販売,愛知県日進市浅田町上納８０番地,517,1955,,端山佳誠,http://www.maspro.co.jp/
笹徳印刷株式会社,1180001069322,,愛知県豊明市栄町大脇７番地,342,,,杉山昌樹,https://www.sasatoku.co.jp/
株式会社コモ,1180001075799,,愛知県小牧市大字村中字下之坪５０５番地の１,162,1947,,木下克己,
岩田食品株式会社,1180001082184,食料品の製造・販売,愛知県一宮市萩原町松山５６６番地の８,880,1951,,岩田晃明,
オークマ株式会社,1180001081319,工作機械の製造・販売,愛知県丹羽郡大口町下小口５丁目２５番地の１,2304,,,家城淳,http://www.okuma.co.jp/
株式会社今仙電機製作所,1180001080700,自動車部品およびその他の輸送用機械器具部品の製造販売,愛知県犬山市字柿畑１番地,1669,,,長谷川健一,http://www.imasen.co.jp/index.html
東名通信工業株式会社,1180001086061,,愛知県稲沢市天池光田町１００番地３,110,1971,,波多野佳明,
三共電機株式会社,1180001085856,,愛知県稲沢市赤池東山町１３８番地,58,1987,,三橋進,https://3kyodenki.com/actions/index_health.html
ＮＫＫスイッチズ株式会社,1020001066839,,神奈川県川崎市高津区宇奈根７１５番地１,135,,,大橋智成,
セントラル総業株式会社,1020001067993,,神奈川県川崎市中原区上小田中２丁目３番６号,538,1930,,柳田則雄,
東芝電材マーケティング株式会社,1020001063613,"照明、建築材料、住宅設備機器および、これらの関連商品の販売ならびに修理
上記に関連する電気、電気通信および空調設備設置工",神奈川県川崎市幸区堀川町７２番地３４,801,1970,,菅野哲也,http://www.tsdm.co.jp
株式会社研空社,1020001064041,建設業（空調・衛生設備工事）,神奈川県川崎市多摩区宿河原１丁目２０番１１号,59,1985,,森上敬太,http://www.kenk.jp/
秋山商事株式会社,1020001071780,総合ビル管理,神奈川県川崎市川崎区南町２０番地３,499,1963,,保田英明,
富士通株式会社,1020001071491,通信システム、情報処理システムおよび電子デバイスの製造・販売ならびにこれらに関するサービスの提供,神奈川県川崎市中原区上小田中４丁目１番１号,35924,1935,,時田隆仁,https://www.fujitsu.com/jp/
株式会社日本海洋科学,1020001077159,海事コンサルタント業,神奈川県川崎市幸区堀川町５８０番地,170,1985,,樋口久也,
ＪＦＥ東日本ジーエス株式会社,1020001072119,"○総合ビルマネジメント
○施設管理
○セキュリティサービス（常駐、巡回、機械警備）
○造園・土木工事
○緑化維持管理
○",神奈川県川崎市川崎区池上新町３丁目４番３号,990,1972,,藤井久敬,http://www.jfe-hgs.co.jp
株式会社秀光,1020001077472,家具類製造・加工・販売,神奈川県川崎市幸区堀川町５８０番地,120,1947,,佐久間悠太,http://www.shukoh.co.jp/
東芝電波プロダクツ株式会社,1020001081053,レーダ等電波応用機器の製造・整備,神奈川県川崎市幸区小向東芝町１番地,599,1963,,古谷敏昭,
株式会社ニッツウ警備保障,1020001086432,,神奈川県川崎市多摩区登戸新町１３番地２,100,1993,,中野滋夫,
株式会社光洲産業,1020001077704,産業廃棄物の収集・処理,神奈川県川崎市高津区久地４丁目１０番１１号,200,1982,,光田興熙,http://www.koushuu-sangyou.com/
株式会社スマイルクルー,1020001094146,"労働者派遣事業、
有料職業紹介事業、
保育園及び学童保育運営・受託事業、
保育士、外国語講師の育成・指導及び養成に関する",神奈川県横浜市神奈川区栄町３番地４パシフィックマークス横浜イースト１１階,438,2012,,岡田純一,https://smilecrew.co.jp/
アイ・ティー・エックス株式会社,1020001108657,"1.移動体販売
2.固定通信回線
3.ソリューション事業
4.サービス＆ソリューション",神奈川県横浜市西区みなとみらい２丁目３番３号,2487,2014,,野尻幸宏,https://www.itx-corp.co.jp/company/health.html
株式会社グッドライフ,1021001000589,食料品・日用雑貨品小売業,神奈川県藤沢市鵠沼東２番３号,250,1992,,荒田栄作,
株式会社エイアンドティー,1021001002692,,神奈川県藤沢市遠藤２０２３番地１,607,1978,,三坂成隆,https://www.aandt.co.jp
株式会社クエリー,1021001019662,"情報処理サービス（ソフトウェア開発および受託）
コンピュータの導入および利用に関するコンサルティング
コンピュータ・通信",神奈川県横浜市西区みなとみらい４丁目６番２号みなとみらいグランドセントラルタワー４階,130,1996,,伊藤隆幸,https://www.query.jp/health/
株式会社オービーエム管財,1021001032459,ビル総合管理,神奈川県小田原市風祭７２番地１,319,1975,,杉崎勝彦,
株式会社西原商会九州,1290001038480,業務用総合食品卸,福岡県糟屋郡粕屋町戸原北４丁目１番１号,767,1996,,西原一将,
株式会社スマイル企画,1290001045015,,福岡県福岡市博多区綱場町７番１号ＦＯＲＣＡＳＴ博多呉服町９階,300,2009,,年岡裕也,
新生ビルメンテナンス株式会社,1290001048950,総合ビル管理,福岡県久留米市宮ノ陣４丁目３０番１号,260,1987,,園田繁博,http://www.sinsei-bm.com/
株式会社ＹＤＫテクノロジーズ,1021001022880,"環境計測事業
航海事業
航空・宇宙事業
燃焼事業
防衛事業",神奈川県秦野市曽屋５００番地,729,1960,,日比野隆也,https://www.ydktechs.co.jp/jp/
株式会社筑水キャニコム,1290001055179,農業用・土木建設用・林業用運搬車・草刈作業車及び産業用機械の開発製造販売,福岡県うきは市吉井町福益９０番地－１,311,1955,,包行良光,http://www.canycom.jp
株式会社平川燃料,1290001054387,SS事業他,福岡県大牟田市大字草木９９８番地１,231,1962,,平川一幸,https://www.hirakawa-1147.jp/
株式会社ＱＣＬ,1290001058636,,福岡県福岡市東区松島１丁目４４番１２号,639,2012,,瀧川秀則,
株式会社ザイマックス九州,1290001062968,"(1) 　不動産の所有、売買、賃貸、管理、仲介、コンサルティング及び鑑定
(2) 　オフィスビル・商業施設などの不動産に",福岡県福岡市博多区博多駅前４丁目２番１号,165,2013,,原田徹哉,
ＡＴＵホールディングス株式会社,1290001060575,警備にかかわる業務全般。施設来場者とその周辺の安全を守るお仕事、道路が混雑しないように人や車を案内するお仕事です。,福岡県福岡市博多区博多駅前４丁目３３番１号ＫＭビル３Ｆ,84,2012,,岩崎龍太郎,https://atu.co.jp/
キャタピラー九州株式会社,1290001079293,"キャタピラージャパン(株)九州地区特約販売店
キャタピラー社・キャタピラージャパン及び三菱重工製の建設機械（油圧ショベル",福岡県筑紫野市針摺東３丁目６番１号,442,2017,,林賢一,https://www.cat-kyushu.co.jp/
エイジス九州株式会社,1290001100091,"棚卸代行サービス
リテイルサポート",福岡県福岡市博多区金の隈２丁目２４番１０号,811,2023,,福田賢司,
株式会社九州ダイケン,1290001081183,ビルメンテナンス業,福岡県福岡市博多区住吉２丁目２番１号,663,2018,,中川内隆,http://www.kyushu-daiken.co.jp/
株式会社アウルズ,1290801000094,語学教育、通訳、翻訳、国際会議,福岡県北九州市小倉北区米町１丁目３番１０号一宮ビル７階,242,1989,,犬塚桂介,https://www.owlsone.co.jp/
福岡酸素株式会社,1290001049544,産業ガス・医療ガス・ＬＰガスの販売、高圧ガス関連機器・材料の販売、高圧ガス関連エンジニアリング、ソリューション事業,福岡県久留米市東町３３番地の２１,381,1919,,本間雄一,https://fksanso.co.jp/
東洋警備保障株式会社,1290801002636,,福岡県北九州市小倉北区今町１丁目１番４１号,160,1975,,岩崎徳男,
ＪＲ九州サービスサポート株式会社,1290801005366,,福岡県福岡市博多区博多駅中央街７番２１号,1768,1962,,森勝之,
ＴＯＴＯ株式会社,1290801002603,建築用設備機器の製造・販売,福岡県北九州市小倉北区中島２丁目１番１号,9463,,,田村信也,https://jp.toto.com/
濱田重工株式会社,1290801003064,鉄鋼事業、エンジニアリング事業、半導体事業,福岡県北九州市戸畑区牧山１丁目１番３６号,2038,1950,,松本豊,http://hamada-hi.com/
九州美装株式会社,1290801009128,,福岡県北九州市八幡東区昭和２丁目８番１５号,380,1960,,木村ゆみこ,
安全警備株式会社,1290801009573,,福岡県北九州市八幡西区筒井町５番５号,134,1975,,杉万隆,
株式会社ヤマックス,1290801007338,物流（運送事業・倉庫保管事業・人材派遣事業・宅配水事業）,福岡県北九州市小倉北区西港町１５番７７号,315,2005,,山田雄二,http://www.yamax-kokura.jp
鉄鋼処理産業株式会社,1290801012296,金属精錬業、製造業,福岡県北九州市若松区南二島２丁目２２番１１号,138,1981,,宜本繁紀,
株式会社アスモフードサービス東日本,1430001072317,,北海道札幌市中央区大通西１６丁目３番１２号,457,2016,,酒井純一,
函館環境衛生株式会社,1440001001621,,北海道函館市金堀町５番２３号,128,1958,,久保俊彦,
株式会社コンピューター・ビジネス,1450001001133,,北海道旭川市緑が丘東一条４丁目２番１４号,222,1963,,阿久津秀人,
株式会社トーホーエンジニアリング,1430002034968,建設コンサルタント業,北海道札幌市豊平区平岸二条６丁目１番１４号三慶ビル３階,102,2002,,大野光治,https://www.toho-engineering.jp/pages/33/
環境コンサルタント株式会社,1460001000241,,北海道釧路市錦町５丁目３番地,80,1972,,濱口憲太,
株式会社橋本川島コーポレーション,1450001002437,道路・河川・農業・森林・橋梁などの土木施工、道路舗装・維持管理、公共施設・ＭＳ・住宅を含む一般建築、アスベスト含有調査及,北海道旭川市旭町二条７丁目１２番地９０,161,1949,,橋本毅,https://www.hkcorp.co.jp/
株式会社只石組,1450001002032,総合建設業（道路維持、メンテナンス事業、土木事業、除排雪事業）,北海道旭川市東旭川町旭正３６２番地,81,1970,,坪井温志,http://www.tadaishi.jp/
東洋株式会社,1460101001189,,北海道帯広市西十条南９丁目７番地,150,1964,,角高紀,
北海道道路保全株式会社,1460101001627,,北海道帯広市西二十三条北１丁目１番１６号,69,1985,,土屋英之,
株式会社金田自動車,1450001003022,大型、小型自動車の修理、改造、販売,北海道旭川市末広東一条６丁目１番８号,50,1966,,金田一宏,http://www.kanetagroup.jp/
株式会社北土開発,1460101001569,土木工事業・建築工事業・産業廃棄物処理業　　・農業関連事業,北海道河西郡芽室町東六条１０丁目１番１,54,1968,,山田朝常,https://www.hokudo-kaihatsu.co.jp/
桑原電装株式会社,1460301000346,自動車電装品の販売修理・携帯電話の販売,北海道北見市豊地１番地１２,129,1979,,桑原賢史朗,
株式会社三共後藤建設,1460301001253,,北海道北見市北上７７７番地,58,1961,,後藤武史,
株式会社写真工芸社,1460301003167,"・写真撮影（商品・イベント・建築物・風景など）
・写真スタジオ運営
・民泊施設運営",北海道網走市南六条東３丁目２番地,98,1968,,中山寿一,https://www.syashinkougeisya.jp/
株式会社エーティック,2430001002181,建設コンサルタント,北海道札幌市西区二十四軒一条５丁目６番１号,99,1973,,舟田幸太郎,http://www.a-tic.co.jp/
株式会社エコニクス,2430001002289,土木工事の設計・監理、建設コンサルタント業務、環境アセスメント業務、自然科学・社会科学・産業分野における調査分析コンサル,北海道札幌市厚別区下野幌テクノパーク１丁目２番１４号,56,1973,,田中禎孝,http://www.econixe.co.jp/
共通Ｆロジ株式会社,2430001004673,"貨物自動車運送事業
倉庫業
倉庫及び工場内作業の請負業
自動車部品販売業
農・水産物仲介業及び販売業",北海道札幌市白石区平和通１１丁目北６番１９号,292,1966,,永原敏雅,http://www.kyotsu.co.jp
地崎商事株式会社,2430001010424,,北海道札幌市中央区北一条西３丁目３番地３１,142,1962,,若狭和彦,
株式会社日総,2430001012643,給食受託業,北海道札幌市東区東苗穂三条３丁目１番３１号,1520,1985,,平井英司,
株式会社電通北海道,2430001010952,広告業,北海道札幌市中央区大通西５丁目１１番地１,136,1994,,木村平,https://www.dentsu-hokkaido.jp/about/img/general_business_owner_action_plan_next.pdf
株式会社シビテック,2430001007651,建設コンサルタント業,北海道札幌市白石区東札幌二条５丁目８番１号,114,1980,,渡辺亮,https://www.civitec.co.jp/
札建工業株式会社,2430001006736,総合建設業,北海道札幌市北区北七条西６丁目２番地３４,137,1942,,坂本孝司,https://www.sakkenkogyo.jp/
株式会社ベルックス,2430001014425,総合ビルメンテナンス業,北海道札幌市中央区北五条西１２丁目２番地,1779,1962,,梶野弘毅,http://www.belx.jp
株式会社ムトウ,2430001016743,医療機器販売,北海道札幌市北区北十一条西４丁目１番１５号,2000,1949,,田尾延幸,https://www.wism-mutoh.jp/company/nextgeneration/
ライラック興業株式会社,2430001018120,下水道施設維持管理、建物清掃・設備保守管理業務等,北海道札幌市東区東雁来九条３丁目１番３０号,130,1981,,三浦伸一,
株式会社札幌映像プロダクシヨン,2430001019622,,北海道札幌市中央区北一条西８丁目１番地１ＳＴＶアネックス４階,123,1975,,明石英一郎,
株式会社サンコー,2430001019011,"情報処理加工業(複写・マイクロ・スキャニング・CAD
マッピング業務等)",北海道札幌市清田区北野二条３丁目１１番２２号,101,1963,,佐藤幸治,https://www.sancoh.co.jp/
札幌トヨタ自動車株式会社,2430001020191,自動車小売業,北海道札幌市中央区北一条西７丁目３番地８,824,1942,,相茶省三,http://www.sapporotoyota.co.jp/homepage.php
三井不動産リアルティ札幌株式会社,2430001020480,"（１）個人向け不動産仲介事業
　主に個人に対する住宅、土地などの仲介・コンサルティング
（２）法人向け不動産仲介事業
　",北海道札幌市中央区北二条西４丁目１番地,168,1993,,梅光伸行,http://www.mf-realty.jp/sapporo/
株式会社日本旅行北海道,2430001021116,一般旅行業,北海道札幌市中央区南一条西４丁目１６番地日本旅行札幌ビル,155,1994,,清水伸一,https://www.nta.co.jp/hokkaido/
札幌日信電子株式会社,2430001020233,"■信号機器、情報制御機器の製造、販売、設置ならびに保守・ 駅務システムの保守 
  　　・改札機・券売機・精算機・その他",北海道札幌市豊平区月寒東四条８丁目６番５号,111,1970,,田中弘之,http://www.sapporo-nisshin.co.jp/
エア・ウォーター産業・医療ガス株式会社,2430001022196,,北海道札幌市中央区北三条西３丁目１番地６,361,1982,,粕谷智樹,https://img-awi.co.jp/
丸彦渡辺建設株式会社,2430001023599,建設業,北海道札幌市豊平区豊平六条６丁目５番８号,502,1948,,鵜飼勇人,https://www.maruhiko.co.jp/
ネクスト・ワン株式会社,1140001043264,各種高圧ガス卸販売,兵庫県加古川市加古川町粟津８０５番地の３,200,1951,,新藤英治,https://www.next-1.co.jp/
株式会社ＭＣエバテック,1140001048230,"【炭素材事業】
　活性炭・高機能活性炭の開発・製造、活性炭再生
【精密洗浄事業】
　半導体・ＰＤＦ・太陽電池製造装置等の",兵庫県尼崎市潮江１丁目２番６号,479,1979,,山口洋史,http://www.mcet.co.jp/
日本スピンドル製造株式会社,1140001050327,産業機械、集塵装置、空調・冷熱機器の設計開発・製造・販売,兵庫県尼崎市潮江４丁目２番３０号,380,1949,,近藤茂雄,http://www.spindle.co.jp/company/woman.html
日本電子材料株式会社,1140001050335,半導体検査部品の開発・製造・販売,兵庫県尼崎市西長洲町２丁目５番１３号,602,,,坂田輝久,https://www.jem-net.co.jp/images/recruit/2023_joseikouhyou.pdf
株式会社日興商会,1140001050558,"印刷・事務用品販売業
オフィス家具・OA機器の販売",兵庫県尼崎市東難波町５丁目１０番３０号,650,1948,,藤縄修平,https://nikko.bunguclub.co.jp/
日本山村硝子株式会社,1140001054947,,兵庫県尼崎市西向島町１５番１,750,,,山村昇,
永井産業株式会社,1140001060318,紙類・化成品の卸売及び加工、製本、不動産賃貸、農業、太陽光発電,兵庫県姫路市北条宮の町３８５番地,73,1947,,永井敬裕,
ハリマ共和物産株式会社,1140001060846,日用雑貨卸売業、受託物流業,兵庫県姫路市飾東町庄３１３番地,863,,,土屋匡輝,
株式会社システムリサーチ,1140001056258,ソフトウェア開発・機器販売,兵庫県豊岡市日高町国分寺１５８番地１,126,1985,,山田良作,https://www.sr-co.co.jp/about/wlb.html
株式会社ワンステップ,1140001062280,,兵庫県姫路市北条口２丁目６６番地,150,1990,,橋本昌彦,
ヤマトスチール株式会社,1140001063741,鉄鋼製品ならびに重工加工品の製造・販売,兵庫県姫路市大津区吉美３８０番地,412,2003,,山内靖彦,http://www.yamatokogyo.co.jp/steel/index.html
新明和ソフトテクノロジ株式会社,1140001069045,,兵庫県西宮市田近野町６番８４号,182,1986,,吉村眞由美,
株式会社ジオテクノ関西,1140001068971,,兵庫県西宮市池田町１２番２０号,79,1965,,相原修,
阪神園芸株式会社,1140001070003,"造園工事業
緑地管理業
運動場の整備・設計・施工
公園等の指定管理業務",兵庫県西宮市甲子園浦風町１６番２４号,263,1968,,植村弘,https://www.hanshinengei.co.jp/
株式会社ＮＥＯ　ＤＡＩＳＥＩ,1140001077898,,兵庫県神戸市中央区栄町通２丁目４番１４号,118,2012,,平井良治,
株式会社ハイレックスコーポレーション,1140001081875,"①コントロール・システムの製造並びに販売 
②コントロール・システムの製造設備の設計、製造並びに販売 
③自動車、船舶、",兵庫県宝塚市栄町１丁目１２番２８号,904,,,寺浦太郎,http://www.hi-lex.co.jp/
西菱電機株式会社,1140001078509,"・防災情報通信システムの販売、保守等
・携帯電話、パソコン等情報通信端末の販売、修理等",兵庫県伊丹市藤ノ木３丁目５番３３号,420,1966,,西井希伊,http://www.seiryodenki.co.jp/
ヤンマー舶用システム株式会社,1140001083756,舟艇、船舶用エンジン、船舶用部品・関連機器の卸小売、並びにメンテナンス整備、修理他,兵庫県伊丹市中央３丁目１番１７号,390,2002,,前垣内敏郎,https://www.yanmar.com/jp/about/company/yms/
トレスエンジニアリング株式会社,2100001015489,,兵庫県加東市大門２９４番地３,66,1983,,六車徹,
株式会社山本清掃,2130001011948,,京都府京都市伏見区横大路千両松町１９６番地の１,99,1992,,山本智也,
ＳＧシステム株式会社,2130001010677,"・情報システムに関する企画、設計、開発、保守、運用業務
・労働者派遣事業
・情報処理機器、事務用機械および工業用機械類の",京都府京都市南区上鳥羽角田町２５番地,3376,1983,,丸山信二,http://www.sg-systems.co.jp/
日本新薬株式会社,2130001012236,医薬品・機能食品の製造及び販売,京都府京都市南区吉祥院西ノ庄門口町１４番地,1827,,,中井亨,https://www.nippon-shinyaku.co.jp/sustainability/esg/social/diversity_inclusion.php#anchor01
株式会社白鳩,2130001014736,オンラインショッピングサイトの運営,京都府京都市伏見区竹田向代町５０５番地,152,,,菅原知樹,https://www.shirohato.co.jp
株式会社ジェイ・エス・ビー,2130001017499,,京都府京都市下京区因幡堂町６５５番地,245,1990,,森高広,
株式会社地域計画建築研究所,2130001018043,"建設コンサルタント
建築設計",京都府京都市下京区四条通柳馬場西入立売中之町９９番地,97,1967,,中塚一,
株式会社演算工房,2130001020098,ソフトウェア業・測量機器等の販売,京都府京都市上京区智恵光院通中立売下る山里町２３７番地３,129,2001,,林稔,
株式会社サンコンタクトレンズ,2130001020932,眼科用医療機器製造販売,京都府京都市下京区中堂寺庄ノ内町４６番１,132,1971,,笹川泰弘,http://www.sun-con.com
ニチコン株式会社,2130001022029,"アルミ電解コンデンサ、フィルムコンデンサ、
正特性サーミスタ“ポジアール?”、Ｖ２Ｈシステム、
家庭用蓄電システム、ＥＶ",京都府京都市中京区烏丸通御池上る二条殿町５５１番地,581,1950,,森克彦,http://www.nichicon.co.jp/
ワールドビジネスセンター株式会社,2130001012070,システム運用管理、システム開発、ネットワークシステムの保守、コンピュータ及び周辺機器・消耗品等の販売、パッケージソフトの,京都府京都市南区西九条東御幸田町２５番２,634,1966,,萩原秀樹,http://www.wbc.co.jp/
株式会社トーセ,2130001030304,"家庭用ゲームソフトの企画・開発・運営
モバイル・インターネット関連コンテンツの企画・開発・運営",京都府乙訓郡大山崎町字下植野小字二階下１３番地,496,1979,,渡辺康人,
株式会社日新システムズ,2130001018398,"(1) 制御系・組込系ソフトウェアの受託開発
(2) ソフトウェアライセンスの販売
(3) ＥＭＳ関連機器、ネットワーク",京都府京都市下京区堀川通綾小路下る綾堀川町２９３番地の１,223,1984,,永井秀明,https://www.co-nss.co.jp/company/
京都電子計算株式会社,2130001023349,システム販売／パッケージソフト開発販売、ソフトウェア開発、アウトソーシングサービス、Webサイト構築、教育サービス、セキ,京都府京都市下京区木津屋橋通新町西入東塩小路町６０１番地ＮＵＰビルディング京都駅前,309,1964,,森口健吾,http://www.kip.co.jp
サイレックス・テクノロジー株式会社,2130001037373,ネットワーク・ワイヤレス技術を活かした製品の開発・製造・販売,京都府相楽郡精華町光台２丁目３番地１,245,1973,,三浦暢彦,http://www.silex.jp/
信和商事株式会社,2130001038082,古紙回収業,京都府八幡市八幡久保田１番地,92,1979,,中村貴敏,https://shinwasyouji.co.jp/company/about/
株式会社丹新ビルサービス,2130001041160,総合ビルメンテナンス業,京都府福知山市東羽合町１６４番地,121,1986,,新庄昭仁,https://tanshin-bs.co.jp/
株式会社ニチダイ,2130001038818,"精密鍛造金型の開発・製造・販売
精密部品の組立て
積層焼結金網フィルタの開発・製造・販売",京都府京田辺市薪北町田１３番地,383,,,伊藤直紀,http://www.nichidai.jp/
株式会社関東甲信クボタ,1030001072877,,埼玉県さいたま市桜区西堀５丁目２番３６号,563,1966,,冠康夫,
日東精工株式会社,2130001041813,金属製品製造業,京都府綾部市井倉町梅ケ畑２０番地,519,,,荒賀誠,https://www.nittoseiko.co.jp/
株式会社京滋マツダ,2130001024529,"自動車販売
自動車修理
自動車レンタル
損害保険代理業",京都府京都市南区吉祥院向田西町１番地,410,1982,,田嶋誠治,https://website.keiji-mazda.jp/
株式会社バッファロー,1030001076804,カー用品総合小売業,埼玉県川口市本町４丁目１番８号,405,,,営業本部長坂本裕二,
株式会社前澤エンジニアリングサービス,1030001082736,上下水道用機器・水処理装置の修繕・据付工事、維持管理,埼玉県川口市仲町５番１１号,307,1985,,絹笠淳,http://www.maezawa-es.co.jp
東日本メディコム株式会社,1030001087058,"・電子カルテ等、医療事務コンピューターの販売及びサポート
・医療機関及び調剤薬局用ソフトウェアの開発・販売
・Webを利",埼玉県行田市大字斎条１２８番地,194,1979,,松本運造,https://www.e-medicom.co.jp/
株式会社エイリイ・エンジニアリング,1030001089962,宇宙、航空機、船舶、車両搭載機器、通信、電子、電波、光学、環境関連機器の保守整備及び設計、製造、販売,埼玉県飯能市大字双柳１０５４番地,58,1978,,二ノ宮啓,https://www.alae.co.jp
株式会社グラファイトデザイン,1030001090714,"1.ゴルフクラブシャフトの製造・販売
2.ゴルフクラブの組立加工
3.その他炭素繊維(カーボン繊維)を使用した各種パイプ",埼玉県秩父市太田２４７４番地１,130,,,山田拓郎,https://www.gd-inc.co.jp/
関東建設マネジメント株式会社,1030001098427,,埼玉県さいたま市大宮区吉敷町４丁目２６２番地１６マルキュービル,600,2013,,藤田清二,
朝日アグリア株式会社,1030001135964,,埼玉県児玉郡神川町大字渡瀬２２２番地,180,2020,,中村紀之,
株式会社ＤＮＰデータテクノ,1050001028118,"■ IPS（Information Processing Solution）分野
請求書、お取引明細、ダイレクトメール、",埼玉県蕨市錦町４丁目５番１号,3196,1998,,中西祐幾,
朝日工業株式会社,2013301000418,,埼玉県児玉郡神川町大字渡瀬２２２番地,252,,,村上政徳,
株式会社テクアノーツ,1120901030611,潜水工事、浮体構造物や水草刈取船の設計・製作、水中ロボットによる水道施設メンテナンスなど水環境社会インフラの整備,埼玉県川口市芝下１丁目１番３号,150,1973,,稲葉靖規,https://www.tequanauts.co.jp/
ＡＧＳ株式会社,2030001000011,"情報処理サービス
ソフトウェア開発
その他情報サービス
システム機器販売",埼玉県さいたま市浦和区針ヶ谷４丁目３番２５号,800,1971,,中野真治,http://www.ags.co.jp
株式会社イマギイレ,2030001000820,建設機械器具賃貸業,埼玉県さいたま市西区大字内野本郷２１９番３,197,1973,,今給黎宣成,https://www.imagiire.co.jp/
株式会社スズキ自販埼玉,2030001004499,"スズキ軽四輪車、小型車の卸売・小売
中古自動車の卸売・小売
スズキセニアカー・電動車椅子の販売
自動車部品の販売
自動車",埼玉県さいたま市北区吉野町２丁目２２２番地１０,365,1965,,東智彦,https://www.suzuki.co.jp/dealer/sj-saitama/
日本環境クリアー株式会社,2030001006446,,埼玉県さいたま市大宮区桜木町１丁目１１番地９,900,1976,,杉山英司,
ビソー工業株式会社,2030001007106,,埼玉県さいたま市西区大字西新井５０５番地１２１,1000,1979,,戸張剛,
株式会社サイオー,2030001012551,,埼玉県さいたま市浦和区岸町７丁目１２番４号,850,1970,,橋本一憲,
富士共同物流株式会社,2030001010670,"一般貨物自動車運送業
貨物利用運送業
警備輸送業",埼玉県さいたま市浦和区上木崎３丁目９番６号,120,1989,,中村信也,http://www.fkb.co.jp
株式会社ツツミ,2030001021115,宝飾品・貴金属製品の製造・卸売・小売業,埼玉県蕨市中央４丁目２４番２６号,878,,,互智司,https://www.tsutsumi.co.jp
株式会社ビクセン,2030001024877,光学機器製造販売、,埼玉県所沢市東所沢５丁目１７番地３,102,1954,,新妻和重,
株式会社ピックルスコーポレーション,2030001024893,浅漬け漬物、キムチ、惣菜製造,埼玉県所沢市東住吉７番８号,1167,,,影山直司,http://www.pickles.co.jp/
マザーサンヤチヨ・オートモーティブシステムズ株式会社,2030001026675,輸送用機器及び関連部品等の研究・開発・製造・販売,埼玉県狭山市柏原３９３番地,892,,,可知浩幸,http://www.yachiyo-ind.co.jp/
株式会社奥井組,2030001026824,"運輸業
建設業（建築・土木等）
機械設置業
物流業",埼玉県入間市新光１９１番地１,180,1966,,奥井祐介,https://okuigumi.co.jp/
大成ラミックグループ株式会社,2030001031015,食品を中心とした液体・粘体自動充填用プラスチックフィルムおよび高速自動充填機ダンガンの開発・製造・販売,埼玉県白岡市下大崎８７３番地１,57,,,長谷部正,https://www.lamick.co.jp/
株式会社鴨川グランドホテル（閉鎖）,1040001074815,,千葉県鴨川市広場８２０番地,165,,,鈴木健史,
東日本イワタニガス株式会社,2010401057116,高圧ガス等の卸売業,千葉県市川市塩浜２丁目１７番地,228,2005,,上田恭久,https://www.hig-iwatani.co.jp/
ＪＦＥ環境テクノロジー株式会社,2010001144314,廃棄物処理施設における設計・調達・建設・運転管理・メンテナンス,千葉県千葉市美浜区中瀬２丁目６番地１,664,1985,,渡辺重世,http://www.jfe-et.co.jp/
株式会社ミック,2011101020553,,千葉県柏市若柴２２６番地４４中央１４１街区１,181,1976,,大谷純一,
株式会社エイド,2040001000836,,千葉県千葉市中央区新宿１丁目５番２３号,164,1991,,齋藤豊,
イオンリテール株式会社,2040001000456,総合小売業,千葉県千葉市美浜区中瀬１丁目５番地１,114984,2008,,古澤康之,http://www.aeonretail.jp/company/gaiyo.html
株式会社千葉銀行,2040001000019,普通銀行業,千葉県千葉市中央区千葉港１番２号,4366,,,頭取米本努,https://www.chibabank.co.jp/
新日本建設株式会社,2040001003186,総合建設業、不動産開発事業,千葉県千葉市美浜区ひび野１丁目４番３,587,,,髙見克司,https://www.shinnihon-c.co.jp
協和ビル管理株式会社,2040001001784,建物の総合管理業務,千葉県千葉市中央区汐見丘町１６番１１号,608,1977,,福田誠子,http://www.kyowakeibi.co.jp
イオンコンパス株式会社,2040001008549,旅行業,千葉県千葉市美浜区中瀬２丁目６番地１,270,1971,,城友美,http://www.aeoncompass.co.jp/
株式会社京葉ビル管理,2040001019257,"建築物の環境衛生管理、その他ビルメンテナンス業務
ハウスクリーニング
保安・防災管理業務
マンションの管理
日本語・外国",千葉県船橋市本町３丁目２２番２２号,180,1978,,松山典夫,
株式会社市進ホールディングス,2040001025619,学習塾、介護事業等の運営補佐,千葉県市川市八幡２丁目３番１１号,157,1979,,福住一彦,
株式会社加藤新聞舗,2040001025932,,千葉県市川市市川２丁目４番９号,230,1967,,加藤憲一,
株式会社サンリツ,2040001020768,"臨床検査
食品衛生検査
衛生点検
理化学検査",千葉県八千代市上高野１３５３番地２５,427,1968,,伊丹淳,http://www.san-g.com/
株式会社一家ダイニングプロジェクト,2040001027978,飲食事業、ブライダル事業,千葉県市川市東大和田２丁目４番１０号,1875,,,武長太郎,https://ikkadining.co.jp/company/
株式会社マツキヨココカラ＆カンパニー,2040001040238,,千葉県松戸市新松戸東９番地１,100,,,松本清雄,
マブチモーター株式会社,2040001036954,小型モーターの製造販売,千葉県松戸市松飛台４３０番地,900,,,高橋徹,https://www.mabuchi-motor.co.jp/csr/employees/balance.html
サンコーテクノ株式会社,2040001040188,建設資材（あと施工アンカー・ドリルビット・ファスナー等）、複合材、防水材、各種測定器の企画開発・製造・販売・施工および輸,千葉県流山市南流山３丁目１０番地１６,444,,,洞下英人,http://www.sanko-techno.co.jp/
岩渕薬品株式会社,2040001046615,医薬品の卸売業,千葉県佐倉市鏑木町５１番地,499,1948,,岩渕琢磨,http://www.iwabuchi-net.co.jp/
ダイハツ東京販売株式会社,1010001086185,"自動車、その他周辺商品の販売
自動車の修理・点検
顧客様への点検等のご案内など管理",東京都中央区月島２丁目１５番１号,744,1983,,武田裕介,http://dd.daihatsu.co.jp/Dtokyo/
加賀ソルネット株式会社,1010001087332,コンヒ?ュータ・システムの導入及ひ?機器・ソフトウェアの販売・サホ?ート、ハ?ソコン関連商品、映像関連商品、AV関連商品,東京都中央区八丁堀３丁目２７番１０号,200,1995,,熊部光洋,
千葉ビル・メンテナンス株式会社,2040001054287,ビル総合管理,千葉県市原市君塚３丁目８番地１９,398,1972,,岡澤正博,https://www.chibabill.jp/
サミットエナジー株式会社,1010001087737,国内における発電事業の企画・開発と統括管理および小売電気事業,東京都千代田区内神田２丁目３番４号,95,1990,,小林政司,https://www.summit-energy.co.jp/
テプコ・ソリューション・アドバンス株式会社,1010001086672,"情報処理サービス事業、電気等の売買,供給",東京都港区芝３丁目２番１８号,2352,1999,,種橋章,https://www.tepco-sa.co.jp/ssl/
株式会社プレステージ・インターナショナル,1010001089262,"BPO（ビジネス・プロセス・アウトソーシング）事業
・オートモーティブ事業
・プロパティ事業
・グローバル事業
・ワラン",東京都千代田区麹町２丁目４番地１,4295,,,グループ玉上進一,http://www.prestigein.com/index.html
田辺薬局株式会社,1010001090468,調剤薬局の運営,東京都中央区築地４丁目３番８号,623,1984,,佐藤淳一,http://www.tnb.co.jp/
株式会社セブン－イレブン・ジャパン,1010001088181,コンビニエンスストアのフランチャイズチェーン本部,東京都千代田区二番町８番地８,8064,1939,,阿久津知洋,http://www.sej.co.jp/
古河産機システムズ株式会社,1010001087927,荷役運搬設備、破砕設備、粉砕設備、環境設備、ポンプ設備、鋼構造物などの製造・販売・施工,東京都千代田区大手町２丁目６番４号,478,2004,,岩間和義,https://www.furukawa-sanki.co.jp/
セントラルコンサルタント株式会社,1010001088264,建設コンサルタント（土木、都市計画、造園、建築等の調査、計画、設計及び施工管理）,東京都中央区晴海２丁目５番２４号,545,1967,,中田健一,https://www.central-con.co.jp/
ＥＮＥＯＳグローブ株式会社,1010001090889,液化石油ガスの輸入・販売、新エネルギー関連機器の販売,東京都千代田区永田町２丁目１１番１号,211,2004,,江澤和彦,http://www.eneos-globe.co.jp/
アイティメディア株式会社,1010001092299,,東京都千代田区紀尾井町３番１２号,339,,,兼小林教至,
株式会社三友システムアプレイザル,1010001094048,,東京都千代田区平河町１丁目２番１０号,163,1980,,谷秀千代,
ヤマト運輸株式会社,1010001092605,宅急便を中心とした一般消費者・企業向け小口貨物輸送サービス事業、その他物流事業全般および関連事業,東京都中央区銀座２丁目１６番１０号,158295,2005,,阿波誠一,http://www.kuronekoyamato.co.jp/
グローウィン・パートナーズ株式会社,1010001094857,,東京都千代田区紀尾井町１番３号,101,2004,,佐野哲哉,
第一三共株式会社,1010001095640,医療用医薬品の研究開発、製造、販売等,東京都中央区日本橋本町３丁目５番１号,8525,,,奥澤宏幸,http://www.daiichisankyo.co.jp/
株式会社セブン＆アイ・ホールディングス,1010001095203,コンビニエンスストア・総合スーパー・百貨店・食品スーパー・フードサービス・金融サービス・ＩＴ／サービス各事業を中心とした,東京都千代田区二番町８番地８,1017,,,最高経営責任者（）スティーブン・ヘイズ・デイカス,http://www.7andi.com/
スローガン株式会社,1010001096077,人材紹介業,東京都港区南青山２丁目１１番１７号,121,,,仁平理斗,https://www.slogan.jp/news/2023/0424-1852/
株式会社ケンツー,1010001098247,,東京都千代田区岩本町２丁目５番１２号,260,2006,,山田佑樹,
日鉄物流株式会社,1010001098619,"海上輸送
自動車輸送
港湾物流
構内物流（工場内物流）",東京都中央区日本橋１丁目１３番１号,6518,2006,,米澤公敏,
アウトルックコンサルティング株式会社,1010001098759,,東京都港区南青山３丁目１番３号スプライン青山東急ビル,80,2006,,平尾泰文,
株式会社ぎょうせい,1010001100425,"●図書総合
　法令関連の書籍を中心に、時宜にかなった書籍を企画・編集・出版
●システム
　法令・例規関連システムをはじめ",東京都中央区銀座７丁目４番１２号,713,1970,,西本功二,https://gyosei.jp/
株式会社バリューデザイン,1010001101786,,東京都中央区京橋３丁目１番１号,74,2006,,尾上徹,
株式会社クロスパワー,1010001103634,"業務としては、企業年金システム・証券会社向けパッケージ開発・社内資産管理システム等、企業向け業務を行っております。
PC",東京都千代田区外神田１丁目１６番８号ＧＥＥＫＳＡＫＩＨＡＢＡＲＡ３階,160,2006,,大江龍介,
株式会社クリーク・アンド・リバー社,1010001101101,"エージェンシー事業（派遣・紹介）
プロデュース事業（請負・アウトソーシング）
ライツマネジメント事業（知的財産）
教育事",東京都港区新橋４丁目１番１号,2049,1990,,黒崎淳,https://www.cri.co.jp/sustainability/
日本リック株式会社,1010001101679,人材サービス業、福祉介護事業,東京都千代田区飯田橋４丁目８番１３号,210,1984,,日高一隆,https://www.nipponrick.co.jp/
Ｘｓｐｅａｒ　Ｃｏｎｓｕｌｔｉｎｇ株式会社,1010001103304,"事業戦略、テクノロジーに関するビジネスコンサルティング事業
労働者派遣に関する事業＜労働者派遣事業許可(派 13-302",東京都港区虎ノ門１丁目２３番１号,250,1998,,早田政孝,https://www.simplex.holdings/sustainability/
サインポスト株式会社,1010001107305,,東京都中央区日本橋本町４丁目１２番２０号,213,2007,,蒲原寧,
株式会社トライ・アットリソース,1010001107536,,東京都千代田区九段北１丁目６番４号,1533,2004,,高橋義定,
株式会社セントラルユニ,1010001103857,医療設備機器の製造及び販売,東京都千代田区西神田２丁目３番１６号,221,1951,,河村将之,http://www.central-uni.co.jp/
株式会社クマヒラ,1010001108872,,東京都中央区日本橋室町２丁目１番１号,710,1944,,渡邉秀隆,
株式会社アミファ,1010001110663,ライフスタイル雑貨卸売業,東京都渋谷区神宮前５丁目５２番２号,65,,,藤井愉三,http://www.amifa.co.jp/
リコージャパン株式会社,1010001110829,ドキュメントソリューションをベースとした、リコーのデジタル複写機、プリンター、ネットワーク関連商品、消耗品の販売、及び機,東京都大田区中馬込１丁目３番６号,16420,1959,,笠井徹,https://jp.ricoh.com/companies/ricoh-japan/our-workstyle
株式会社アミット,1010001112214,翻訳・通訳派遣・海外調査,東京都中央区日本橋兜町１３番１号兜町偕成ビル別館９Ｆ,54,2006,,芦塚洋美,https://recruit.amitt.co.jp/
株式会社昭和メディカルサイエンス,1010001112338,臨床検査受託業,東京都千代田区麹町４丁目７番５号,730,1979,,氏家永一郎,http://www.sms.co.jp
ＳＭＦＬレンタル株式会社,1010001114136,"パソコン・ワークステーション等IT機器のリースおよびレンタル、売買、IT機器導入支援・保守等オプションサービス
電子計測",東京都千代田区一ツ橋２丁目１番１号,206,1978,,大村尚之,https://www.smfl-r.co.jp
日本郵便株式会社,1010001112577,郵便業務、銀行窓口業務、保険窓口業務、印紙の売りさばき、地方公共団体からの受託業務、前記以外の銀行業、生命保険業及び損害,東京都千代田区大手町２丁目３番１号,331994,2007,,小池信也,http://www.post.japanpost.jp/
株式会社チームスピリット,1010001116826,,東京都千代田区内幸町２丁目１番６号,205,1996,,道下和良,
タイムズサービス株式会社,1010001115423,"『駐車場総合管理』
無人時間貸駐車場の機器メンテナンス及び、巡回、清掃、駐車場管理コンサルティング、駐車場有人管理 、駐",東京都品川区西五反田２丁目２０番４号,2498,1992,,川上紀文,https://www.park24.co.jp/company/timesservice/
三機テクノサポート株式会社,1010001116842,建築設備工事業,東京都中央区明石町８番１号,231,1980,,朝日義之,http://www.sanki.co.jp/sts/
リックソフト株式会社,1010001124218,ソフトウェア開発,東京都千代田区大手町２丁目１番１号,87,2005,,大貫浩,
オフィスコム株式会社,1010001125570,,東京都千代田区九段北４丁目１番７号,196,2007,,室木剛,
フロンティア・マネジメント株式会社,1010001121867,経営コンサルティング事業・ファイナンシャル・アドバイザリー事業・再生支援事業・制度関連助言業務・教育研修事業・資金支援業,東京都港区六本木３丁目２番１号,433,2007,,（）大西正一郎,https://www.frontier-mgmt.com/
サンライズ・エンジニアリング株式会社,1010001123335,電気工事業、電気通信工事業,東京都中央区日本橋小舟町２番９号,171,1980,,馬場誉一,https://sec-sunrise.co.jp/
商船三井興産株式会社,1010001126189,ビル総合管理、マンション・寮などの運営管理、不動産業、保険代理店業務,東京都港区虎ノ門２丁目３番１７号,383,1977,,中島孝,http://www.mo-kosan.co.jp/
日本アイ・ビー・エム株式会社,1010001128061,"情報システムに関わる製品、サービスの提供。
世界170カ国でITシステムの構築・保守運用の一貫サービスを行っています。",東京都港区虎ノ門２丁目６番１号,9400,1937,,山口明夫,http://www.ibm.com/jp/ja/
ソフトブレーン株式会社（閉鎖）,1010001132006,,東京都中央区日本橋１丁目１３番１号,141,,,豊田浩文,
ＪＣＯＭ株式会社,1010001132055,"・ケーブルテレビ局の統括運営を通じた有線テレビジョン放送事業及び電気通信事業
・ケーブルテレビ局及びデジタル衛星放送向け",東京都千代田区丸の内１丁目８番１号,15672,1995,,岩木陽一,https://www.jcom.co.jp/corporate/sustainability/well_being/health/#attempt
株式会社エー・エム・サポート,1010001133763,,東京都千代田区神田三崎町３丁目３番１２号少年画報ビル６階,150,2010,,山口和哉,
株式会社コンステック,1120001108515,,大阪府大阪市中央区北浜東４番３３号,321,1969,,茶家義明,
バルテス・ホールディングス株式会社,1120001107293,,大阪府大阪市西区阿波座１丁目３番１５号,114,2004,,兼田中真史,https://www.valtes-hd.co.jp/
株式会社ＧＳＰ,1120001107450,,大阪府大阪市西区新町１丁目２７番５号,54,2004,,竹上喜一郎,https://www.mic-west.co.jp/gsp/
パナソニックデジタル株式会社,1120001110280,情報サービス,大阪府大阪市北区末広町２番４０号,2200,1999,,阿部裕,https://panasonic.co.jp/is-c/
ＭＲＫホールディングス株式会社,1120001120362,,大阪府大阪市北区大淀中１丁目１番３０号,56,,,塩田徹,
株式会社キングプリンターズ,1120001122177,出版・印刷業,大阪府大阪市西淀川区千舟２丁目１０番２１号,113,1999,,上山健,
株式会社カスタマーリレーションテレマーケティング,1120001123274,,大阪府大阪市北区曾根崎１丁目２番９号,3589,2007,,伊藤佳奈子,
株式会社イーエフユーアドウィス,1120001129651,,大阪府大阪市北区中之島２丁目３番３３号,144,2008,,加藤文和,
株式会社トライトエンジニアリング,1120001131178,,大阪府大阪市北区曾根崎２丁目１２番７号,2166,2004,,笹井英孝,https://tryt-group.co.jp/sustainability/human/
ダイキンＭＲエンジニアリング株式会社,1120001133315,"船舶用空調装置エンジニアリング
船舶用冷凍装置エンジニアリング",大阪府大阪市淀川区西中島５丁目５番１５号,127,2008,,鶴田幸大,https://www.dmre.daikin.co.jp/
株式会社アクティブゲーミングメディア,1120001139972,,大阪府大阪市西区靱本町１丁目１２番６号,90,2008,,ビーニヤス・アメストイ・イバイ,
株式会社アド近鉄,1120001143421,"○　広告（テレビ・ラジオ・新聞・雑誌・交通広告、セールスプロモーション、マーケティング、映像・音響）
○　ネットビジネス",大阪府大阪市天王寺区生玉町３番１０号,287,2010,,村上正浩,
株式会社エクセディ,1120001147463,,大阪府寝屋川市木田元宮１丁目１番１号,3729,,,吉永徹也,
エクスポート・ジャパン株式会社,1120001129008,多言語によるWebサイトの企画、制作、コンサルティング、マーケティング／外国語コンテンツ制作／訪日外国人向け日本情報サイ,大阪府大阪市中央区北浜３丁目６番２２号,53,2000,,高岡謙二,https://www.export-japan.co.jp/
株式会社ｅＷｅＬＬ,1120001171257,情報サービス業,大阪府大阪市中央区久太郎町４丁目１番３号,90,,,中野剛人,
株式会社プロディライト,1120001146779,モバイルシステム開発・販売,大阪府大阪市中央区高麗橋３丁目３番１１号淀屋橋フレックスタワー２階,55,,,小南秀光,http://www.prodelight.co.jp/
株式会社サンユウ,1120001149666,"みがき棒鋼の製造、加工及び販売
冷間圧造用鋼線の製造、加工及び販売",大阪府枚方市春日北町３丁目１番１号,203,,,喜多章,http://www.sanyu-cfs.co.jp
奥村機械株式会社,1120001155391,建設機械の賃貸・販売・メンテナンス業,大阪府守口市佐太中町２丁目５番３号,270,1964,,奥村弘幸,https://www.okumura-kikai.co.jp
株式会社Ｄｅｆ　ｔｒｉｂｅ,1120001176149,"経営コンサルティング業務
システムコンサルティング業務
システム開発全般
IT技術教育",大阪府大阪市西区靱本町１丁目１２番４号信濃橋東洋ビル７階,150,2013,,河野浩明,https://www.e-deftribe.com/
株式会社ＳｃｅｎｅＬｉｖｅ,1120001163130,"・業務効率化アプリケーション等の製品開発、運用
・IP電話ソリューションシステム開発
・WEBマーケティング
・その他コ",大阪府大阪市中央区備後町３丁目４番１号,75,2011,,磯村亮典,https://scene-live.com/
株式会社ディスカバリー,1120001194092,"デジタルマーケティング支援
クリエイティブ・制作
通販支援
キャスティング
プロダクト・メディア開発・運営",大阪府大阪市中央区安土町１丁目８番１５号,141,2015,,篠木隆秀,https://discovery-inc.com/
八翔ビル管理株式会社,1120001220674,,大阪府大阪市大正区三軒家東１丁目１７番２６号,98,2019,,田中大翔,https://hassho-build.com/
瀧上工業株式会社,1180001089667,金属製品製造業,愛知県半田市神明町１丁目１番地,307,,,瀧上晶義,
愛三工業株式会社,1180001092357,自動車部品の製造・販売,愛知県大府市共和町１丁目１番地の１,2905,,,経営役員加藤貴己,https://www.aisan-ind.co.jp/
株式会社アペックス,1180001092373,"自動販売機による飲料等販売（飲料自販機オペレーター）

行動計画については、グループ内下記の会社にて適用。
・株式会社ア",愛知県大府市柊山町２丁目４１８番地,1319,1963,,石原豊史,https://www.apex-co.co.jp/
大和機工株式会社,1180001092588,建設機械・産業機械・電子機器等の製造、販売、修理、リース,愛知県大府市梶田町１丁目１７１番地,180,1954,,小森谷尚久,http://www.daiwakiko.co.jp/
ＣＳ警備保障株式会社,1180001101786,警備業,愛知県名古屋市千種区千種通６丁目３１番地の２,53,2011,,浅井建次,
株式会社はな保育,1180001106348,,愛知県名古屋市中区丸の内１丁目５番２８号伊藤忠丸の内ビル８階,511,2012,,加藤義人,
株式会社スリール,1180001105639,人材総合サービス業,愛知県名古屋市中区栄２丁目２番２３号,90,2012,,加藤勇人,
名南Ｍ＆Ａ株式会社,1180001116041,,愛知県名古屋市中村区名駅１丁目１番１号ＪＰタワー名古屋,71,,,篠田康人,
名鉄交通第四株式会社,1180001120646,,愛知県名古屋市西区あし原町１５４番地,380,2015,,浅野丈夫,
株式会社セントレック,1180001116025,国等が発注する土木関係の業務における施工管理、維持管理、許認可事務、資料作成等の社会資本整備事業を支える公共的な業務です,愛知県名古屋市瑞穂区新開町２１番１０号,58,2014,,柴田和範,https://www.centrec.co.jp/hp/
中部電力パワーグリッド株式会社,1180001135974,一般送配電事業　など,愛知県名古屋市東区東新町１番地,11451,2019,,清水隆一,https://www.chuden.co.jp/csr/div_woman/
株式会社中日ＫＵＢＡＲＵ,1180001151583,,愛知県名古屋市中区栄４丁目１４番５号松下中日ビル５階,159,2022,,古賀智宏,
株式会社あいちフィナンシャルグループ,1180001153290,,愛知県名古屋市中区栄３丁目１４番１２号,186,,,伊藤行記,
株式会社イエローハット,1010001126172,,東京都大田区北千束１丁目４番６号,4690,,,木村昭夫,http://www.yellowhat.jp/
ＮＤＳキャリア株式会社,1180001141832,"人材派遣事業
人材紹介事業",愛知県名古屋市中区大須４丁目１１番３９号,600,2020,,奥村敏之,https://www.nds-career.co.jp/
竹田印刷株式会社,1180001150742,印刷・製本、企画・制作、文具等ネット販売,愛知県名古屋市昭和区白金１丁目１１番１０号,465,2023,,細野浩之,https://www.takeda-prn.co.jp/
ヒューマンズ・ネット株式会社,1021001033060,,神奈川県小田原市本町１丁目４番７号朝日生命小田原ビル,206,1997,,柴崎正三,
富士ソフト株式会社,2010001246985,"業務システム開発・組み込み系ソフト開発
・アウトソーシング・プロダクト＆サービス他",神奈川県横浜市中区桜木町１丁目１番地,10158,2024,,室岡光浩,http://www.fsi.co.jp/index.html
株式会社メイテックグループホールディングス,1180001027412,エンジニアリングソリューション事業,神奈川県厚木市森の里青山１５番１号,8345,,,上村正人,http://www.meitec.co.jp/
株式会社東芝,2010401044997,エネルギー・社会インフラ・電子デバイス・デジタルソリューションの4つの事業領域で、さまざまな製品・サービスをグローバルに,神奈川県川崎市幸区堀川町７２番地３４,9430,1904,,島田太郎,https://www.global.toshiba/jp/sustainability/corporate/social.html
ムラタ計測器サービス株式会社,2020001008096,環境計量証明業,神奈川県横浜市戸塚区秋葉町１５番,107,1972,,村田叔彦,
株式会社図研,2020001008807,製造業における製品設計・開発業務全体の高度化・最適化を支援する、各種ITシステムの開発・製造・販売や、コンサルティングサ,神奈川県横浜市都筑区荏田東２丁目２５番１号,456,1976,,勝部迅也,https://www.zuken.co.jp/
国際自動車株式会社,2020001012817,一般乗用旅客自動車運送事業,神奈川県横浜市南区六ツ川３丁目１３番地の６,223,1957,,吾妻伸之,https://www.km-group.co.jp/company/group.php
バイオコミュニケーションズ株式会社,2020001011934,ソフトウェア開発,神奈川県横浜市港北区新横浜２丁目１５－１０,140,1985,,佐々木由津子,https://www.e-bio.co.jp/
ＪＦＥテクノス株式会社,2020001016727,各種プラント、機械、電気・通信関係設備・装置類の改造、修理、保守・点検、運転及びメンテナンス,神奈川県横浜市鶴見区末広町２丁目１番地,700,1985,,能登隆,
ジェイ・アール・シー特機株式会社,2020001020489,,神奈川県横浜市港北区新吉田東３丁目２番１号,364,1985,,加藤孝順,https://www.jrctokki.co.jp/
株式会社トーエル,2020001021033,"・液化石油ガスの製造・卸・小売
・ピュアウォーター（ハワイウォーター、アルピナ）　の輸入・製造・卸・販売",神奈川県横浜市港北区高田西１丁目５番２１号,457,,,横田孝治,http://www.toell.co.jp/
大井電気株式会社,2020001019746,情報伝送機器・監視制御装置・通信ネットワーク関連機・移動体通信機器・計測器の設計・開発・製造及び販売,神奈川県横浜市港北区菊名７丁目３番１６号,411,1950,,石田甲,https://corporate.ooi.co.jp/sustainability/social
株式会社アーデントスタッフ,2020001024829,"労働者派遣事業
有料職業紹介事業",神奈川県横浜市神奈川区鶴屋町３丁目３２番地１３,1100,1996,,石井大輔,https://www.ardent-staff.com/
株式会社渡商会,2020001024960,"1．高圧ガス、化学品、関連機械機器、石油類の販売
2．設備工事の設計、施工
3．ガス関連設備の開発・設計・施工・保守管理",神奈川県横浜市神奈川区子安通２丁目２３４番地,151,1947,,河西紀男,http://www.watari.co.jp/
株式会社日新アセットマネジメント,2020001028235,総合物流業,神奈川県横浜市中区尾上町６丁目８１番地,1523,1938,,筒井雅洋,http://www.nissin-tw.com/
株式会社ニックス,2020001028152,工業用プラスチック製品の企画・開発・製造・販売プリント基板、ガラス基板などの特殊基板を収納するマガジンラック及び関連する,神奈川県横浜市西区みなとみらい２丁目３番３号,162,,,青木一英,https://nix.co.jp/
株式会社サン,1080001001575,ビルメンテナンス業,静岡県静岡市駿河区森下町１番３５号,1396,1971,,斯波幹和,
宇式エンジニアリング株式会社,1080001000536,ICT機器販売、ハード保守メンテナンス、運用サポート,静岡県静岡市駿河区国吉田１丁目６番３３号,58,1977,,宇式寛記,http://www.ushiki.co.jp
株式会社スズキ自販静岡,1080001002284,,静岡県静岡市葵区古庄２丁目２０番３５号,300,1961,,坂本浩一,
日興美術株式会社,1080001003984,総合印刷業,静岡県静岡市葵区流通センター１２番２号,146,1946,,西本晃史,
松林工業薬品株式会社,1080001004883,商社（化学工業薬品及び建設資材の販売）,静岡県静岡市駿河区馬淵一丁目１０番１９号,57,1948,,松林崇,https://www.matsubayashi-net.co.jp
株式会社ケアコネクトジャパン,1080001006310,"高齢者、障害者施設向けソフトウェアの開発および販売
診療記録および看護記録管理システムの開発および販売
保育所、幼稚園向",静岡県静岡市駿河区南町１８番１号サウスポット静岡,194,1992,,齋藤芳久,https://www.carekarte.jp
協和サンシンエンジニアリング株式会社,1080001007894,FA・OA関連、各種画像処理システム、各種制御盤設計・製作・据付、工場・ビル電気工事、太陽光発電設備工事、省エネ・環境空,静岡県静岡市清水区大内９７番地の１,61,1957,,木暮明,
德三運輸倉庫株式会社,1080001008810,運輸業・倉庫業,静岡県静岡市清水区興津中町８７３番地の１,200,1984,,兼子卓三,
常石三保造船株式会社,1080001009214,造船業（船舶の建造及び修理）,静岡県静岡市清水区三保３７９７番地,154,1919,,檀上明人,https://www.tsuneishi.co.jp/miho/
日軽産業株式会社,1080001008876,アルミ製品全般の販売,静岡県静岡市清水区松原町５番１２号,216,1949,,杉山和義,http://www.nikkeisangyo.co.jp/
ヨシコン株式会社,1080001010527,"不動産売買・仲介・賃貸借・管理ならびに調査
コンクリート製品の製造販売",静岡県静岡市葵区常磐町１丁目４番地の１２,64,,,吉田尚洋,
株式会社エス・ビー・エム,1080001009767,綜合ビル管理,静岡県静岡市清水区大坪１丁目４番１１号,385,2004,,村松淳,http://www.shizuoka-sbm.co.jp/
日本連合警備株式会社,1080001013224,総合警備業,静岡県島田市中河町８９６８番地の７,129,1968,,澤脇丈博,
株式会社丸紅,1080001013298,土木工事業（施工・管理）、土木資材の販売、,静岡県島田市湯日１番地の１,68,1986,,紅林眞之,https://www.marubeni-co.jp/
富士テクノロジー株式会社,1080001012804,情報サービス業,静岡県静岡市駿河区南町１８番１号,220,2010,,野木秀明,http://www.fut.co.jp/
株式会社三明,1080001008018,"産業用電子制御機器販売
海洋漁業機器販売",静岡県静岡市清水区松原町６番１６号,103,1938,,笠井茂,http://www.sanmei.co.jp
鈴与商事株式会社,1080001002318,石油製品・LPG等のエネルギー販売、発電および電力の仕入・販売、エネルギーシステム機器の販売・施工・保守管理、太陽光発電,静岡県静岡市清水区入船町１１番１号,553,1990,,伊藤正彦,http://www.suzuyoshoji.co.jp/
臼幸産業株式会社,1080101003959,,静岡県駿東郡小山町藤曲１０９番地の１,135,1947,,臼井康晴,
伊豆総業株式会社,1080101005344,"公共下水処理場の維持管理
一般廃棄物の収集・運搬
浄化槽の維持・管理",静岡県三島市八反畑８５番地の３,120,1953,,渡邉敦子,
静岡コンサルタント株式会社,1080101005666,建設コンサルタント,静岡県三島市多呂１２８番地,95,1961,,二村繁靖,https://www.shizuoka-con.co.jp/
焼津水産化学工業株式会社,1080001015385,調味料、機能食品、その他の食品等の製造業務,静岡県焼津市小川新町５丁目８番１３号,210,,,山田潤,https://www.yskf.jp/
株式会社東亜ビルサービス,1080101009122,総合ビル管理,静岡県富士市厚原１３１番地の１,1303,1989,,宮本信勇,
エンシュウ株式会社,1080401000672,,静岡県浜松市中央区高塚町４８８８番地,873,,,鈴木敦士,
イワタニ山陽株式会社,1240001000998,LPガスの製造・販売・配管及び建築工事,広島県広島市安芸区中野１丁目７番２号,242,1998,,今中泰雅,https://www.iwatani-sanyo.co.jp/
株式会社オオケン,1240001001765,"ビルの設備管理・警備・清掃等行う総合ビルメンテナンス業
指定管理者事業",広島県広島市南区松川町５番９号,709,1965,,大中幹夫,http://www.oken-co.jp/
合人社シティサービス株式会社,1240001003308,分譲マンション管理業,広島県広島市中区袋町４番３１号,589,1989,,福原祥二,
マックスバリュ東海株式会社,1080101006499,食料品等の小売販売,静岡県浜松市中央区篠ケ瀬町１２９５番地１,8393,,,作道政昭,http://www.mv-tokai.com/
株式会社水光エンジニア,1240001005122,水道業,広島県広島市西区中広町２丁目２３番１５号,56,1984,,溝口奈留紀,
株式会社山陽測器,1240001003737,測量機器・試験機・測定器の販売、修理およびレンタル,広島県広島市西区庚午北１丁目２０番９号,57,1972,,桐木博之,https://www.sanyou-sokki.co.jp/
綜合エナジー株式会社,1240001005634,石油製品の卸及び販売,広島県安芸郡府中町茂陰２丁目６番６号,165,1957,,狩野一郎,https://sougouenergy.jp/
株式会社サンネット,1240001012779,"(1)コンピュータシステムの企画・設計・製造・メンテナンス等開発全般
(2)システム販売(営業)及びハード保守・オペレー",広島県広島市中区袋町４番２１号,340,1962,,山口隆法,http://www.csunnet.co.jp/
株式会社ＮＴＴデータ中国,1240001012853,金融・公共・法人分野を中心に、情報通信システムの企画・構築から運用・保守までを一貫して提供し、データセンタ運用を含む幅広,広島県広島市南区比治山本町１１番２０号,358,1991,,鈴森康弘,http://www.nttdata-chugoku.co.jp/
株式会社アビリティ・インタービジネス・ソリューションズ,1240001015633,"翻訳・通訳サービス
知的財産サポートサービス
人材派遣",広島県広島市中区東平塚町１番１４号,81,2003,,森島直己,http://www.a-ibs.com/
深川医療器株式会社,1240001017514,"福祉用具レンタル・販売
医療・介護施設への物品販売",広島県広島市西区商工センター４丁目１５番１７号,102,1979,,深川竜,
東邦化工建設株式会社,1080101006409,"各種プラントエンジニアリング
各種分析ソリューション",静岡県駿東郡長泉町上土狩字高石２３４番地,124,1975,,大滝昭仁,https://www.t-cec.co.jp/
東光印刷株式会社,1240001007440,,広島県広島市西区商工センター７丁目５番１５号,175,1976,,小倉裕巳,https://www.tokoinsatsu.co.jp
株式会社熊平製作所,1240001018108,セキュリティシステム機器の開発・製造（入退室管理システム、デジタル録画監視システム、鍵管理システム、セキュリティゲート、,広島県広島市南区宇品東２丁目１番４２号,480,2007,,熊平明宣,https://www.kumahira.co.jp/
いすゞ自動車中国四国株式会社,1240001018413,"自動車の販売・修理・車検・点検整備
自動車の部品・用品の販売
損害保険代理店業務",広島県広島市佐伯区五日市港３丁目７番１１号,949,2007,,橋本秀樹,http://www.isuzu-chushi.co.jp
株式会社西井製作所,1240001008315,自動車ナンバープレート、航空機部品、各種標識、電気部品、棺金具、半導体関連機器、各種塗装品、精密治具・金型、各種自動機設,広島県安芸郡海田町南明神町１番１７号,75,1948,,西井裕昭,https://www.hiroshima-nishii.co.jp/
株式会社大竹山工業所,1240001027240,建設業、船舶製造修理業、運送事業、自動車修理販売業、不動産事業,広島県呉市倉橋町１８３２０番地の１,67,1971,,大竹山眞之介,
株式会社アクトシステムズ,1240001029699,パーソナル情報端末向けアプリから、大型汎用コンピューターシステムまで、経験豊富な技術者によるシステム開発と、自社設備によ,広島県福山市西町２丁目１２番８号,220,1968,,桑田聖一,
青山商事株式会社,1240001029674,各種衣料品の企画・販売,広島県福山市王子町１丁目３番５号,7598,,,青山理,http://www.aoyama-syouji.co.jp/
中国塗料株式会社,1240001028478,塗料製造販売,広島県大竹市明治新開１番７,519,1923,,伊達健士,https://www.cmp.co.jp
株式会社荒谷商会,1240001029113,"自動車リサイクル
中古部品販売
レンタカー",広島県呉市苗代町４４５番地の１,54,1984,,八畝田諭,http://aratanishoukai.jp
株式会社オービス,1240001030054,梱包用材等の製造、販売、プレハブハウスの製造、販売、仮設建物等のリース、一般建築及び太陽光発電システムの請負、自然エネル,広島県福山市松永町６丁目１０番１号,222,1959,,中浜勇治,https://www.orvis.co.jp/
株式会社アスコン,1240001029690,,広島県福山市港町１丁目１５番２７号,452,1977,,中原貴裕,https://www.ascon.co.jp/company/support/
株式会社日本総合科学,1240001032884,計量証明事業,広島県福山市箕島町南丘３９９番地４６,114,1987,,近本陽一,
株式会社自重堂,1240001033610,,広島県福山市新市町大字戸手１６番地の２,139,1960,,出原正貴,
福山通運株式会社,1240001032736,貨物自動車運送事業、貨物利用運送事業、国際複合一貫輸送事業および代理店業、前号以外の貨物運送事業および利用運送事業、自動,広島県福山市東深津町４丁目２０番１号,10347,1948,,小丸成洋,http://www.fukutsu.co.jp
シモハナ物流株式会社,1240001036407,,広島県安芸郡坂町横浜中央１丁目６番３０号,6050,1955,,下花実,
五洋医療器株式会社,1240001039582,,広島県福山市明神町２丁目２番３０号,109,1979,,小坂正記,
株式会社パナソニックシステムネットワークス開発研究所,1370001001190,無線、パワーエレクトロニクス・エネルギーマネージメント、画像、スマート端末等の技術開発,宮城県仙台市泉区明通２丁目５番地,516,1988,,大橋政宏,
株式会社植松商会,1370001002651,,宮城県仙台市若林区卸町３丁目７番地の５,76,,,植松誠一郎,
株式会社ビルワーク・ジャパン,1370001002131,総合ビルメンテナンス業,宮城県仙台市太白区富沢西４丁目９番地の９,450,1982,,納庄国英,http://www.builwork.co.jp/
シブヤ食品株式会社,1370001003187,配達飲食サービス業,宮城県仙台市宮城野区岡田西町３番４０号,220,1986,,澁谷武幸,
株式会社七十七銀行,1370001003352,普通銀行業,宮城県仙台市青葉区中央３丁目３番２０号,3762,,,頭取小林英文,https://www.77bank.co.jp/job/new/diversity/index.html
葵工業株式会社,1370001004540,,宮城県仙台市宮城野区大梶１０番１５号,51,1960,,鎌田雅之,
株式会社ユーメディア,1370001004227,広告・印刷・プロモーション支援事業,宮城県仙台市若林区六丁の目西町４番１２号,134,1960,,今野均,http://www.u-media.jp/
宮城日野自動車株式会社,1370001005258,自動車販売・整備業,宮城県仙台市宮城野区扇町１丁目７番３６号,231,1973,,鈴木徹也,https://www.miyagi-hino.co.jp/index.html
株式会社三協技術,1370001005118,建設コンサルタント業／測量業／地質調査業／補償コンサルタント業／IT関連事業／埋蔵文化財調査／建築設計・監理／建設工事・,宮城県仙台市青葉区国分町３丁目８番１４号,263,1987,,高橋郁,https://sankyocc.jp/
オリックスレンタカー・カメイ株式会社,1370001007493,,宮城県仙台市青葉区本町２丁目１０番２８号,244,1989,,寺田孝夫,
株式会社セント,1370001008806,,宮城県仙台市青葉区北根４丁目２番２０号,114,1953,,坂下利幸,
仙台トヨペツト株式会社,1370001006652,自動車販売及び修理,宮城県仙台市宮城野区苦竹２丁目８番１号,489,1956,,佐藤秀之,https://www.p-sendai.co.jp/
テスコ株式会社,1370001009259,医療機器の販売、賃貸、修理及び保守,宮城県仙台市泉区大沢３丁目４番地の３,188,1973,,秋田裕二,
同和興業株式会社,1370001009416,ビルメンテナンス業,宮城県仙台市青葉区一番町４丁目６番１号仙台第一生命タワービルディング,1515,1961,,菅井和宏,
株式会社日立ソリューションズ東日本,1370001009911,"総合IT企業として様々な分野のソリューションを提供
（システムエンジニアリング、ソフトウェア開発等）",宮城県仙台市青葉区中央３丁目２番１号,1259,1984,,円井高,http://www.hitachi-solutions-east.co.jp/index.html
株式会社復建技術コンサルタント,1370001010010,弊社は、昭和21年の創業以来、東北を拠点とする総合建設コンサルタントとして道路や橋梁設計・地質調査・測量に携わってきまし,宮城県仙台市青葉区錦町１丁目７番２５号,442,1949,,田澤光治,https://www.fgc.jp/
積水ハウスシャーメゾンＰＭ東北株式会社,1370001011272,"1.不動産の賃貸借の仲介、斡旋並びに代理
 2.不動産の賃貸借
 3.不動産の管理
 4.建築工事、造園工事、土木工事、",宮城県仙台市青葉区本町２丁目１６番１０号,176,1983,,根本遵,https://www.sekisuihouse-f-tohoku.co.jp/
株式会社東北朝日プロダクション,1370001011371,番組制作,宮城県仙台市太白区あすと長町１丁目３番１５号,56,1991,,加藤東興,
古川電気工業株式会社,1370001006009,配電盤・分電盤・制御盤等の電気機械器具製造及び販売,宮城県仙台市宮城野区扇町２丁目１番１０号,248,1947,,茂泉勝弘,http://www.furukawa-denki.com/
仙台ガスサービス株式会社,1370001006710,"●ガス器具の販売・施工・修理
●ガス設備の設計・施工
●ガスコージェネレーションシステム
●キッチン・浴室・トイレ・水廻",宮城県仙台市宮城野区幸町３丁目１２番１５号,100,1966,,立野昭宏,https://www.sgs-jp.net
日本製紙石巻テクノ株式会社,1370301000974,電装事業部・機械事業部・建設事業部と3事業部制を採用し、紙パルプ・紙加工プラントにとどまらず、あらゆる製造施設を対象とし,宮城県石巻市南光町２丁目２番１１号,162,1960,,藤本康之,
株式会社倉元製作所,1370201003004,液晶ガラス加工,宮城県栗原市若柳武鎗字花水前１番地１,97,,,兼小峰衛,http://www.kuramoto.co.jp/Company_info/keiei_rinen.html
若生工業株式会社,1370301001436,総合建設業,宮城県石巻市清水町２丁目３番３号,65,1972,,若生翔太郎,http://www.wakoinc.co.jp/
株式会社鈴勇商店,1370301000702,"ステンレス・特殊金属全般・製鋼原料
金属製品製造業(再生資源処理加工業)",宮城県石巻市鹿又字山下西１２２番地１,178,1989,,鈴木秀幸,http://www.suzuyu.co.jp/
カガク興商株式会社,1370301000322,"石油・ガソリン販売
LPG販売
高圧ガス販売",宮城県石巻市三ツ股１丁目２番７７号,101,1956,,伊藤武彦,http://www.kagaku-k.co.jp/
宮城中央ヤクルト販売株式会社,1370801000276,乳酸菌飲料販売,宮城県名取市植松字宮島７７番地,228,1989,,川島誠一,
株式会社ひまわり,1370601003025,警備業,宮城県多賀城市町前３丁目２番１０号,197,2012,,井上茂雄,
宮城熊さん株式会社,2370001002378,麺類及び業務用食品の卸売業・飲食業,宮城県仙台市太白区西多賀５丁目１８番１１号,100,1988,,舘野明雄,
東北放送株式会社,2370001002452,,宮城県仙台市太白区八木山香澄町２６番１号,136,,,一力敦彦,
ユキグニファクトリー株式会社,1010001185037,茸事業、その他食品事業,新潟県南魚沼市余川８９番地,1926,,,湯澤尚史,
株式会社シバタインテック,2370001003186,医療機器、病院設備機器、ME機器、治療診断機器、手術機器、輸入機器、診療材料、科学機器、バイオテクノロジー関連機器、分析,宮城県仙台市若林区卸町２丁目１１番地３,287,1964,,柴田清孝,http://www.shibataintech.co.jp/
東北特殊鋼株式会社,2370001002444,特殊鋼製造販売,宮城県仙台市太白区長町７丁目２０番１号,409,,,成瀬真司,http://www.tohokusteel.com/
株式会社大谷商会,1110001000879,卸売業（主に産業用機械設備）,新潟県新潟市東区逢谷内４６３番地,163,1950,,大谷太郎,http://www.otani-shokai.com/index.html
ラミコジャパン株式会社,1110001003295,,新潟県新潟市中央区日の出３丁目４番１５号,3572,1994,,金子重行,
株式会社トップカルチャー,1110001003592,"書籍・文具・雑貨
ＣＤ・ＤＶＤ等の販売",新潟県新潟市西区小針４丁目９番１号,1300,,,清水大輔,
株式会社トーシス新潟,1110001003477,電気設備工事、電気通信設備工事の施工ならびに施工管理事業,新潟県新潟市西区的場流通２丁目４番地５,176,1972,,滝沢欽司,http://www.ts-niigata.co.jp
株式会社新潟電装,1110001003956,,新潟県新潟市西区流通センター３丁目１番地３,58,1961,,長谷川衛,
ＵＤトラックス新潟株式会社,1110001007255,トラック販売・整備,新潟県新潟市秋葉区川口５８０番地１１,167,1970,,上原洋明,
共栄エンジニアリング株式会社,1110001012362,,新潟県阿賀野市山倉１９１２番地２,162,1990,,佐藤大,
環境をサポートする株式会社きらめき,1110001001720,ビルメンテナンス・清掃・警備・指定管理者,新潟県新潟市中央区東堀前通６番町１０６１番地,832,1963,,山田茂孝,http://www.kirameki.co.jp/
森井紙器工業株式会社,1110001016140,,新潟県燕市吉田下中野１５５１番地２,105,1949,,森井康,
株式会社大原鉄工所,1110001022254,水処理・下水処理機械設備、バイオガス発電設備、リサイクル・廃棄物処理機械設備、石油・ガス掘削機、南極観測用・人員物資輸送,新潟県長岡市城岡２丁目８番１号,169,1940,,大原興人,
越後交通株式会社,1110001022221,,新潟県長岡市千秋２丁目２７８８番地１,513,1914,,伊比久,
株式会社有沢製作所,1110001018789,電子材料、産業用構造材料、電気絶縁材料、ディスプレイ材料などの製造・販売,新潟県上越市南本町１丁目５番５号,670,1949,,有沢悠太,https://www.arisawa.co.jp/
糸魚川二幸株式会社,1110001021875,ビルメンテナンス業,新潟県糸魚川市押上２丁目１４番１３号,177,2008,,齋藤隆一,https://itoigawa-nikoh.co.jp/
株式会社太陽工機,1110001022782,,新潟県長岡市西陵町２２１番３５,316,,,渡辺剛,
株式会社イートラスト,1110001022452,電気・通信事業を中心とした工事施工やシステムの構築,新潟県長岡市北陽１丁目５３番地５４,209,1953,,酒井龍市,http://www.etrust.ne.jp/
株式会社キタック,2110001001637,"地質調査・試験・解析・評価
環境調査・分析・解析・評価
土木設計・施工管理・構造物維持管理
地域計画・地域おこし・まちづ",新潟県新潟市中央区新光町１０番地２,190,1973,,中山正子,https://kitac.co.jp
グリーン産業株式会社,2110001001769,建設業,新潟県新潟市中央区神道寺２丁目２番１０号,405,1971,,荒川義克,http://www.green-s.co.jp/
中越運送株式会社,2110001003294,,新潟県新潟市中央区美咲町１丁目２３番２６号,1060,1951,,中山元四郎,
株式会社高助,2110001003113,石油製品卸・小売、建設資材卸売・施工、一般貨物運送　他,新潟県新潟市中央区礎町通４ノ町２１００番地,97,1952,,堀健一,https://www.takasuke-n.co.jp/
株式会社グリーン美装,1100001000855,総合ビル管理・警備業,長野県長野市七瀬２番地７,165,1980,,堀込哲也,
株式会社共和コーポレーション,1100001000797,"アミューズメント施設・バッティングセンター・
ボウリング場の運営／ゲーム関連機器の販売／
アミューズメント施設管理委託／",長野県長野市若里３丁目１０番２８号,961,1986,,宮本和彦,http://www.kyowa-corp.co.jp
東京法令出版株式会社,1100001002125,,長野県長野市南千歳町１００５番地,204,1948,,星沢卓也,
株式会社ナガレイ,1100001001333,業務用専門卸商社,長野県長野市市場３番地４３,124,1972,,根橋博志,
株式会社ＳＲＩ,2110001002817,"機密文書保管サービス、機密文書抹消サービス、オンデマンド電送サービス、
電子データ化サービス、ファイリングサービス、文書",新潟県新潟市北区笹山東１０７番地,60,1996,,北村真,https://www.sri-group.work/
株式会社スズキ自販長野,1100001001580,自動車の販売整備業,長野県長野市大字北尾張部１１６番地,304,1967,,鈴木彰人,http://www.sj-nagano.jp/
長野リネンサプライ株式会社,1100001002554,ホテル・病院等の寝具の販売・リース・クリーニング。ユニフォームの販売。クリーニング資材の販売。,長野県長野市アークス１３番７号,189,1963,,徳武好春,
株式会社電算,1100001002083,"情報処理・通信サービス
ソフトウェア開発・システム提供サービス
システム機器販売等
その他関連サービス",長野県長野市大字鶴賀七瀬中町２７６番地６,698,1966,,轟一太,https://www.ndensan.co.jp/
株式会社長野ナブコ,1100001002471,既設建築物設備工事業（自動ドア）,長野県長野市丹波島２丁目９番地１０,58,1982,,篠田光宏,
八十二リース株式会社,1100001002835,,長野県長野市大字中御所岡田２１８番地１４,149,1974,,中村孝,
不二越機械工業株式会社,1100001002967,,長野県長野市松代町清野１６５０番地,227,1952,,市川大造,
サクラ精機株式会社,1100001006191,医療機器の製造販売,長野県千曲市大字鋳物師屋７５番地の５,555,1957,,東竜一郎,https://www.sakurajp.com/recruit/data/
株式会社竹花組,1100001007330,"1.　土木構造物の請負施工
2.　建築物の設計及び請負施工
3.　建設関連資材（生コン、アスファルト合材、砕石、石油製品",長野県佐久市望月３０番地１,102,1949,,矢野健太郎,http://www.takehanagumi.co.jp
株式会社ユーシン,1010401030214,電気機械器具製造業,長野県北佐久郡御代田町大字御代田４１０６番地７３,850,,,岡部哉慧,http://www.u-shin-ltd.com/
双信電機株式会社,1100001008031,,長野県佐久市長土呂８００番地３８,763,,,杉山雅彦,
日精樹脂工業株式会社,1100001011530,射出成形機・金型・成形自動システム・計測機器等の開発、製造、販売,長野県埴科郡坂城町大字南条２１１０番地,535,,,依田穂積,https://www.nisseijushi.co.jp/sustainability/society/
株式会社アスピア,1100001014038,建設業,長野県松本市宮渕１丁目３番３０号,129,1961,,百瀬方洋,https://www.asupia.co.jp/
キッセイ薬品工業株式会社,1100001012982,"医療用医薬品の研究・開発・製造・販売
特別用途食品等の開発・販売",長野県松本市芳野１９番４８号,1500,,,神澤陸雄,https://www.kissei.co.jp/sustainability/contribution/
株式会社ウィルトス,1100001014129,,長野県松本市本庄１丁目１番１３号,900,1983,,佐倉正晃,
中日本メディカルリンク株式会社,1100001015044,医療機器・医薬品・介護用品の販売、メンテナンス,長野県松本市丸の内８番１号,227,1951,,上野直樹,
株式会社エラン,1100001014640,入院セット「CSセット」の提供,長野県松本市出川町１５番１２号,378,1995,,峯崎友宏,https://www.kkelan.com/
ＫＯＡ株式会社,1100001020696,各種電子部品の開発・製造・販売,長野県伊那市荒井３６７２番地,1788,,,向山浩正,https://www.koaglobal.com/
木下建設株式会社,1100001022395,,長野県飯田市松尾町１丁目２２番地,98,1949,,木下勝貴,
株式会社デリクックちくま,1100005001461,,長野県長野市篠ノ井小森４２８番地,651,1962,,萩原秀治,
高沢産業株式会社,2100001001852,"鉄鋼原料卸売
アスファルト合材製造・工事
セメント、生コン、建設資材卸売
OA機器販売・リース",長野県長野市南千歳１丁目１５番地３,120,1947,,高澤曜宏,
長野日産自動車株式会社,2100001002470,自動車販売及び整備,長野県長野市大字川合新田３６１６番地１,486,1950,,内野伸一,
長野日野自動車株式会社,2100001002512,,長野県長野市川中島町上氷鉋５５３番地１,313,1955,,水野右,
信越放送株式会社,2100001001266,テレビ・ラジオ放送業,長野県長野市大字鶴賀問御所町１２００番地３,131,1951,,渡辺雅義,https://sbc21.co.jp/
岐阜プラスチック工業株式会社,1200001001471,プラスチック製品の製造・販売,岐阜県岐阜市神田町９丁目２７番地,860,1953,,大松栄太,https://www.risu.co.jp/
株式会社市川工務店,1200001000374,総合建設業,岐阜県岐阜市鹿島町６丁目２７番地,349,1950,,小川健,https://www.ic-group.co.jp/
株式会社トコロ,1200001003699,,岐阜県岐阜市美園町２丁目１７番地,56,1963,,所章互,
株式会社水野鉄工所,1200001005217,"航空宇宙機器部品加工組み立て
油圧機器部品加工
航空機用治工具設計製作",岐阜県関市倉知４５３９番地１０,198,1958,,水野辰博,http://www.miztec.jp
富士変速機株式会社,1200001004458,"1.変速機、減速機の製造ならびに販売。
2.各種駐車場装置の製造ならびに販売。
3.各種工作機械、工業用機械およびその部",岐阜県岐阜市中洲町１８番地,242,1965,,市原英孝,https://www.fujihensokuki.co.jp/
株式会社ユニオン,1200001005687,建設コンサルタント・測量業・補償コンサルタント,岐阜県岐阜市西河渡２丁目５７番地,125,1971,,村橋塁,https://www.theunion.co.jp/
株式会社丸泰,1200001005051,建設施工、資材販売、宿泊業,岐阜県岐阜市領下６丁目４６番地,75,1951,,伊藤寛章,https://www.maruyasu-gr.co.jp
株式会社ワークリレーション,1200001006017,人材派遣業,岐阜県岐阜市六条北４丁目６番６号,247,2001,,青木聡,http://www.work-re.com
株式会社人材Ｂａｎｋ,1200001008475,労働者派遣業,岐阜県岐阜市茜部大川１丁目５１番地,244,2006,,渡邉賢司,
篠田株式会社,1200001011090,"１．土木建設資材の販売
２．建設機械の販売・修理
３．エコ商品の販売
４．建設業(土木工事業、とび・土工工事業、鋼構造物",岐阜県羽島郡岐南町野中１丁目８番地,206,1985,,篠田圭司,https://www.gifu-shinoda.co.jp/
大垣ガス株式会社,1200001013368,ガス事業,岐阜県大垣市寺内町３丁目６７番地,104,1912,,上田元久,
株式会社可児ゴルフ倶楽部,1200001017708,,岐阜県可児市久々利向平２２１番地の２,302,,,岩瀬弘,
セブン工業株式会社,1200001017170,集成材、住宅部材の製造販売及び付帯事業,岐阜県美濃加茂市牧野１００６番地,509,,,木下浩一,https://www.seven-gr.co.jp/
東濃建物管理株式会社,1200001017955,建物総合管理,岐阜県可児市広見２丁目５７番地,307,1979,,河方誠,http://green-clean.jp/
レシップ株式会社,1200001020323,電気機械器具製造販売業,岐阜県本巣市上保１２６０番地の２,590,2010,,北野元昭,
セキュリティ東海株式会社,1200001020728,建物総合管理・警備・清掃,岐阜県多治見市音羽町４丁目２５番地,105,1970,,瀬尾保雄,
株式会社技研サービス,2200001001537,建物総合管理,岐阜県岐阜市薮田南３丁目７番２０号,1583,1964,,棚橋泰之,
株式会社岐阜新聞社,2200001001347,日刊新聞発行,岐阜県岐阜市今小町１０番地,167,1940,,矢島薫,https://www.gifu-np.co.jp/
株式会社中広,2200001003384,"総合広告業
地域情報誌発行、広告販促・企画運営",岐阜県岐阜市東興町２７番地,505,1978,,大島斉,http://www.chuco.co.jp/
中日技研株式会社,2200001003401,,岐阜県岐阜市鏡島精華１丁目７番１９号,230,1989,,國井一輝,
昭和コンクリート工業株式会社,2200001002601,ＰＣ橋梁・コンクリート二次製品などの設計施工製造販売,岐阜県岐阜市香蘭１丁目１番地,792,1956,,村瀬大一郎,http://www.showa-con.co.jp/
株式会社美濃庄,2200001005273,寝具、介護用品の販売及びリース,岐阜県岐阜市六条北２丁目１２番８号,85,1951,,長村吉章,
株式会社那加クレーンセンター,2200001007088,教育、学習支援業,岐阜県各務原市那加新加納町３７７１番地,83,1986,,小島裕二郎,
株式会社ヒロコーポレーション,2200001008111,リネンサプライ業　寝具・衣類のリース,岐阜県岐阜市柳津町上佐波西５丁目３１番地,214,1964,,伊藤玲子,
株式会社浅井農園,1190001000038,,三重県津市高野尾町４９５１番地,137,1975,,浅井雄一郎,
百五ビジネスサービス株式会社,1190001000896,その他事業サービス業,三重県津市本町３３番２１号,175,1979,,福澤紳一,
株式会社トピア,1190001005227,新製品の開発試作、限定小ロット部品加工、輸送用機器・電気機器等の試作板金、高精密機械加工、精密溶接加工、デザイン設計業務,三重県鈴鹿市一ノ宮町１４７７番１,720,1973,,佐々木英樹,
シンフォニア商事株式会社,1190001006712,"卸売業・小売業
設計・製造派遣・請負",三重県伊勢市竹ケ鼻町１００番地,301,1970,,溝端浩輝,
株式会社ＵＬ　Ｊａｐａｎ,1190001006514,製品安全試験・認証、EMC（電磁環境両立性）測定・評価、セミナー提供,三重県伊勢市朝熊町４３８３番３２６,600,1980,,山上英彦,https://japan.ul.com/
株式会社安永,1190001008733,"エンジン部品、工作機械の製造販売
ワイヤソー本体及びその加工用工具部品の製造・販売
検査測定装置の製造・販売",三重県伊賀市緑ケ丘中町３８６０番地,583,,,安永暁俊,http://www.fine-yasunaga.co.jp/
株式会社クラウン警備保障,1190001010920,機械警備業務、ホームセキュリティサービス、施設警備業務、交通誘導警備業務、雑踏警備業務、保安警備業務,三重県松阪市久保町１８５５番地５０３,180,1999,,丸山臣彦,http://www.clg.co.jp
チヨダウーテ株式会社,1190001015556,内装建築資材『せっこうボード』の製造販売を行っております。,三重県四日市市住吉町１５番２号,400,,,平田芳久,
株式会社シー・ティー・ワイ,1190001015093,"一般放送事業
電気通信事業",三重県四日市市本町８番２号,226,1988,,渡部一貴,https://cty-cns.jp/
株式会社三水フーズ,2190001006686,,三重県伊勢市下野町６５３番地２０,135,1980,,上村昌路,
シンフォニアエンジニアリング株式会社,2190001006711,,三重県伊勢市竹ケ鼻町９９番地９６,481,1970,,永井博幸,
株式会社三十三銀行,2190001010309,銀行業,三重県四日市市西新地７番８号,2233,,,頭取岩間弘,http://www.33bank.co.jp/
株式会社東名,2190001015679,,三重県四日市市八田２丁目１番３９号,652,,,日比野直人,
株式会社扇港電機,2190001015290,電気設備資材・機器卸売,三重県四日市市北浜町８番１６号,925,1949,,横山大幸,http://www.senko-grp.co.jp
株式会社スズキ自販滋賀,1160001001088,自動車販売修理,滋賀県栗東市六地蔵１１７２番,193,1978,,堤光昭,https://www.suzuki.co.jp/dealer/sj-shiga/
第一設計監理株式会社,1160001004933,建設コンサルタント業,滋賀県湖南市中央１丁目６番地,123,1979,,谷口征司,
株式会社アイ・シー・エス,2190001006372,システムソフトウェア開発事業、システムソフトウェア商品事業、システム保守サービス事業、情報機器販売事業,三重県伊勢市竹ケ鼻町１００番地,169,1978,,御村恭至,http://www.ise-ics.co.jp
タカラバイオ株式会社,1160001002490,研究用試薬、理化学機器の開発製造販売、再生医療等製品の開発製造支援サービス、遺伝子解析受託サービス、遺伝子治療の臨床開発,滋賀県草津市野路東７丁目４番３８号,800,2002,,仲尾功一,http://www.takara-bio.co.jp/
近江鉄道株式会社,1160001008109,鉄道事業、自動車運送事業、観光事業、不動産事業、旅行業　他,滋賀県彦根市駅東町１５番１,920,1896,,藤井高明,http://www.ohmitetudo.co.jp/
ジャパンマテリアル株式会社,2190001015191,"①エレクトロニクス関連事業
②グラフィックスソリューション事業",三重県三重郡菰野町大字永井３０９８番２２,429,1997,,田中久男,http://www.j-materials.jp/
滋賀ダイハツ販売株式会社,1160001013406,,滋賀県栗東市大橋４丁目１番５号,437,1954,,鳥居和浩,
滋賀日野自動車株式会社,1160001014544,,滋賀県栗東市小柿３丁目２番３０号,115,2008,,荒木啓太,
株式会社アイテス,1160001016292,■太陽電池検査装置など各種検査装置の開発・販売　　■電子部品・材料の受託分析・解析・信頼性試験サービス　■法人向けPC・,滋賀県大津市栗林町１番６０号,100,1993,,五十嵐靖行,https://www.ites.co.jp/news/news202303-2.html
株式会社内田組,2160001000205,総合建設業,滋賀県大津市大江２丁目３３番３号,85,1970,,内田美千男,
島津産機システムズ株式会社,2160001000964,"一般機械器具製造業
産業機械の製造・販売",滋賀県大津市月輪１丁目８番１号,300,1962,,小西昭士,https://www.sis.shimadzu.co.jp/
株式会社近畿予防医学研究所,2160001000535,"臨床検査事業
調剤薬局事業
福祉用具、介護用品の販売、レンタル事業
サービス付き高齢者向け住宅の事業
通所介護、訪問介護",滋賀県大津市湖城が丘１９番９号,588,1962,,広田周一,https://www.kinkiyoken.co.jp/
株式会社アサプリ,2190001013443,印刷業,三重県桑名市大字安永９２３番地,164,2005,,松岡祐司,http://www.asapri.co.jp
株式会社伊藤組,2160001009444,,滋賀県彦根市小泉町７８番地の２１,52,2008,,奥村善行,
キタイ設計株式会社,2160001010600,建設コンサルタント,滋賀県近江八幡市安土町上豊浦１０３０番地,204,1966,,梶雅弘,
アインズ株式会社,2160001010617,印刷・同関連業,滋賀県蒲生郡竜王町鏡２２９１番地３,260,1961,,谷口彰,https://www.shiga-web.or.jp/eins/
キノンビクス株式会社,2160001013322,電気工事、電気通信工事,滋賀県栗東市高野５７７番地１,102,1970,,福永悟,https://www.kinon.co.jp/
株式会社協同,1210001007526,服飾副資材卸,岡山県倉敷市児島下の町９丁目１２番コ２号,112,1973,,西川源徳,http://kwl.co.jp/
株式会社岡山製紙,1260001001078,中芯原紙、紙管原紙、平板及び美粧段ボールの製造・販売,岡山県岡山市南区浜野１丁目４番３４号,191,,,宮田正樹,https://okayamaseishi.co.jp/
株式会社建美装社,1260001002282,総合ビルメンテナンス,岡山県岡山市中区江崎７２４番地５,199,1973,,山下祐一郎,https://www.kenbisosha.co.jp/
エネサーブ株式会社,2160001003901,総合エネルギーサービス業,滋賀県大津市月輪２丁目１９番６号,313,1965,,井上博司,https://www.eneserve.co.jp/
三洋環境株式会社,1260001002712,,岡山県岡山市北区下伊福上町８番２０号,700,1975,,小林寛嗣,
株式会社トヨタレンタリース岡山,1260001004799,レンタカー・カーリース事業,岡山県岡山市南区新保６５１番地３,216,1971,,梶谷俊介,
株式会社山陽セフティ,1260001002654,"警備業
（施設警備、機械警備、イベント警備）",岡山県岡山市北区西長瀬１２０６番地７,278,1972,,神坂伸一,http://www.sanyo-safety.com/
両備トランスポート株式会社,1250001004024,両備グループの部流部門として、両備トランスポートは長年蓄積した現場ノウハウと管理手法、ローコストオペレーションで強力にサ,岡山県岡山市中区新築港９番地の４,855,1999,,荒木一守,https://ryobitransport.com/
株式会社中国銀行,1260001006093,普通銀行業,岡山県岡山市北区丸の内１丁目１５番２０号,4205,,,頭取加藤貞則,http://www.chugin.co.jp
コーホク印刷株式会社,1260001002373,印刷業,岡山県岡山市北区高柳東町１０番２７号,103,1957,,安井英規,http://www.kohhoku.co.jp/
株式会社グロップサンセリテ,1260001008354,業務請負,岡山県岡山市北区今８丁目６番１４号,98,2004,,佐々岡英和,https://www.grop-sincerite.co.jp/sincerite
株式会社ベネッセコーポレーション（閉鎖）,1260001011820,"ベネッセコーポレーションは、教育・家庭事業領域において、
各カンパニーが商品・サービスを提供しています。

◆教育◆　
",岡山県岡山市北区南方３丁目７番１７号,2935,2009,,岩瀬大輔,http://www.benesse.co.jp/
カーツ株式会社,1260001009187,小型エンジンなどの設計・開発,岡山県岡山市東区西大寺五明３８７番地１,108,1979,,勝矢雅一,https://www.kaaz.co.jp/index.html
キヤノンマシナリー株式会社,2160001013058,先端分野の自動化・省力化装置の設計・製造・販売,滋賀県草津市南山田町字縄手崎８５番地,627,1972,,田島純一,https://machinery.canon/ja/index.html
株式会社コーセイカン,1260001013271,総合印刷業,岡山県倉敷市下庄１１２６番の６,88,1955,,内田正男,
中国精油株式会社,1260001004262,石油及び石油化学製品製造・販売,岡山県岡山市北区中山下２丁目１番７７号,168,1941,,樋口克彦,https://www.chusei-oil.com
株式会社クラレ,1260001013156,樹脂・化成品・繊維の研究開発・製造・販売,岡山県倉敷市酒津１６２１番地,4569,,,川原仁,http://www.kuraray.co.jp/
株式会社ジェイ・イー・ティ,1260001018766,,岡山県浅口郡里庄町大字新庄字金山６０７８番,181,,,平井洋行,
株式会社エルジオ,1260001022339,石油製品販売,岡山県玉野市日比５丁目９番７号,312,1944,,木村雄介,
株式会社ウインズ,1260001026406,,岡山県岡山市北区二日市町１７２番,106,2013,,橋本雄矢,
株式会社三井Ｅ＆Ｓテクニカルリサーチ,1260001022306,"1．レーダー調査
2．環境分析、 環境計測、成分分析
3．材料特性評価、非破壊検査、計測
4．損傷原因調査
5．余寿命評",岡山県玉野市玉３丁目１番１号,100,1979,,村田和俊,https://mestrc.co.jp/
株式会社アールエコ,2260001000161,"・水処理施設の設計施工管理
・貯水槽清掃業
・産業廃棄物収集運搬業　他",岡山県岡山市南区妹尾３２７３番地の３,124,1970,,八田達憲,
株式会社アビィング,2260001000335,塗料・塗装関連機器の販売,岡山県岡山市北区上中野１丁目１６番２号,80,1939,,中野佳成,http://www.abeing.co.jp
山陽電研株式会社,2260001002678,電気機器組み立て,岡山県岡山市中区乙多見４４９番地,259,1952,,吉田伸郎,https://www.sanyodenken.co.jp
ＯＥＣ株式会社,2260001001143,"システムインテグレーションサービス
ソフトウェア開発
ＩＤＣサービス
アウトソーシング
ＡＳＰサービス
ＷＥＢ関連サービ",岡山県岡山市北区本町６番３６号,285,1969,,佐藤俊治,http://www.oec-o.co.jp/
株式会社カロスアウラ,2260001005391,,岡山県岡山市南区当新田４４４番地７,204,1969,,吉國光和,
Ｈｉクラテス株式会社,2260001004724,,岡山県岡山市北区野田３丁目１２番３３号,143,,,飯塚正也,
株式会社ホスネット・ジャパン,2260001006084,,岡山県岡山市北区今１丁目３番１９号,334,1996,,松尾和憲,
株式会社中島商会,2260001004880,"●塗料・化成品・塗装設備・塗装機器等の販売
●塗装設備・ラインの稼働フォロー
●塗装における仕様・色彩の提案
●塗料の調",岡山県岡山市北区柳町２丁目２番２３号,372,1950,,中島弘晶,http://www.nakashima-shokai.co.jp/
株式会社岡山マツダ,2260001006225,"自動車販売・修理業務
自動車有償貸渡業務
損害保険代理店業務　　　　等",岡山県岡山市北区野田４丁目１４番２０号,268,1989,,中島史博,
株式会社イタミアート,2260001008618,,岡山県岡山市南区新保６６０－１５,161,,,伊丹一晃,
四国医療サービス株式会社,1490001000783,リネンサプライ業,愛媛県松山市久万ノ台１１９５番地,1056,1965,,吉永英人,
株式会社伊予鉄グループ,1500001000476,,愛媛県松山市湊町４丁目４番地１,50,,,清水一郎,
株式会社新来島どっく,1010001045595,各種船舶の建造、修理及び解体、船舶用機器並びにその他諸機械の製造及び修理,愛媛県今治市大西町新町甲９４５番地,850,1960,,森克司,https://www.skdy.co.jp/
愛媛トヨペット株式会社,1500001000807,自動車販売及び整備,愛媛県松山市空港通５丁目７番９号,240,1956,,横田知明,https://www.e-tp.jp/corporate/csr#u20220824093638
株式会社ウイン,1500001000617,システム開発・情報処理・派遣業,愛媛県松山市二番町３丁目６番地５,345,1997,,村上泰久,https://www.pro-win.co.jp/profile/actionplan_nextgeneration.html
中島硝子工業株式会社,1260001018295,機能ガラス製造販売,岡山県井原市木之子町５３０１番地の２,217,1965,,勇木健,http://www.ngci.co.jp
株式会社スズキ自販松山,1500001002274,自動車販売・修理　他,愛媛県松山市高岡町１８３番地３,177,1990,,川路英治,https://www.suzuki.co.jp/dealer/sj-matsuyama/
株式会社トヨタレンタリース西四国,1500001002943,自動車賃貸業,愛媛県松山市南吉田町２７５０番地１２,141,1970,,横田知明,http://www.r-ehm.co.jp/
ピコシステム株式会社,2260001005516,システム設計及びプログラム開発、コンピューター・コピー・ファクシミリ・ＯＡ機器販売および保守管理、パソコン教室、ドコモシ,岡山県岡山市南区西市９８番地の４,141,1996,,丹波真二,http://www.picosystem.co.jp/
株式会社レデイ薬局,1500001004428,,愛媛県松山市南江戸４丁目３番３７号,4000,1968,,三橋信也,
株式会社和光ビルサービス,1500001004626,ビルメンテナンス業,愛媛県松山市竹原町１丁目１０番地１６,171,1979,,武智健,
株式会社アグサス,1500001003735,OA機器の販売及びサポート&サービス,愛媛県松山市六軒家町２番３０号,170,1974,,高岡康伯,https://www.agusas.co.jp/
株式会社栗之浦ドック,1500001008296,船舶製造・修繕業,愛媛県八幡浜市栗野浦３６５番地,142,1950,,成瀬倉祥,https://kurinouradock.co.jp/
株式会社松宮,1500001003909,食品卸売業,愛媛県松山市問屋町６番２６号,57,1963,,橘丈太郎,http://kk-matsumiya.com/?page_id=13#spb-bookmark-1
ＢＥＭＡＣ株式会社,1500001011226,電気機械器具製造業,愛媛県今治市野間甲１０５番地,1224,1956,,小田雅人,http://www.bemac-jp.com
株式会社愛媛銀行,2500001000005,銀行業,愛媛県松山市勝山町２丁目１番地,1695,,,頭取西川義教,http://www.himegin.co.jp
井関農機株式会社,2500001000533,"当社はつぎの製品の製造および販売を主要な事業内容としております。
整地用機械 ・・・ トラクタ、耕うん機、乗用管理機、草",愛媛県松山市馬木町７００番地,560,,,冨安司郎,http://www.iseki.co.jp/
株式会社愛媛新聞社,2500001000764,日刊新聞発行、各種事業の開催,愛媛県松山市大手町１丁目１２番地１,251,1941,,加藤令史,http://www.ehime-np.co.jp/kaisha/
愛媛トヨタ自動車株式会社,2500001000806,販売業（車両・保険・情報端末機器等）車両整備等,愛媛県松山市宮田町１０９番地の１,216,1940,,横田知明,http://ehimetoyota.jp/
福泉株式会社,2500001003486,LPガス及び住宅機器販売,愛媛県松山市雄郡１丁目１番３２号,64,1975,,福泉秀人,
株式会社ビージョイ,2500001003387,食肉卸売業,愛媛県松山市枝松５丁目８番１２号,385,1961,,宮内圭三,http://www.bejoy.jp/
瀬戸内運輸株式会社,2500001011778,一般乗合・貸切旅客自動車運送事業,愛媛県今治市東門町１丁目２番地１,213,,,渡邉和秀,
四国ガス燃料株式会社,2500001011654,"（１）液化石油ガス、天然ガスの販売（卸、小売）
（２）簡易ガス事業
（３）液化石油ガス工業用プラント設計、施工
（４）ガ",愛媛県今治市中寺字樋掛２２６番地１,303,1959,,佐薙秀樹,http://www.shikoku-gasnen.co.jp/
株式会社大昌鉃工所,2500001014698,産業用機械の設計、製作、販売,愛媛県四国中央市川之江町９１０番地,124,1959,,福崎祥正,
九州警備保障株式会社,1330001001087,警備業,熊本県熊本市中央区帯山４丁目１８番１１号,432,1984,,西川尚希,
ツバメ工業株式会社,2500001014715,封筒製造,愛媛県四国中央市川之江町２４１５番地,105,1953,,石川喜平,http://www.8441.jp
株式会社リブドゥコーポレーション,2500001014723,大人用紙おむつ、メディカルディスポーザブル用品の製造、販売,愛媛県四国中央市金田町半田乙４５番地の２,1039,1965,,宇田知仁,http://www.livedo.jp
フクダ電子西部南販売株式会社,1330001004032,医療機器販売業,熊本県熊本市中央区帯山２丁目５－２７,110,1974,,石田勝利,
熊本綜合管理株式会社,1330001001442,総合ビルメンテナンス,熊本県熊本市東区石原１丁目１１番２４号,142,1972,,佐藤伸洋,
株式会社ありがとうサービス,2500001012603,"◆ブックオフやハードオフ等のリユース事業
◆ショコラトリーツムギやモスバーガー等のフードサービス事業
◆温浴・宿泊施設の",愛媛県今治市八町西３丁目６番３０号,1471,2000,,兼井本雅之,http://www.arigatou-s.com
株式会社くまもと健康支援研究所,1330001007381,健康保健指導、介護予防サービス、健康関連コンサルティング,熊本県熊本市東区御領６丁目８番２０号,260,2006,,松尾洋,http://www.kwsi.co.jp/company.html
木村電機株式会社,1330001011094,電設資材の卸売,熊本県上益城郡嘉島町大字上仲間２９４番地２０,117,1956,,木村真充,
株式会社旭製作所,1330001018362,,熊本県荒尾市高浜１９７８番地,440,1979,,池田靖之,
ヒノマル株式会社,1330001027512,農業関係製品の卸売り,熊本県熊本市中央区九品寺５丁目７番２９号,99,2020,,安武広信,
白鷺電気工業株式会社,1330001002440,建設業（電気工事業）,熊本県熊本市東区御領８丁目３番３８号,135,1958,,沼田幸広,https://www.shirasagidenki.co.jp/sdgs/work-style/diversity/
株式会社ＲＫＫＣＳ,2330001000063,,熊本県熊本市中央区九品寺１丁目５番１１号,686,1966,,金子篤,
株式会社九州開発エンジニヤリング,2330001001086,"建設コンサルタント
補償コンサルタント",熊本県熊本市東区錦ケ丘３３番１７号,105,1975,,原田卓,
株式会社エムロード,2330001004502,石油製品販売・中古車売買・鈑金塗装・保険・オートリース,熊本県熊本市中央区本山４丁目３番７号,195,1966,,三角雄介,
株式会社野田市電子,2330001003693,製造業,熊本県熊本市中央区世安２丁目１番１６号,243,1980,,野田和宏,https://www.nodaichi.co.jp
米善機工株式会社,2330001004873,機械器具・工具等専門商社,熊本県熊本市中央区十禅寺１丁目４番８０号,59,1962,,高橋不二夫,http://www.yonezen.co.jp
株式会社永野商店,2330001006960,,熊本県熊本市北区室園町１０番２２号,162,1979,,永野順也,
株式会社前田産業,2330001004304,"総合解体工事業
産業廃棄物収集運搬
産業廃棄物処分",熊本県熊本市南区野田３丁目１３番１号,214,1974,,前田一美,https://maedasangyo.co.jp
富田薬品株式会社,2330001003264,"薬業を通じて福祉社会興隆のために寄与することを目的として、薬品総合卸売業を営んでいます。
　常にお得意先の立場を尊重しつ",熊本県熊本市中央区九品寺６丁目２番３５号,1304,1948,,富田久雄,https://www.tomita-pharma.co.jp
株式会社マイスティア,2330001009286,"製造装置・精密機械の企画開発～製造販売
精密機械等のメンテナス・フィールドサービス
組込みIoTシステム及び周辺機器の企",熊本県合志市福原１番地３５,1750,1990,,工藤正也,https://www.meistier.co.jp/
株式会社オカムラ,2330001012686,廃棄物収集運搬業、ビルメンテナンス業,熊本県宇城市松橋町久具１９４８番地１,209,1986,,岡村健志,https://okamura-tmc.co.jp
株式会社日本ビル管理,2330001003529,ビルメンテナンス業,熊本県熊本市中央区桜町２番１７号,194,1973,,緒方倫功,http://www.nbkanri.co.jp/
株式会社ＡＲＩＡＫＥ,3330001000228,,熊本県熊本市南区幸田２丁目７番１号,110,1968,,藤本祐二,
クリーンペア九州株式会社,3330001001291,病院等施設清掃・空調関係清掃・ホームユース鳥害対策,熊本県熊本市東区小山町２２１７番地１,451,1998,,工藤一広,
株式会社ヒライ,2330001009088,,熊本県熊本市西区春日７丁目２６番７０号,1738,2009,,平井浩一郎,https://www.hirai-wa.com/
内村酸素株式会社,3330001000450,医療、造船、鉄構、自動車、食品、半導体関連等の卸売業,熊本県熊本市中央区本荘５丁目１３番１８号,117,1951,,今川敬志,https://www.uchimura-sanso.co.jp/
熊本ダイハツ販売株式会社,3330001001507,自動車販売及び整備その他,熊本県熊本市南区平田２丁目８番７０号,398,1968,,畑島幸博,https://kumamoto.dd.daihatsu.co.jp
ユナイテッドトヨタ熊本株式会社,3330001003271,自動車販売・修理,熊本県熊本市中央区十禅寺４丁目１番１号,470,1962,,西治三朗,https://www.united-toyotakumamoto.jp/
イワタニ南九州株式会社,3330001004550,"LPガス関連（プロパン・ガス器具・供給設備販売、設計・施工）
石油関連（石油類、石油機器）
生活関連（日用品・家電製品・",熊本県熊本市東区小山２丁目１６番５０号,147,1968,,當摩敦,http://www.mkm-marui.co.jp
株式会社ＳＹＳＫＥＮ,3330001003635,NTTインフラ構築事業、総合設備構築事業,熊本県熊本市中央区萩原町１４番４５号,696,1946,,福元秀典,https://www.sysken.co.jp/
株式会社ユーケイデンタル,3330001004773,歯科医療・歯科技工用機械、器具、器材、薬品の販売,熊本県熊本市南区流通団地１丁目６８番地,159,1982,,西島潤也,http://www.ukdental.co.jp/
株式会社鈴弥洋行,1380001005562,事務機器販売,福島県郡山市備前舘２丁目６番地,56,1979,,鈴木淳弥,
東邦福島株式会社,1380001009126,各種高圧ガス販売及び関連機器等の販売,福島県郡山市横塚３丁目１２番１６号,102,1969,,秋山利一,
株式会社エフコム,1380001004696,"【情報処理サービス業】
　アウトソーシング、クラウドサービス、システム開発、機器販売、機器保守、ヘルプディスク、他",福島県郡山市堤下町１３番８号,365,1980,,斎藤正弘,https://www.f-com.co.jp/
関場建設株式会社,1380001015636,土木工事、建築工事、住宅建築・リフォ－ム工事,福島県南相馬市原町区錦町１丁目１番地,133,1947,,関場直隆,https://www.sekiba.co.jp
株式会社タイセークリーン,1380001005678,"建物清掃業
産業廃棄物処理業
警備業",福島県郡山市安積町長久保３丁目１２番地１６,133,1987,,本田弘,http://taisee-clean.co.jp
ゼビオ株式会社,1380001025412,スポーツ用品・用具の販売。及び紳士・婦人・子供衣料の販売,福島県郡山市朝日３丁目７番３５号,3405,2015,,諸橋友良,
株式会社福島情報処理センター,1380001006486,"・自治体、医療、民間等システムソリューション
・システム開発、運用、アウトソーシング
・データセンター運営",福島県郡山市桑野３丁目１８番２４号,260,1965,,小暮憲一,https://fic.co.jp/
朝日機工株式会社,2120001155226,,福島県石川郡石川町大字中野字吹上５７番地,64,1944,,大塚浩二,
株式会社こんの,2380001000505,再生資源卸売業,福島県福島市陣場町２番２０号,102,1957,,紺野道昭,http://www.konno.gr.jp
福島日産自動車株式会社,2380001001511,"自動車販売（新車・中古車・フォークリフト）
自動車整備、自動車部品・用品販売",福島県福島市北町２番３２号,640,1938,,金子與志幸,http://ni-fukushima.nissan-dealer.jp
日産プリンス福島販売株式会社,2380001003516,,福島県福島市荒町４番３０号,300,2006,,松林克次,
東北アルフレッサ株式会社,2380001005082,医薬品卸売業,福島県郡山市喜久田町卸１丁目４６番地１,975,1971,,小林靖,
福島建機株式会社,2380001006444,日立建設機械の販売・サービス及びレンタル事業,福島県郡山市日和田町高倉字藤坦１番地３３６,55,1979,,加瀬元三郎,
株式会社福島中央テレビ,2380001006502,放送法に基づく基幹放送事業,福島県郡山市池ノ台１３番２３号,114,1969,,尾崎和典,
株式会社幸楽苑,2380001005074,当社は、らーめん、餃子等を製造・直販するほか、フランチャイズ加盟店の募集、加盟店への麺・スープ等の食材並びに消耗品等の販,福島県郡山市田村町上行合字北川田２番地１,2994,,,兼新井田傳,https://hd.kourakuen.co.jp/
株式会社アンフィニ福島,1380001028720,労働者派遣事業,福島県いわき市平字尼子町２番地２７,182,2017,,蛭田佳克,https://anfini-f.co.jp/
グラントマト株式会社,2380001011667,,福島県須賀川市狸森字下竹ノ内９番地５,429,1994,,南條浩,
常磐共同ガス株式会社,2380001012987,,福島県いわき市常磐湯本町日渡７４番地の７,65,1959,,小野寺智勇,
東洋システム株式会社,2380001013457,"●二次電池の充放電評価装置の設計・開発・製造・販売 
●電池試作装置・安全性評価装置の設計・開発・製造・販売 
●Li-",福島県いわき市常磐西郷町銭田１０６番地の１,130,1989,,庄司秀樹,http://toyo-system.co.jp/
新常磐交通株式会社,2380001013060,"乗合バス事業、貸切バス事業
自動車教習事業、不動産事業、車両整備・販売・保険事業
燃料等販売事業、観光事業",福島県いわき市明治団地４番地の１,374,1983,,高野康央,http://www.joko.co.jp
サンセイ医機株式会社,1380001009159,医療機器・診療材料卸売業,福島県郡山市昭和２丁目１１番５号,310,1959,,八角洋,https://www.sansei-iki.co.jp/
株式会社シマ商会,2380001015610,,福島県南相馬市原町区雫字権現下７３番地の２,200,1980,,島一樹,
コマツ福島株式会社,2380001021591,建設機械および付属品の販売・整備・賃貸,福島県郡山市字下亀田１６番地３,155,2012,,苅谷秀行,http://www.kics.co.jp
株式会社クレハ分析センター（閉鎖）,2380001012797,環境分析、理化学分析、極微量分析、骨検査,福島県いわき市錦町落合１６番地,101,1990,,小山正泰,https://www.kureha-bunseki.co.jp
株式会社あけぼの印刷社,1050001000126,印刷業（チラシ、POP、パンフレット、ギフト券、フリーペーパー、商品パッケージ、パネル、タペストリー等）、物流代行、マー,茨城県水戸市白梅１丁目２番１１号,90,1962,,山田周,https://www.akebono-print.co.jp/
株式会社常陽銀行,1050001001231,普通銀行業,茨城県水戸市南町２丁目５番５号,5285,1935,,頭取笹島律夫,http://www.joyobank.co.jp
株式会社アンドエスティＨＤ,1050001002254,カジュアルウェアの販売,茨城県水戸市泉町３丁目１番２７号,6944,,,福田泰生,http://www.adastria.co.jp/
トヨタカローラ新茨城株式会社,1050001001867,"・トヨタ系列の新車販売
・各種中古車の販売
・自動車用品販売
・自動車点検・整備・板金塗装
・保険代理店業務（損保・生保",茨城県水戸市水府町１５２２番地の１,384,1962,,佐藤信聡,https://www.corolla-si.com/corporate/plan
常洋水産株式会社,1050001001165,公設卸売市場内での鮮魚、冷凍魚、塩干魚及び加工品の卸売販売、瓶缶詰、一般加工食品、菓子、酒類、チルド食品、冷凍食品等の卸,茨城県水戸市青柳町４５６６番地,368,1948,,大谷勉,http://www.joyosuisan.com
株式会社ダイエツ,2380001017557,①建設コンサルタント（公共測量・土木設計、補修補強設計・地質地盤調査解析・構造物の点検診断、維持管理計画の企画提案）②補,福島県会津若松市表町２番５３号,58,1973,,酒井太一,http://www.daietsu.co/
株式会社ビック,2380001017771,総合ビル管理・警備,福島県会津若松市城東町１４番５１号ラフィーネ城東１Ｆ,276,1983,,鈴木智恵,https://www.bicc.jp
原子力エンジニアリング株式会社,1050001004639,原子力関係機器の設計、製作及び運転保守,茨城県那珂郡東海村大字村松字平原３１２９番地の２９,496,1978,,萩谷弘通,http://www.neco-net.co.jp/
勝田環境株式会社,1050001006676,一般、産業廃棄物収集運搬業,茨城県ひたちなか市大字津田２５５４番地の２,150,1978,,望月福男,http://www.katsukan.com/
株式会社スミハツ,1010001020516,自動車用板ばね、産機用巻ばね、鉄道施設用品等の製造販売,茨城県桜川市高森１１５８番地,438,1934,,澁谷祐司,https://www.sumihatsu.com
株式会社クリーンジャックシステム,1050001009893,ビル、店舗のフロアービルメンテナンス,茨城県つくば市梅園２丁目２７番地１２,108,1990,,伊勢一則,
株式会社ＪＭホールディングス,1050001011577,,茨城県土浦市卸町２丁目３番３０号,56,,,境正博,
三展ミネコンサルタント株式会社,1050001010315,建設コンサルタント業務,茨城県土浦市桜町４丁目１１番１４号,125,1987,,井上浩之,http://www.santenmine.co.jp
株式会社潤工社,1050001007996,フロロポリマーを用いた成型加工品の製造（主としてコンピューターに用いる特殊電線、ケーブル）,茨城県笠間市福田９６１番地２０,534,1954,,十河衛,https://www.junkosha.com/jp
クリタ分析センター株式会社,1050001016444,環境計量証明事業,茨城県つくば市高野台２丁目８番１４号,372,2003,,石丸育生,http://www.kuritabunseki.co.jp/
一誠商事株式会社,1050001017178,"●不動産の売買、仲介
●賃貸借及び管理
●損害保険代理業
●不動産コンサルティング
●マンション管理業
●不動産投資顧問",茨城県つくば市竹園２丁目２番地４,330,1979,,五十嵐徹,http://www.issei-syoji.co.jp
新安全警備保障株式会社,1050001004969,警備業,茨城県水戸市吉沢町３５７番地の１,548,1992,,小俣力男,http://www.shinanzenkeibi.com/main.html
ハムリー株式会社,1050001019190,受託研究,茨城県古河市尾崎２６３８番地の２,187,1981,,鈴木正一,
株式会社タナカ,1050001010075,販促用印刷物の製造販売、木造住宅用接合金物の製造販売、選挙用公営ポスター掲示板の製造販売,茨城県土浦市藤沢３４９５番地１,503,1961,,田中司郎,http://www.tanakanet.co.jp