企業名,法人番号,氏名,種別,役職,所属/根拠,取得元媒体,チャネル,根拠URL,確度,探索結果,取得日
空研工業株式会社,1290001007221,,,,,,tech,,,GitHub:domain-miss(rl4192),2026-07-01
日本高圧コンクリート株式会社,1430001020829,,,,,,tech,,,GitHub:domain-miss(rl4191),2026-07-01
福岡酸素株式会社,1290001049544,,,,,,tech,,,GitHub:domain-hit:fksanso(rl4190) / org:fksanso:no-name,2026-07-01
エア・ウォーター産業・医療ガス株式会社,2430001022196,,,,,,tech,,,GitHub:domain-miss(rl4188),2026-07-01
西菱電機株式会社,1140001078509,,,,,,tech,,,GitHub:domain-miss(rl4187),2026-07-01
古河産機システムズ株式会社,1010001087927,,,,,,tech,,,GitHub:domain-miss(rl4186),2026-07-01
株式会社サンネット,1240001012779,,,,,,tech,,,GitHub:domain-miss(rl4185),2026-07-01
仙台トヨペツト株式会社,1370001006652,,,,,,tech,,,GitHub:domain-miss(rl4184),2026-07-01
グリーン産業株式会社,2110001001769,,,,,,tech,,,GitHub:domain-miss(rl4183),2026-07-01
株式会社市川工務店,1200001000374,,,,,,tech,,,GitHub:domain-miss(rl4182),2026-07-01
エネサーブ株式会社,2160001003901,,,,,,tech,,,GitHub:domain-miss(rl4181),2026-07-01
株式会社中島商会,2260001004880,,,,,,tech,,,GitHub:domain-miss(rl4180),2026-07-01
ユナイテッドトヨタ熊本株式会社,3330001003271,,,,,,tech,,,GitHub:domain-miss(rl4179),2026-07-01
株式会社エフコム,1380001004696,,,,,,tech,,,GitHub:domain-miss(rl4178),2026-07-01
ニプロバスキュラー株式会社,1180001001887,,,,,,tech,,,GitHub:domain-miss(rl4177),2026-07-01
川北電気工業株式会社,1180001035290,,,,,,tech,,,GitHub:domain-miss(rl4176),2026-07-01
インバースネット株式会社,1020001036619,,,,,,tech,,,GitHub:domain-miss(rl4175),2026-07-01
株式会社じょうてつ,1430001007925,,,,,,tech,,,GitHub:domain-miss(rl4174),2026-07-01
ホシザキ北海道株式会社,1430001015639,,,,,,tech,,,GitHub:domain-miss(rl4173),2026-07-01
東邦レオ株式会社,1120001085408,,,,,,tech,,,GitHub:domain-miss(rl4172),2026-07-01
日本スピンドル製造株式会社,1140001050327,,,,,,tech,,,GitHub:domain-miss(rl4171),2026-07-01
株式会社スズキ自販埼玉,2030001004499,,,,,,tech,,,GitHub:domain-miss(rl4170),2026-07-01
株式会社アスコン,1240001029690,,,,,,tech,,,GitHub:domain-miss(rl4169),2026-07-01
株式会社復建技術コンサルタント,1370001010010,,,,,,tech,,,GitHub:domain-miss(rl4168),2026-07-01
島津産機システムズ株式会社,2160001000964,,,,,,tech,,,GitHub:domain-miss(rl4167),2026-07-01
株式会社ウイン,1500001000617,,,,,,tech,,,GitHub:domain-miss(rl4166),2026-07-01
原子力エンジニアリング株式会社,1050001004639,,,,,,tech,,,GitHub:domain-miss(rl4165),2026-07-01
常洋水産株式会社,1050001001165,,,,,,tech,,,GitHub:domain-miss(rl4164),2026-07-01
株式会社スミハツ,1010001020516,,,,,,tech,,,GitHub:domain-miss(rl4163),2026-07-01
クリタ分析センター株式会社,1050001016444,,,,,,tech,,,GitHub:domain-miss(rl4162),2026-07-01
日邦産業株式会社,1120901007832,,,,,,tech,,,GitHub:domain-miss(rl4161),2026-07-01
株式会社アルファ,1020001005862,,,,,,tech,,,GitHub:domain-miss(rl4160),2026-07-01
大成機工株式会社,1120001066556,,,,,,tech,,,GitHub:domain-miss(rl4159),2026-07-01
ミズホ株式会社,1010001007612,,,,,,tech,,,GitHub:domain-miss(rl4158),2026-07-01
株式会社ＪＰＦ,1010001033237,,,,,,tech,,,GitHub:domain-miss(rl4157),2026-07-01
ホシザキ京阪株式会社,1120001025289,,,,,,tech,,,GitHub:domain-miss(rl4156),2026-07-01
東洋熱工業株式会社,1010001051916,,,,,,tech,,,GitHub:domain-miss(rl4155),2026-07-01
株式会社電算,1100001002083,,,,,,tech,,,GitHub:domain-miss(rl4154),2026-07-01
岐阜プラスチック工業株式会社,1200001001471,,,,,,tech,,,GitHub:domain-miss(rl4153),2026-07-01
近江鉄道株式会社,1160001008109,,,,,,tech,,,GitHub:domain-miss(rl4152),2026-07-01
株式会社ＳＹＳＫＥＮ,3330001003635,,,,,,tech,,,GitHub:domain-miss(rl4151),2026-07-01
大同興業株式会社,1180001037502,,,,,,tech,,,GitHub:domain-miss(rl4150),2026-07-01
レーザーテック株式会社,1020001022180,,,,,,tech,,,GitHub:domain-miss(rl4149),2026-07-01
セントラルリーシングシステム株式会社,1430001024268,,,,,,tech,,,GitHub:domain-miss(rl4148),2026-07-01
王子エンジニアリング株式会社,1010001039770,,,,,,tech,,,GitHub:domain-miss(rl4147),2026-07-01
東レプラスチック精工株式会社,1010001051932,,,,,,tech,,,GitHub:domain-miss(rl4146),2026-07-01
長野日産自動車株式会社,2100001002470,,,,,,tech,,,GitHub:domain-miss(rl4143),2026-07-01
長野日野自動車株式会社,2100001002512,,,,,,tech,,,GitHub:domain-miss(rl4140),2026-07-01
クリーンペア九州株式会社,3330001001291,,,,,,tech,,,GitHub:domain-miss(rl4139),2026-07-01
イチカワ株式会社,1010001000708,,,,,,tech,,,GitHub:domain-miss(rl4138),2026-07-01
日本紙パルプ商事株式会社,1010001034978,,,,,,tech,,,GitHub:domain-miss(rl4137),2026-07-01
株式会社ＣＩＪ,1020001015606,,,,,,tech,,,GitHub:domain-miss(rl4136),2026-07-01
親和パッケージ株式会社,1140001001783,,,,,,tech,,,GitHub:domain-miss(rl4135),2026-07-01
星和電機株式会社,1130001038463,,,,,,tech,,,GitHub:domain-miss(rl4134),2026-07-01
株式会社第一ビルデイング,1010001065445,,,,,,tech,,,GitHub:domain-miss(rl4133),2026-07-01
株式会社ＹＤＫテクノロジーズ,1021001022880,,,,,,tech,,,GitHub:domain-miss(rl4132),2026-07-01
ＡＧＳ株式会社,2030001000011,,,,,,tech,,,GitHub:domain-miss(rl4131),2026-07-01
協和ビル管理株式会社,2040001001784,,,,,,tech,,,GitHub:domain-miss(rl4130),2026-07-01
鈴与商事株式会社,1080001002318,,,,,,tech,,,GitHub:domain-miss(rl4129),2026-07-01
日精樹脂工業株式会社,1100001011530,,,,,,tech,,,GitHub:domain-miss(rl4128),2026-07-01
株式会社タナカ,1050001010075,,,,,,tech,,,GitHub:domain-miss(rl4127),2026-07-01
商船三井ロジスティクス株式会社,1010001012546,,,,,,tech,,,GitHub:domain-miss(rl4126),2026-07-01
阪神警備保障株式会社,1120001031502,,,,,,tech,,,GitHub:domain-miss(rl4125),2026-07-01
太陽管財株式会社,1030001005250,,,,,,tech,,,GitHub:domain-miss(rl4124),2026-07-01
株式会社スマイル企画,1290001045015,,,,,,tech,,,GitHub:domain-miss(rl4123),2026-07-01
滋賀ダイハツ販売株式会社,1160001013406,,,,,,tech,,,GitHub:domain-miss(rl4120),2026-07-01
イリソ電子工業株式会社,1020001053696,,,,,,tech,,,GitHub:domain-miss(rl4119),2026-07-01
ユー・エム・シー・エレクトロニクス株式会社,1030001044117,,,,,,tech,,,GitHub:domain-miss(rl4118),2026-07-01
株式会社マンダム,1120001090234,,,,,,tech,,,GitHub:domain-miss(rl4117),2026-07-01
ダイナパック株式会社,1180001037535,,,,,,tech,,,GitHub:domain-miss(rl4116),2026-07-01
株式会社ツツミ,2030001021115,,,,,,tech,,,GitHub:domain-miss(rl4115),2026-07-01
セブン工業株式会社,1200001017170,,,,,,tech,,,GitHub:domain-miss(rl4114),2026-07-01
日本インシュレーション株式会社,1120001040610,,,,,,tech,,,GitHub:domain-miss(rl4113),2026-07-01
株式会社関東甲信クボタ,1030001072877,,,,,,tech,,,GitHub:domain-miss(rl4112),2026-07-01
東北アルフレッサ株式会社,2380001005082,,,,,,tech,,,GitHub:domain-miss(rl4111),2026-07-01
日本ニューホランド株式会社,1430001021026,,,,,,tech,,,GitHub:domain-miss(rl4110),2026-07-01
株式会社宮崎,1180001045546,,,,,,tech,,,GitHub:domain-miss(rl4109),2026-07-01
セントラル総業株式会社,1020001067993,,,,,,tech,,,GitHub:domain-miss(rl4108),2026-07-01
日本高周波鋼業株式会社,1010001016852,,,,,,tech,,,GitHub:domain-miss(rl4107),2026-07-01
日本山村硝子株式会社,1140001054947,,,,,,tech,,,GitHub:domain-miss(rl4106),2026-07-01
ハリマ共和物産株式会社,1140001060846,,,,,,tech,,,GitHub:domain-miss(rl4105),2026-07-01
日本環境クリアー株式会社,2030001006446,,,,,,tech,,,GitHub:domain-miss(rl4104),2026-07-01
三洋環境株式会社,1260001002712,,,,,,tech,,,GitHub:domain-miss(rl4103),2026-07-01
トヨタカローラ新茨城株式会社,1050001001867,,,,,,tech,,,GitHub:domain-miss(rl4102),2026-07-01
石福金属興業株式会社,1010001010624,,,,,,tech,,,GitHub:domain-miss(rl4101),2026-07-01
林兼エスト株式会社,1290001009738,,,,,,tech,,,GitHub:domain-miss(rl4100),2026-07-01
株式会社大伸,1140001013449,,,,,,tech,,,GitHub:domain-miss(rl4099),2026-07-01
ＡＬＳＯＫ千葉株式会社,1040001008244,,,,,,tech,,,GitHub:domain-miss(rl4098),2026-07-01
日本紙通商株式会社,1010001045983,,,,,,tech,,,GitHub:domain-miss(rl4097),2026-07-01
株式会社東洋経済新報社,1010001051874,,,,,,tech,,,GitHub:domain-miss(rl4096),2026-07-01
株式会社三橋商会,1120001090515,,,,,,tech,,,GitHub:domain-miss(rl4095),2026-07-01
株式会社ＭＣエバテック,1140001048230,,,,,,tech,,,GitHub:domain-miss(rl4094),2026-07-01
千葉ビル・メンテナンス株式会社,2040001054287,,,,,,tech,,,GitHub:domain-miss(rl4093),2026-07-01
フロンティア・マネジメント株式会社,1010001121867,,,,,,tech,,,GitHub:domain-miss(rl4092),2026-07-01
株式会社図研,2020001008807,,,,,,tech,,,GitHub:domain-miss(rl4091),2026-07-01
ジェイ・アール・シー特機株式会社,2020001020489,,,,,,tech,,,GitHub:domain-miss(rl4090),2026-07-01
株式会社エス・ビー・エム,1080001009767,,,,,,tech,,,GitHub:domain-miss(rl4089),2026-07-01
東濃建物管理株式会社,1200001017955,,,,,,tech,,,GitHub:domain-miss(rl4088),2026-07-01
ジャパンマテリアル株式会社,2190001015191,,,,,,tech,,,GitHub:domain-miss(rl4087),2026-07-01
熊本ダイハツ販売株式会社,3330001001507,,,,,,tech,,,GitHub:domain-miss(rl4086),2026-07-01
サンセイ医機株式会社,1380001009159,,,,,,tech,,,GitHub:domain-miss(rl4085),2026-07-01
新常磐交通株式会社,2380001013060,,,,,,tech,,,GitHub:domain-miss(rl4084),2026-07-01
キャタピラー九州株式会社,1290001079293,,,,,,tech,,,GitHub:domain-miss(rl4083),2026-07-01
明星工業株式会社,1120001049032,,,,,,tech,,,GitHub:domain-miss(rl4082),2026-07-01
大阪有機化学工業株式会社,1120001093014,,,,,,tech,,,GitHub:domain-miss(rl4081),2026-07-01
笹徳印刷株式会社,1180001069322,,,,,,tech,,,GitHub:domain-miss(rl4080),2026-07-01
株式会社ニチダイ,2130001038818,,,,,,tech,,,GitHub:domain-miss(rl4079),2026-07-01
東北特殊鋼株式会社,2370001002444,,,,,,tech,,,GitHub:domain-miss(rl4078),2026-07-01
マスプロ電工株式会社,1180001067276,,,,,,tech,,,GitHub:domain-miss(rl4077),2026-07-01
ホシザキ北九株式会社,1290001016577,,,,,,tech,,,GitHub:domain-miss(rl4076),2026-07-01
株式会社セイビ九州,1290001014110,,,,,,tech,,,GitHub:domain-miss(rl4075),2026-07-01
株式会社クリーンコーポレーション,1430001005061,,,,,,tech,,,GitHub:domain-miss(rl4074),2026-07-01
ミツワ電機株式会社,1010001058408,,,,,,tech,,,GitHub:domain-miss(rl4073),2026-07-01
東洋炭素株式会社,1120001050238,,,,,,tech,,,GitHub:domain-miss(rl4072),2026-07-01
株式会社翻訳センター,1120001089458,,,,,,tech,,,GitHub:domain-miss(rl4071),2026-07-01
ＪＦＥ東日本ジーエス株式会社,1020001072119,,,,,,tech,,,GitHub:domain-miss(rl4070),2026-07-01
株式会社日興商会,1140001050558,,,,,,tech,,,GitHub:domain-miss(rl4069),2026-07-01
ニチコン株式会社,2130001022029,,,,,,tech,,,GitHub:domain-miss(rl4068),2026-07-01
ワールドビジネスセンター株式会社,2130001012070,,,,,,tech,,,GitHub:domain-miss(rl4067),2026-07-01
田辺薬局株式会社,1010001090468,,,,,,tech,,,GitHub:domain-miss(rl4066),2026-07-01
中国塗料株式会社,1240001028478,,,,,,tech,,,GitHub:domain-miss(rl4065),2026-07-01
株式会社有沢製作所,1110001018789,,,,,,tech,,,GitHub:domain-miss(rl4064),2026-07-01
環境をサポートする株式会社きらめき,1110001001720,,,,,,tech,,,GitHub:domain-miss(rl4063),2026-07-01
株式会社共和コーポレーション,1100001000797,,,,,,tech,,,GitHub:domain-miss(rl4062),2026-07-01
株式会社ＵＬ　Ｊａｐａｎ,1190001006514,,,,,,tech,,,GitHub:domain-miss(rl4061),2026-07-01
昭和コンクリート工業株式会社,2200001002601,,,,,,tech,,,GitHub:domain-miss(rl4060),2026-07-01
株式会社扇港電機,2190001015290,,,,,,tech,,,GitHub:domain-miss(rl4059),2026-07-01
タカラバイオ株式会社,1160001002490,,,,,,tech,,,GitHub:domain-miss(rl4058),2026-07-01
株式会社近畿予防医学研究所,2160001000535,,,,,,tech,,,GitHub:domain-miss(rl4057),2026-07-01
株式会社新来島どっく,1010001045595,,,,,,tech,,,GitHub:domain-miss(rl4056),2026-07-01
福島日産自動車株式会社,2380001001511,,,,,,tech,,,GitHub:domain-miss(rl4055),2026-07-01
株式会社スマイルクルー,1020001094146,,,,,,tech,,,GitHub:domain-miss(rl4054),2026-07-01
株式会社京滋マツダ,2130001024529,,,,,,tech,,,GitHub:domain-miss(rl4053),2026-07-01
南北ビルセイビ株式会社,1120001039363,,,,,,tech,,,GitHub:domain-miss(rl4052),2026-07-01
株式会社嘉文,1180001014286,,,,,,tech,,,GitHub:domain-miss(rl4051),2026-07-01
株式会社近藤紡績所,1180001035935,,,,,,tech,,,GitHub:domain-miss(rl4050),2026-07-01
ラブリー株式会社,1020001012776,,,,,,tech,,,GitHub:domain-miss(rl4049),2026-07-01
中央精版印刷株式会社,1030001020480,,,,,,tech,,,GitHub:domain-miss(rl4048),2026-07-01
阪神高速トール神戸株式会社,1140001028546,,,,,,tech,,,GitHub:domain-miss(rl4047),2026-07-01
アーキスプランニング株式会社,1130001004300,,,,,,tech,,,GitHub:domain-miss(rl4046),2026-07-01
株式会社成基,1130001003203,,,,,,tech,,,GitHub:domain-miss(rl4045),2026-07-01
株式会社ルルアーク,1290001003427,,,,,,tech,,,GitHub:domain-miss(rl4044),2026-07-01
株式会社ニューオータニ九州,1290001010423,,,,,,tech,,,GitHub:domain-miss(rl4043),2026-07-01
積水ハウス建設九州株式会社,1290001017773,,,,,,tech,,,GitHub:domain-miss(rl4042),2026-07-01
株式会社大富,1290001036286,,,,,,tech,,,GitHub:domain-miss(rl4041),2026-07-01
株式会社あいネットサービス,1080001002251,,,,,,tech,,,GitHub:domain-miss(rl4040),2026-07-01
株式会社中島屋ホテルズ,1080001002895,,,,,,tech,,,GitHub:domain-miss(rl4039),2026-07-01
清和海運株式会社,1080001008463,,,,,,tech,,,GitHub:domain-miss(rl4038),2026-07-01
株式会社ユーマート,1080001009379,,,,,,tech,,,GitHub:domain-miss(rl4037),2026-07-01
株式会社明乳松浦,1240001032356,,,,,,tech,,,GitHub:domain-miss(rl4036),2026-07-01
おのみちバス株式会社,1240001039244,,,,,,tech,,,GitHub:domain-miss(rl4035),2026-07-01
仙台交通株式会社,1370001002420,,,,,,tech,,,GitHub:domain-miss(rl4034),2026-07-01
国分東北株式会社,1370001001380,,,,,,tech,,,GitHub:domain-miss(rl4033),2026-07-01
弘進ゴム株式会社,1370001002973,,,,,,tech,,,GitHub:domain-miss(rl4032),2026-07-01
株式会社加賀田組,1110001001051,,,,,,tech,,,GitHub:domain-miss(rl4031),2026-07-01
日軽新潟株式会社（閉鎖）,1110001006604,,,,,,tech,,,GitHub:domain-miss(rl4030),2026-07-01
株式会社ワイエムフーズ,1110001011546,,,,,,tech,,,GitHub:domain-miss(rl4029),2026-07-01
株式会社津山商店,1110001026412,,,,,,tech,,,GitHub:domain-miss(rl4028),2026-07-01
株式会社クリエイティブヨーコ,1100001000847,,,,,,tech,,,GitHub:domain-miss(rl4027),2026-07-01
マルイチ・ロジスティクス・サービス株式会社,1100001004732,,,,,,tech,,,GitHub:domain-miss(rl4026),2026-07-01
アート梱包運輸株式会社,1100001010739,,,,,,tech,,,GitHub:domain-miss(rl4025),2026-07-01
多摩川マイクロテップ株式会社,1100001022305,,,,,,tech,,,GitHub:domain-miss(rl4024),2026-07-01
株式会社喜久家,1200001001546,,,,,,tech,,,GitHub:domain-miss(rl4023),2026-07-01
株式会社オオケン,1240001001765,,,,,,tech,,,GitHub:domain-miss(rl4022),2026-07-01
株式会社安永,1190001008733,,,,,,tech,,,GitHub:domain-miss(rl4021),2026-07-01
ジョルジオアルマーニジャパン株式会社,1010001019962,,,,,,tech,,,GitHub:domain-miss(rl4020),2026-07-01
大阪エムケイ株式会社,1120001036971,,,,,,tech,,,GitHub:domain-miss(rl4019),2026-07-01
スバル東海株式会社,1180001013049,,,,,,tech,,,GitHub:domain-miss(rl4018),2026-07-01
中電不動産株式会社,1180001016200,,,,,,tech,,,GitHub:domain-miss(rl4017),2026-07-01
株式会社大同ライフサービス,1180001014798,,,,,,tech,,,GitHub:domain-miss(rl4016),2026-07-01
イチビキ株式会社,1180001021522,,,,,,tech,,,GitHub:domain-miss(rl4015),2026-07-01
株式会社ジェイアール東海高島屋,1180001030531,,,,,,tech,,,GitHub:domain-miss(rl4014),2026-07-01
株式会社ワールドツール,1010401117787,,,,,,tech,,,GitHub:domain-miss(rl4013),2026-07-01
Ｐ＆Ｇジャパン合同会社,1140001024801,,,,,,tech,,,GitHub:domain-miss(rl4012),2026-07-01
株式会社マツヤスーパー,1130001013359,,,,,,tech,,,GitHub:domain-miss(rl4011),2026-07-01
カンケンテクノ株式会社,1130001030783,,,,,,tech,,,GitHub:domain-miss(rl4010),2026-07-01
ニデックテクノモータ株式会社,1130001044180,,,,,,tech,,,GitHub:domain-miss(rl4009),2026-07-01
西日本フード株式会社,1290001022575,,,,,,tech,,,GitHub:domain-miss(rl4008),2026-07-01
株式会社河野,1240001003357,,,,,,tech,,,GitHub:domain-miss(rl4007),2026-07-01
西部運輸株式会社,1240001031060,,,,,,tech,,,GitHub:domain-miss(rl4006),2026-07-01
株式会社Ｂ・Ｉ,1370001005910,,,,,,tech,,,GitHub:domain-miss(rl4005),2026-07-01
株式会社日本フードリンク,1110001004293,,,,,,tech,,,GitHub:domain-miss(rl4004),2026-07-01
株式会社デンソーワイズテック,1200001018152,,,,,,tech,,,GitHub:domain-miss(rl4003),2026-07-01
三重交通コミュニティ株式会社,1190001000351,,,,,,tech,,,GitHub:domain-miss(rl4002),2026-07-01
株式会社赤福,1190001006381,,,,,,tech,,,GitHub:domain-miss(rl4001),2026-07-01
株式会社テレコムスクエア,1010001026918,,,,,,tech,,,GitHub:domain-miss(rl4000),2026-07-01
株式会社アート,1010701014775,,,,,,tech,,,GitHub:domain-miss(rl3999),2026-07-01
株式会社イボキン,1140001038603,,,,,,tech,,,GitHub:domain-miss(rl3998),2026-07-01
株式会社ＮＴＴデータ・エム・シー・エス,1040001036848,,,,,,tech,,,GitHub:domain-miss(rl3997),2026-07-01
札幌日信電子株式会社,2430001020233,,,,,,tech,,,GitHub:domain-miss(rl3996),2026-07-01
ダイキンＭＲエンジニアリング株式会社,1120001133315,,,,,,tech,,,GitHub:domain-miss(rl3995),2026-07-01
コーホク印刷株式会社,1260001002373,,,,,,tech,,,GitHub:domain-miss(rl3994),2026-07-01
内村酸素株式会社,3330001000450,,,,,,tech,,,GitHub:domain-miss(rl3993),2026-07-01
関場建設株式会社,1380001015636,,,,,,tech,,,GitHub:domain-miss(rl3992),2026-07-01
株式会社イナハラ,1140001006205,,,,,,tech,,,GitHub:domain-miss(rl3991),2026-07-01
共栄株式会社,1140001007137,,,,,,tech,,,GitHub:domain-miss(rl3990),2026-07-01
株式会社エージェンシーアシスト,1130001013945,,,,,,tech,,,GitHub:domain-miss(rl3989),2026-07-01
船橋興産株式会社,1040001019365,,,,,,tech,,,GitHub:domain-miss(rl3988),2026-07-01
グローブシップ総合管理株式会社,1010001062434,,,,,,tech,,,GitHub:domain-miss(rl3987),2026-07-01
株式会社クエリー,1021001019662,,,,,,tech,,,GitHub:domain-miss(rl3986),2026-07-01
株式会社秀光,1020001077472,,,,,,tech,,,GitHub:domain-miss(rl3985),2026-07-01
株式会社グラファイトデザイン,1030001090714,,,,,,tech,,,GitHub:domain-miss(rl3984),2026-07-01
株式会社竹花組,1100001007330,,,,,,tech,,,GitHub:domain-miss(rl3983),2026-07-01
株式会社アスピア,1100001014038,,,,,,tech,,,GitHub:domain-miss(rl3982),2026-07-01
株式会社ユニオン,1200001005687,,,,,,tech,,,GitHub:domain-miss(rl3981),2026-07-01
ピコシステム株式会社,2260001005516,,,,,,tech,,,GitHub:domain-miss(rl3980),2026-07-01
株式会社タイセークリーン,1380001005678,,,,,,tech,,,GitHub:domain-miss(rl3979),2026-07-01
三展ミネコンサルタント株式会社,1050001010315,,,,,,tech,,,GitHub:domain-miss(rl3978),2026-07-01
永大化工株式会社,1120001019704,,,,,,tech,,,GitHub:domain-miss(rl3977),2026-07-01
埼玉西ヤクルト販売株式会社,1030001026924,,,,,,tech,,,GitHub:domain-miss(rl3974),2026-07-01
八十二リース株式会社,1100001002835,,,,,,tech,,,GitHub:domain-miss(rl3973),2026-07-01
日信防災株式会社,1010001025449,,,,,,tech,,,GitHub:domain-miss(rl3972),2026-07-01
株式会社アビリブ,1180001056163,,,,,,tech,,,GitHub:domain-miss(rl3971),2026-07-01
株式会社日新システムズ,2130001018398,,,,,,tech,,,GitHub:domain-miss(rl3970),2026-07-01
サンライズ・エンジニアリング株式会社,1010001123335,,,,,,tech,,,GitHub:domain-miss(rl3969),2026-07-01
大和機工株式会社,1180001092588,,,,,,tech,,,GitHub:domain-miss(rl3968),2026-07-01
株式会社渡商会,2020001024960,,,,,,tech,,,GitHub:domain-miss(rl3967),2026-07-01
富士テクノロジー株式会社,1080001012804,,,,,,tech,,,GitHub:domain-miss(rl3966),2026-07-01
東光印刷株式会社,1240001007440,,,,,,tech,,,GitHub:domain-miss(rl3965),2026-07-01
株式会社オービス,1240001030054,,,,,,tech,,,GitHub:domain-miss(rl3964),2026-07-01
宮城日野自動車株式会社,1370001005258,,,,,,tech,,,GitHub:domain-miss(rl3963),2026-07-01
株式会社アサプリ,2190001013443,,,,,,tech,,,GitHub:domain-miss(rl3962),2026-07-01
愛媛トヨペット株式会社,1500001000807,,,,,,tech,,,GitHub:domain-miss(rl3961),2026-07-01
愛媛トヨタ自動車株式会社,2500001000806,,,,,,tech,,,GitHub:domain-miss(rl3960),2026-07-01
東洋株式会社,1460101001189,,,,,,tech,,,GitHub:domain-miss(rl3959),2026-07-01
ライラック興業株式会社,2430001018120,,,,,,tech,,,GitHub:domain-miss(rl3958),2026-07-01
ムラタ計測器サービス株式会社,2020001008096,,,,,,tech,,,GitHub:domain-miss(rl3957),2026-07-01
深川医療器株式会社,1240001017514,,,,,,tech,,,GitHub:domain-miss(rl3956),2026-07-01
高沢産業株式会社,2100001001852,,,,,,tech,,,GitHub:domain-miss(rl3955),2026-07-01
滋賀日野自動車株式会社,1160001014544,,,,,,tech,,,GitHub:domain-miss(rl3952),2026-07-01
フクダ電子西部南販売株式会社,1330001004032,,,,,,tech,,,GitHub:domain-miss(rl3951),2026-07-01
東邦福島株式会社,1380001009126,,,,,,tech,,,GitHub:domain-miss(rl3950),2026-07-01
株式会社アークス,1430001018377,,,,,,tech,,,GitHub:domain-miss(rl3949),2026-07-01
鉄鋼処理産業株式会社,1290801012296,,,,,,tech,,,GitHub:domain-miss(rl3948),2026-07-01
日本連合警備株式会社,1080001013224,,,,,,tech,,,GitHub:domain-miss(rl3947),2026-07-01
宮城熊さん株式会社,2370001002378,,,,,,tech,,,GitHub:domain-miss(rl3946),2026-07-01
住商エアロシステム株式会社,1010001020185,,,,,,tech,,,GitHub:domain-miss(rl3945),2026-07-01
株式会社つむら工芸,1120001045502,,,,,,tech,,,GitHub:domain-miss(rl3944),2026-07-01
朝日金属株式会社,1180001011481,,,,,,tech,,,GitHub:domain-miss(rl3943),2026-07-01
株式会社チップトン,1180001014914,,,,,,tech,,,GitHub:domain-miss(rl3942),2026-07-01
株式会社クロステック,1020001037212,,,,,,tech,,,GitHub:domain-miss(rl3941),2026-07-01
株式会社リサーチアンドソリューション,1290001017278,,,,,,tech,,,GitHub:domain-hit:rands-co(rl3940) / org:rands-co:no-name,2026-07-01
池田煖房工業株式会社,1430001001267,,,,,,tech,,,GitHub:domain-miss(rl3938),2026-07-01
サイレックス・テクノロジー株式会社,2130001037373,,,,,,tech,,,GitHub:domain-miss(rl3937),2026-07-01
株式会社奥井組,2030001026824,,,,,,tech,,,GitHub:domain-miss(rl3936),2026-07-01
株式会社セントラルユニ,1010001103857,,,,,,tech,,,GitHub:domain-miss(rl3935),2026-07-01
日本リック株式会社,1010001101679,,,,,,tech,,,GitHub:domain-miss(rl3934),2026-07-01
三機テクノサポート株式会社,1010001116842,,,,,,tech,,,GitHub:domain-miss(rl3933),2026-07-01
株式会社ケアコネクトジャパン,1080001006310,,,,,,tech,,,GitHub:domain-miss(rl3932),2026-07-01
古川電気工業株式会社,1370001006009,,,,,,tech,,,GitHub:domain-miss(rl3931),2026-07-01
株式会社スズキ自販滋賀,1160001001088,,,,,,tech,,,GitHub:domain-miss(rl3930),2026-07-01
株式会社スズキ自販松山,1500001002274,,,,,,tech,,,GitHub:domain-miss(rl3929),2026-07-01
株式会社オカムラ,2330001012686,,,,,,tech,,,GitHub:domain-miss(rl3928),2026-07-01
中央紙器工業株式会社,1180001045224,,,,,,tech,,,GitHub:domain-miss(rl3927),2026-07-01
テスコ株式会社,1370001009259,,,,,,tech,,,GitHub:domain-miss(rl3926),2026-07-01
株式会社シバックス,1020001008907,,,,,,tech,,,GitHub:domain-miss(rl3925),2026-07-01
福岡センコー運輸株式会社,1290001019349,,,,,,tech,,,GitHub:domain-miss(rl3924),2026-07-01
日新興業株式会社,1120001057571,,,,,,tech,,,GitHub:domain-miss(rl3923),2026-07-01
清和肥料工業株式会社,1120001082578,,,,,,tech,,,GitHub:domain-miss(rl3922),2026-07-01
株式会社グッドライフ,1021001000589,,,,,,tech,,,GitHub:domain-miss(rl3921),2026-07-01
東洋警備保障株式会社,1290801002636,,,,,,tech,,,GitHub:domain-miss(rl3920),2026-07-01
加賀ソルネット株式会社,1010001087332,,,,,,tech,,,GitHub:domain-miss(rl3919),2026-07-01
株式会社ミック,2011101020553,,,,,,tech,,,GitHub:domain-miss(rl3918),2026-07-01
オフィスコム株式会社,1010001125570,,,,,,tech,,,GitHub:domain-miss(rl3917),2026-07-01
シブヤ食品株式会社,1370001003187,,,,,,tech,,,GitHub:domain-miss(rl3916),2026-07-01
オリックスレンタカー・カメイ株式会社,1370001007493,,,,,,tech,,,GitHub:domain-miss(rl3915),2026-07-01
宮城中央ヤクルト販売株式会社,1370801000276,,,,,,tech,,,GitHub:domain-miss(rl3914),2026-07-01
ＵＤトラックス新潟株式会社,1110001007255,,,,,,tech,,,GitHub:domain-miss(rl3913),2026-07-01
共栄エンジニアリング株式会社,1110001012362,,,,,,tech,,,GitHub:domain-miss(rl3910),2026-07-01
長野リネンサプライ株式会社,1100001002554,,,,,,tech,,,GitHub:domain-miss(rl3907),2026-07-01
不二越機械工業株式会社,1100001002967,,,,,,tech,,,GitHub:domain-miss(rl3906),2026-07-01
中日本メディカルリンク株式会社,1100001015044,,,,,,tech,,,GitHub:domain-miss(rl3905),2026-07-01
スプリングエイトサービス株式会社,1140001039709,,,,,,tech,,,GitHub:domain-miss(rl3904),2026-07-01
阪神千代田株式会社,1120001069253,,,,,,tech,,,GitHub:domain-miss(rl3903),2026-07-01
中日技研株式会社,2200001003401,,,,,,tech,,,GitHub:domain-miss(rl3902),2026-07-01
キタイ設計株式会社,2160001010600,,,,,,tech,,,GitHub:domain-miss(rlnull),2026-07-01
ハムリー株式会社,1050001019190,,,,,,tech,,,GitHub:domain-miss(rl3901),2026-07-01
横浜植木株式会社,1020001013956,,,,,,tech,,,GitHub:domain-miss(rl3900),2026-07-01
株式会社テクアノーツ,1120901030611,,,,,,tech,,,GitHub:domain-miss(rl3899),2026-07-01
株式会社Ｄｅｆ　ｔｒｉｂｅ,1120001176149,,,,,,tech,,,GitHub:domain-miss(rl3898),2026-07-01
東邦化工建設株式会社,1080101006409,,,,,,tech,,,GitHub:domain-miss(rl3897),2026-07-01
株式会社ユーメディア,1370001004227,,,,,,tech,,,GitHub:domain-miss(rl3896),2026-07-01
仙台ガスサービス株式会社,1370001006710,,,,,,tech,,,GitHub:domain-miss(rl3895),2026-07-01
キノンビクス株式会社,2160001013322,,,,,,tech,,,GitHub:domain-miss(rl3894),2026-07-01
株式会社協同,1210001007526,,,,,,tech,,,GitHub:domain-miss(rl3893),2026-07-01
東洋システム株式会社,2380001013457,,,,,,tech,,,GitHub:domain-miss(rl3892),2026-07-01
勝田環境株式会社,1050001006676,,,,,,tech,,,GitHub:domain-miss(rl3891),2026-07-01
阪神内燃機工業株式会社,1140001010149,,,,,,tech,,,GitHub:domain-miss(rl3890),2026-07-01
ＮＤＳインフォス株式会社,1180001056171,,,,,,tech,,,GitHub:domain-miss(rl3889),2026-07-01
イオンコンパス株式会社,2040001008549,,,,,,tech,,,GitHub:domain-miss(rl3888),2026-07-01
株式会社三協技術,1370001005118,,,,,,tech,,,GitHub:domain-miss(rl3887),2026-07-01
山陽電研株式会社,2260001002678,,,,,,tech,,,GitHub:domain-miss(rl3886),2026-07-01
ＯＥＣ株式会社,2260001001143,,,,,,tech,,,GitHub:domain-miss(rl3885),2026-07-01
株式会社福島情報処理センター,1380001006486,,,,,,tech,,,GitHub:domain-miss(rl3884),2026-07-01
Ｂｉｔｃｏｉｎ　Ｊａｐａｎ株式会社,1010001034953,,,,,,tech,,,GitHub:domain-miss(rl3883),2026-07-01
名古屋酸素株式会社,1180001007067,,,,,,tech,,,GitHub:domain-miss(rl3882),2026-07-01
株式会社双葉工業社,1430001015201,,,,,,tech,,,GitHub:domain-miss(rl3881),2026-07-01
第一電子株式会社,1140001004992,,,,,,tech,,,GitHub:domain-miss(rl3880),2026-07-01
光和管財株式会社,1140001007599,,,,,,tech,,,GitHub:domain-miss(rl3879),2026-07-01
東京貿易テクノシステム株式会社,1010001061642,,,,,,tech,,,GitHub:domain-miss(rl3878),2026-07-01
株式会社トーホーエンジニアリング,1430002034968,,,,,,tech,,,GitHub:domain-miss(rl3877),2026-07-01
株式会社サンコー,2430001019011,,,,,,tech,,,GitHub:domain-miss(rl3876),2026-07-01
札建工業株式会社,2430001006736,,,,,,tech,,,GitHub:domain-miss(rl3875),2026-07-01
株式会社丹新ビルサービス,2130001041160,,,,,,tech,,,GitHub:domain-miss(rl3874),2026-07-01
富士共同物流株式会社,2030001010670,,,,,,tech,,,GitHub:domain-miss(rl3873),2026-07-01
株式会社ディスカバリー,1120001194092,,,,,,tech,,,GitHub:domain-miss(rl3872),2026-07-01
株式会社三明,1080001008018,,,,,,tech,,,GitHub:domain-miss(rl3871),2026-07-01
カガク興商株式会社,1370301000322,,,,,,tech,,,GitHub:domain-miss(rl3870),2026-07-01
カーツ株式会社,1260001009187,,,,,,tech,,,GitHub:domain-miss(rl3869),2026-07-01
ツバメ工業株式会社,2500001014715,,,,,,tech,,,GitHub:domain-miss(rl3868),2026-07-01
白鷺電気工業株式会社,1330001002440,,,,,,tech,,,GitHub:domain-miss(rl3867),2026-07-01
株式会社プロシップ,1010001073852,,,,,,tech,,,GitHub:domain-miss(rl3866),2026-07-01
平和不動産株式会社,1010001034920,,,,,,tech,,,GitHub:domain-miss(rl3865),2026-07-01
横浜高速鉄道株式会社,1020001029440,,,,,,tech,,,GitHub:domain-miss(rl3864),2026-07-01
井澤金属株式会社,1120001077347,,,,,,tech,,,GitHub:domain-miss(rl3863),2026-07-01
わかもと製薬株式会社,1010001035010,,,,,,tech,,,GitHub:domain-miss(rl3862),2026-07-01
株式会社蒲郡クラシックホテル,1080401018707,,,,,,tech,,,GitHub:domain-miss(rl3861),2026-07-01
株式会社ティ・アイ・エス,1290001014705,,,,,,tech,,,GitHub:domain-miss(rl3860),2026-07-01
株式会社アンデルセン・パン生活文化研究所,1240001006178,,,,,,tech,,,GitHub:domain-miss(rl3859),2026-07-01
株式会社アンデルセンサービス,1240001015716,,,,,,tech,,,GitHub:domain-miss(rl3858),2026-07-01
株式会社平成調剤薬局,2200001004647,,,,,,tech,,,GitHub:domain-miss(rl3857),2026-07-01
株式会社カンサイ,1290001012221,,,,,,tech,,,GitHub:domain-miss(rl3856),2026-07-01
株式会社橋本川島コーポレーション,1450001002437,,,,,,tech,,,GitHub:domain-miss(rl3855),2026-07-01
建設サービス株式会社,1290001012989,,,,,,tech,,,GitHub:domain-miss(rl3854),2026-07-01
中外商工株式会社,1120001045403,,,,,,tech,,,GitHub:domain-miss(rl3853),2026-07-01
福博綜合印刷株式会社,1290001016263,,,,,,tech,,,GitHub:domain-miss(rl3852),2026-07-01
札商美装興業株式会社,1430001006811,,,,,,tech,,,GitHub:domain-miss(rl3851),2026-07-01
日本乾溜工業株式会社,1290001028382,,,,,,tech,,,GitHub:domain-miss(rl3850),2026-07-01
株式会社松本鉄工所,1430001053845,,,,,,tech,,,GitHub:domain-miss(rl3849),2026-07-01
株式会社パレスエンタープライズ,1030001006950,,,,,,tech,,,GitHub:domain-miss(rl3848),2026-07-01
株式会社廣瀬商会,1010001054927,,,,,,tech,,,GitHub:domain-miss(rl3847),2026-07-01
株式会社コノエ,1120001079491,,,,,,tech,,,GitHub:domain-miss(rl3846),2026-07-01
株式会社平川燃料,1290001054387,,,,,,tech,,,GitHub:domain-miss(rl3845),2026-07-01
株式会社アウルズ,1290801000094,,,,,,tech,,,GitHub:domain-miss(rl3844),2026-07-01
株式会社日本旅行北海道,2430001021116,,,,,,tech,,,GitHub:domain-miss(rl3843),2026-07-01
東日本メディコム株式会社,1030001087058,,,,,,tech,,,GitHub:domain-miss(rl3842),2026-07-01
株式会社イマギイレ,2030001000820,,,,,,tech,,,GitHub:domain-miss(rl3841),2026-07-01
ＥＮＥＯＳグローブ株式会社,1010001090889,,,,,,tech,,,GitHub:domain-miss(rl3840),2026-07-01
Ｘｓｐｅａｒ　Ｃｏｎｓｕｌｔｉｎｇ株式会社,1010001103304,,,,,,tech,,,GitHub:domain-miss(rl3837),2026-07-01
株式会社サンユウ,1120001149666,,,,,,tech,,,GitHub:domain-miss(rl3836),2026-07-01
常石三保造船株式会社,1080001009214,,,,,,tech,,,GitHub:domain-miss(rl3835),2026-07-01
日軽産業株式会社,1080001008876,,,,,,tech,,,GitHub:domain-miss(rl3834),2026-07-01
綜合エナジー株式会社,1240001005634,,,,,,tech,,,GitHub:domain-miss(rl3833),2026-07-01
積水ハウスシャーメゾンＰＭ東北株式会社,1370001011272,,,,,,tech,,,GitHub:domain-miss(rl3832),2026-07-01
株式会社大谷商会,1110001000879,,,,,,tech,,,GitHub:domain-miss(rl3831),2026-07-01
株式会社キタック,2110001001637,,,,,,tech,,,GitHub:domain-miss(rl3830),2026-07-01
株式会社水野鉄工所,1200001005217,,,,,,tech,,,GitHub:domain-miss(rl3829),2026-07-01
篠田株式会社,1200001011090,,,,,,tech,,,GitHub:domain-miss(rl3828),2026-07-01
株式会社建美装社,1260001002282,,,,,,tech,,,GitHub:domain-miss(rl3827),2026-07-01
中国精油株式会社,1260001004262,,,,,,tech,,,GitHub:domain-miss(rl3826),2026-07-01
株式会社アグサス,1500001003735,,,,,,tech,,,GitHub:domain-miss(rl3825),2026-07-01
株式会社前田産業,2330001004304,,,,,,tech,,,GitHub:domain-miss(rl3824),2026-07-01
株式会社日本ビル管理,2330001003529,,,,,,tech,,,GitHub:domain-miss(rl3823),2026-07-01
株式会社ユーケイデンタル,3330001004773,,,,,,tech,,,GitHub:domain-miss(rl3822),2026-07-01
株式会社ＣＢＣクリエイション,1180001036669,,,,,,tech,,,GitHub:domain-miss(rl3821),2026-07-01
日本インターシステムズ株式会社,1120001059320,,,,,,tech,,,GitHub:domain-miss(rl3820),2026-07-01
函館環境衛生株式会社,1440001001621,,,,,,tech,,,GitHub:domain-miss(rl3819),2026-07-01
セキュリティ東海株式会社,1200001020728,,,,,,tech,,,GitHub:domain-miss(rl3818),2026-07-01
熊本綜合管理株式会社,1330001001442,,,,,,tech,,,GitHub:domain-miss(rl3815),2026-07-01
ＷＩＬＬＥＲ　ＴＲＡＩＮＳ株式会社,1120001185166,,,,,,tech,,,GitHub:domain-miss(rl3814),2026-07-01
山崎金属産業株式会社,1010001031109,,,,,,tech,,,GitHub:domain-miss(rl3813),2026-07-01
ソフトブレーン株式会社（閉鎖）,1010001132006,,,,,,tech,,,GitHub:domain-miss(rl3812),2026-07-01
東北放送株式会社,2370001002452,,,,,,tech,,,GitHub:domain-miss(rl3811),2026-07-01
株式会社電算情報技研,1120001045519,,,,,,tech,,,GitHub:domain-miss(rl3810),2026-07-01
株式会社テクノプラスト,1180001010624,,,,,,tech,,,GitHub:domain-miss(rl3809),2026-07-01
棚田建材株式会社,1140001003672,,,,,,tech,,,GitHub:domain-miss(rl3808),2026-07-01
京都エレクトロン株式会社,1130001035551,,,,,,tech,,,GitHub:domain-miss(rl3807),2026-07-01
菱中建設株式会社,1430001053630,,,,,,tech,,,GitHub:domain-miss(rl3806),2026-07-01
株式会社エコワーク,1080001012936,,,,,,tech,,,GitHub:domain-miss(rl3805),2026-07-01
株式会社山口製作所,1240001024840,,,,,,tech,,,GitHub:domain-miss(rl3804),2026-07-01
株式会社くまもと健康支援研究所,1330001007381,,,,,,tech,,,GitHub:domain-miss(rl3803),2026-07-01
株式会社タキズミ,1010001004642,,,,,,tech,,,GitHub:domain-miss(rl3802),2026-07-01
錦電サービス株式会社,1010001014591,,,,,,tech,,,GitHub:domain-miss(rl3801),2026-07-01
大東プレス工業株式会社,1120001002107,,,,,,tech,,,GitHub:domain-miss(rl3800),2026-07-01
丸一海運株式会社,1120001028168,,,,,,tech,,,GitHub:domain-miss(rl3799),2026-07-01
株式会社イング,1120001037350,,,,,,tech,,,GitHub:domain-miss(rl3798),2026-07-01
エブリ株式会社,1120001041939,,,,,,tech,,,GitHub:domain-miss(rl3797),2026-07-01
株式会社ミキ,1180001015631,,,,,,tech,,,GitHub:domain-miss(rl3796),2026-07-01
株式会社モリテックス,1013301029292,,,,,,tech,,,GitHub:domain-miss(rl3795),2026-07-01
サンタクシー株式会社,1020001026768,,,,,,tech,,,GitHub:domain-miss(rl3794),2026-07-01
株式会社山之内製作所,1020001024697,,,,,,tech,,,GitHub:domain-miss(rl3793),2026-07-01
トナミ国際物流株式会社,1020001028054,,,,,,tech,,,GitHub:domain-miss(rl3792),2026-07-01
株式会社大宮國際ゴルフ場,1030001001530,,,,,,tech,,,GitHub:domain-miss(rl3791),2026-07-01
株式会社埼玉県魚市場,1030001003411,,,,,,tech,,,GitHub:domain-miss(rl3790),2026-07-01
株式会社愛工舎製作所,1030001020860,,,,,,tech,,,GitHub:domain-miss(rl3789),2026-07-01
山二ガス株式会社,1030001025232,,,,,,tech,,,GitHub:domain-miss(rl3788),2026-07-01
東武レジャー企画株式会社,1030001052086,,,,,,tech,,,GitHub:domain-miss(rl3787),2026-07-01
西部スチール株式会社,1030001045370,,,,,,tech,,,GitHub:domain-miss(rl3786),2026-07-01
株式会社サン精密化工研究所,1030001030736,,,,,,tech,,,GitHub:domain-miss(rl3785),2026-07-01
株式会社ケーズネットワーク,1040001009548,,,,,,tech,,,GitHub:domain-miss(rl3784),2026-07-01
株式会社ＹＫＫ　ＡＰラクシー,1040001037227,,,,,,tech,,,GitHub:domain-miss(rl3783),2026-07-01
株式会社ベールヘルツ,1040001039421,,,,,,tech,,,GitHub:domain-miss(rl3782),2026-07-01
株式会社イシド,1040001043786,,,,,,tech,,,GitHub:domain-miss(rl3781),2026-07-01
株式会社シーエス,1040001022311,,,,,,tech,,,GitHub:domain-miss(rl3780),2026-07-01
富士臨海株式会社,1040001051194,,,,,,tech,,,GitHub:domain-miss(rl3779),2026-07-01
サンコーテック株式会社,1040001053975,,,,,,tech,,,GitHub:domain-miss(rl3778),2026-07-01
株式会社ニューオークボ,1040001066226,,,,,,tech,,,GitHub:domain-miss(rl3777),2026-07-01
株式会社ＫＨＫ野田,1040001071192,,,,,,tech,,,GitHub:domain-miss(rl3776),2026-07-01
株式会社シンク・ラボラトリー,1040001065715,,,,,,tech,,,GitHub:domain-miss(rl3775),2026-07-01
日本ジッパーチュービング株式会社,1140001012228,,,,,,tech,,,GitHub:domain-miss(rl3774),2026-07-01
エイチ・ワイ・ホスピタリティ・エンタープライズ株式会社,1140001021641,,,,,,tech,,,GitHub:domain-miss(rl3773),2026-07-01
株式会社ＩＺＵＳＨＩ,1130001006858,,,,,,tech,,,GitHub:domain-miss(rl3772),2026-07-01
株式会社玉屋,1130001011148,,,,,,tech,,,GitHub:domain-miss(rl3771),2026-07-01
株式会社西村製作所,1130001011395,,,,,,tech,,,GitHub:domain-miss(rl3770),2026-07-01
山中産業株式会社,1130001002130,,,,,,tech,,,GitHub:domain-miss(rl3769),2026-07-01
京都グレインシステム株式会社,1130001019513,,,,,,tech,,,GitHub:domain-miss(rl3768),2026-07-01
株式会社よーじや,1130001023052,,,,,,tech,,,GitHub:domain-miss(rl3767),2026-07-01
日本タブレット株式会社,1130001032540,,,,,,tech,,,GitHub:domain-miss(rl3766),2026-07-01
文化タクシー株式会社,1290001004805,,,,,,tech,,,GitHub:domain-miss(rl3765),2026-07-01
株式会社ジー・エス・タカハシ,1290001007857,,,,,,tech,,,GitHub:domain-miss(rl3764),2026-07-01
株式会社フォーカート,1290001011322,,,,,,tech,,,GitHub:domain-miss(rl3763),2026-07-01
西部ガス都市開発株式会社,1290001014052,,,,,,tech,,,GitHub:domain-miss(rl3762),2026-07-01
三和陸運株式会社,1290001020273,,,,,,tech,,,GitHub:domain-miss(rl3761),2026-07-01
株式会社鈴木東建,1430001011282,,,,,,tech,,,GitHub:domain-miss(rl3760),2026-07-01
丸水札幌中央水産株式会社,1430001023716,,,,,,tech,,,GitHub:domain-miss(rl3759),2026-07-01
株式会社北海道ニッスイ,1430001037996,,,,,,tech,,,GitHub:domain-miss(rl3758),2026-07-01
株式会社ＦＰコーポレーション,1430001040158,,,,,,tech,,,GitHub:domain-miss(rl3757),2026-07-01
野口リゾートマネジメント株式会社,1430001058043,,,,,,tech,,,GitHub:domain-miss(rl3756),2026-07-01
愛工業株式会社,1080001000024,,,,,,tech,,,GitHub:domain-miss(rl3755),2026-07-01
株式会社メガロ静岡,1080001008356,,,,,,tech,,,GitHub:domain-miss(rl3754),2026-07-01
株式会社なすび,1080001008843,,,,,,tech,,,GitHub:domain-miss(rl3753),2026-07-01
株式会社リカバリー,1080001012416,,,,,,tech,,,GitHub:domain-miss(rl3752),2026-07-01
株式会社イワサキ経営,1080101002531,,,,,,tech,,,GitHub:domain-miss(rl3751),2026-07-01
安全ガード株式会社,1080101006838,,,,,,tech,,,GitHub:domain-miss(rl3750),2026-07-01
四国パック株式会社,1080101010617,,,,,,tech,,,GitHub:domain-miss(rl3749),2026-07-01
株式会社カネトモ,1080001014718,,,,,,tech,,,GitHub:domain-miss(rl3748),2026-07-01
株式会社うなぎ藤田浜松店,1080401000664,,,,,,tech,,,GitHub:domain-miss(rl3747),2026-07-01
日産部品山陽販売株式会社,1240001008538,,,,,,tech,,,GitHub:domain-miss(rl3746),2026-07-01
広島荷役株式会社,1240001009544,,,,,,tech,,,GitHub:domain-miss(rl3745),2026-07-01
広島プラスチック株式会社,1240001022662,,,,,,tech,,,GitHub:domain-miss(rl3744),2026-07-01
株式会社いでしたケアサービス,1240001020781,,,,,,tech,,,GitHub:domain-miss(rl3743),2026-07-01
山陽マシン株式会社,1240001033016,,,,,,tech,,,GitHub:domain-miss(rl3742),2026-07-01
株式会社帝産キャブ仙台,1370001005596,,,,,,tech,,,GitHub:domain-miss(rl3741),2026-07-01
株式会社深松組,1370001010035,,,,,,tech,,,GitHub:domain-miss(rl3740),2026-07-01
株式会社プラス・アルトラ,1370001013401,,,,,,tech,,,GitHub:domain-miss(rl3739),2026-07-01
株式会社若柳タムラ製作所,1370201003037,,,,,,tech,,,GitHub:domain-miss(rl3738),2026-07-01
株式会社緒方製作所,1370201000075,,,,,,tech,,,GitHub:domain-miss(rl3737),2026-07-01
株式会社阿部善商店,1370601000030,,,,,,tech,,,GitHub:domain-miss(rl3736),2026-07-01
株式会社愛工大興,2013301006753,,,,,,tech,,,GitHub:domain-miss(rl3735),2026-07-01
株式会社三ツ葉パーツ,1110001008344,,,,,,tech,,,GitHub:domain-miss(rl3734),2026-07-01
菊水酒造株式会社,1110001012552,,,,,,tech,,,GitHub:domain-miss(rl3733),2026-07-01
株式会社飯塚鉄工所,1110001017147,,,,,,tech,,,GitHub:domain-miss(rl3732),2026-07-01
山崎工業株式会社,1110001017650,,,,,,tech,,,GitHub:domain-miss(rl3731),2026-07-01
ダイエープロビス株式会社,1110001022741,,,,,,tech,,,GitHub:domain-miss(rl3730),2026-07-01
株式会社国土,2110001000044,,,,,,tech,,,GitHub:domain-miss(rl3729),2026-07-01
株式会社萩田換地,1110001027666,,,,,,tech,,,GitHub:domain-miss(rl3728),2026-07-01
株式会社ＡＮＸ,1100001009475,,,,,,tech,,,GitHub:domain-miss(rl3727),2026-07-01
信越電線株式会社,1100001009806,,,,,,tech,,,GitHub:domain-miss(rl3726),2026-07-01
株式会社カヤマ,1100001011472,,,,,,tech,,,GitHub:domain-miss(rl3725),2026-07-01
株式会社大成,1100001021281,,,,,,tech,,,GitHub:domain-miss(rl3724),2026-07-01
中央アルプス観光株式会社,1100001021298,,,,,,tech,,,GitHub:domain-miss(rl3723),2026-07-01
株式会社天龍,1100001022593,,,,,,tech,,,GitHub:domain-miss(rl3722),2026-07-01
株式会社諏訪三社電機,1100001029622,,,,,,tech,,,GitHub:domain-miss(rl3721),2026-07-01
株式会社ヨシケイ岐阜,1200001012675,,,,,,tech,,,GitHub:domain-miss(rl3720),2026-07-01
高安株式会社,1200001007238,,,,,,tech,,,GitHub:domain-miss(rl3719),2026-07-01
亀山建設株式会社,1200001019051,,,,,,tech,,,GitHub:domain-miss(rl3718),2026-07-01
新東海ダイカスト工業株式会社,1200001019778,,,,,,tech,,,GitHub:domain-miss(rl3717),2026-07-01
株式会社タカコム,1200001022121,,,,,,tech,,,GitHub:domain-miss(rl3716),2026-07-01
恵那ダンボール株式会社,1200001023664,,,,,,tech,,,GitHub:domain-miss(rl3715),2026-07-01
内藤電機株式会社,2200001003806,,,,,,tech,,,GitHub:domain-miss(rl3714),2026-07-01
日建ヘルスメディカル株式会社,2200001006180,,,,,,tech,,,GitHub:domain-miss(rl3713),2026-07-01
株式会社ビルマネージメント,1290001025818,,,,,,tech,,,GitHub:domain-miss(rl3712),2026-07-01
阪神園芸株式会社,1140001070003,,,,,,tech,,,GitHub:domain-miss(rl3711),2026-07-01
アインズ株式会社,2160001010617,,,,,,tech,,,GitHub:domain-miss(rl3710),2026-07-01
株式会社山陽セフティ,1260001002654,,,,,,tech,,,GitHub:domain-miss(rl3709),2026-07-01
株式会社ビック,2380001017771,,,,,,tech,,,GitHub:domain-miss(rl3708),2026-07-01
株式会社オーヤラツクス,1010001013305,,,,,,tech,,,GitHub:domain-miss(rl3707),2026-07-01
日本設備管理株式会社,1040001066176,,,,,,tech,,,GitHub:domain-miss(rl3706),2026-07-01
株式会社鈴勇商店,1370301000702,,,,,,tech,,,GitHub:domain-miss(rl3705),2026-07-01
糸魚川二幸株式会社,1110001021875,,,,,,tech,,,GitHub:domain-miss(rl3704),2026-07-01
株式会社クラウン警備保障,1190001010920,,,,,,tech,,,GitHub:domain-miss(rl3703),2026-07-01
中島硝子工業株式会社,1260001018295,,,,,,tech,,,GitHub:domain-miss(rl3702),2026-07-01
愛知株式会社,1180001015879,,,,,,tech,,,GitHub:domain-miss(rl3701),2026-07-01
日本検査キューエイ株式会社,1010001062013,,,,,,tech,,,GitHub:domain-miss(rl3700),2026-07-01
日本製紙石巻テクノ株式会社,1370301000974,,,,,,tech,,,GitHub:domain-miss(rl3699),2026-07-01
東京法令出版株式会社,1100001002125,,,,,,tech,,,GitHub:domain-miss(rl3696),2026-07-01
百五ビジネスサービス株式会社,1190001000896,,,,,,tech,,,GitHub:domain-miss(rl3695),2026-07-01
株式会社ナンシン,1010001053053,,,,,,tech,,,GitHub:domain-miss(rl3694),2026-07-01
株式会社一六堂,1010001065395,,,,,,tech,,,GitHub:domain-miss(rl3693),2026-07-01
株式会社廣瀨,1110001000103,,,,,,tech,,,GitHub:domain-miss(rl3692),2026-07-01
高島産業株式会社,1100001018476,,,,,,tech,,,GitHub:domain-miss(rl3691),2026-07-01
株式会社青山メインランド,1010001008998,,,,,,tech,,,GitHub:domain-miss(rl3690),2026-07-01
東海物産株式会社,1010001024070,,,,,,tech,,,GitHub:domain-miss(rl3689),2026-07-01
株式会社プリンストン,1010001028443,,,,,,tech,,,GitHub:domain-miss(rl3688),2026-07-01
株式会社不二レーベル,1030001024936,,,,,,tech,,,GitHub:domain-miss(rl3687),2026-07-01
日本紙管工業株式会社,1120001001389,,,,,,tech,,,GitHub:domain-miss(rl3686),2026-07-01
山口金属曲板工業株式会社,1120001021940,,,,,,tech,,,GitHub:domain-miss(rl3685),2026-07-01
大銑産業株式会社,1120001044933,,,,,,tech,,,GitHub:domain-miss(rl3684),2026-07-01
株式会社国盛化学,1180001010178,,,,,,tech,,,GitHub:domain-miss(rl3683),2026-07-01
株式会社高津製作所,1180001006754,,,,,,tech,,,GitHub:domain-miss(rl3682),2026-07-01
山田工業株式会社,1180001021217,,,,,,tech,,,GitHub:domain-miss(rl3681),2026-07-01
コムワークスエンジニアリング株式会社,1180001026075,,,,,,tech,,,GitHub:domain-miss(rl3680),2026-07-01
中設エンジ株式会社,1180001031273,,,,,,tech,,,GitHub:domain-miss(rl3679),2026-07-01
株式会社グリーンメッセージ,1012401024856,,,,,,tech,,,GitHub:domain-miss(rl3678),2026-07-01
湘南交通株式会社,1020001004022,,,,,,tech,,,GitHub:domain-miss(rl3677),2026-07-01
株式会社横浜食品サービス,1020001006943,,,,,,tech,,,GitHub:domain-miss(rl3676),2026-07-01
ブリーズベイホテル株式会社,1020001050009,,,,,,tech,,,GitHub:domain-miss(rl3675),2026-07-01
株式会社キッズフォレ,1020001049133,,,,,,tech,,,GitHub:domain-miss(rl3674),2026-07-01
オートコムジャパン株式会社,1020001052483,,,,,,tech,,,GitHub:domain-miss(rl3673),2026-07-01
藤工業株式会社,1011601007902,,,,,,tech,,,GitHub:domain-miss(rl3672),2026-07-01
株式会社ホビーベースイエローサブマリン,1030001007742,,,,,,tech,,,GitHub:domain-miss(rl3671),2026-07-01
株式会社アペックエンジニアリング,1030001015274,,,,,,tech,,,GitHub:domain-miss(rl3670),2026-07-01
株式会社ＫＮＤコーポレーション,1030001020142,,,,,,tech,,,GitHub:domain-miss(rl3669),2026-07-01
株式会社ホンダカーズ埼玉西,1030001026610,,,,,,tech,,,GitHub:domain-miss(rl3668),2026-07-01
関東電設株式会社,1030001054586,,,,,,tech,,,GitHub:domain-miss(rl3667),2026-07-01
株式会社ＢＭＬメディカルワークス,1030001058117,,,,,,tech,,,GitHub:domain-miss(rl3666),2026-07-01
吉野電化工業株式会社,1030001064965,,,,,,tech,,,GitHub:domain-miss(rl3665),2026-07-01
千葉県酒類販売株式会社,1040001004623,,,,,,tech,,,GitHub:domain-miss(rl3664),2026-07-01
株式会社プロエイム,1040001013112,,,,,,tech,,,GitHub:domain-miss(rl3663),2026-07-01
株式会社舞浜倶楽部,1040001028829,,,,,,tech,,,GitHub:domain-miss(rl3662),2026-07-01
株式会社川和,1040001037961,,,,,,tech,,,GitHub:domain-miss(rl3661),2026-07-01
プライミクス株式会社,1120001035800,,,,,,tech,,,GitHub:domain-miss(rl3660),2026-07-01
内外ゴム株式会社,1140001009744,,,,,,tech,,,GitHub:domain-miss(rl3659),2026-07-01
株式会社共進牧場,1140001007161,,,,,,tech,,,GitHub:domain-miss(rl3658),2026-07-01
九州製鋼株式会社,1290001000011,,,,,,tech,,,GitHub:domain-miss(rl3657),2026-07-01
豊運輸株式会社,1290001000044,,,,,,tech,,,GitHub:domain-miss(rl3656),2026-07-01
西鉄エンジニアリング株式会社,1290001009515,,,,,,tech,,,GitHub:domain-miss(rl3655),2026-07-01
株式会社エヌ・ティ・ティ・データＮＣＢ,1290001005555,,,,,,tech,,,GitHub:domain-miss(rl3654),2026-07-01
ハッピーハウス株式会社,1290001015827,,,,,,tech,,,GitHub:domain-miss(rl3653),2026-07-01
福岡地所株式会社,1290001016156,,,,,,tech,,,GitHub:domain-miss(rl3652),2026-07-01
株式会社まごころ,1430001033855,,,,,,tech,,,GitHub:domain-miss(rl3651),2026-07-01
石上車輌株式会社,1430001043417,,,,,,tech,,,GitHub:domain-miss(rl3650),2026-07-01
静岡ミツウロコフーズ株式会社,1080001008397,,,,,,tech,,,GitHub:domain-miss(rl3649),2026-07-01
株式会社ホテルサンバレー,1080101005006,,,,,,tech,,,GitHub:domain-miss(rl3648),2026-07-01
太陽工業株式会社,1240001006145,,,,,,tech,,,GitHub:domain-miss(rl3647),2026-07-01
株式会社藤伸,1240001007498,,,,,,tech,,,GitHub:domain-miss(rl3646),2026-07-01
八洲制御システム株式会社,1240001003183,,,,,,tech,,,GitHub:domain-miss(rl3645),2026-07-01
西川物産株式会社,1240001008331,,,,,,tech,,,GitHub:domain-miss(rl3644),2026-07-01
広島精研工業株式会社,1240001022654,,,,,,tech,,,GitHub:domain-miss(rl3643),2026-07-01
麒麟倉庫株式会社,1240001036290,,,,,,tech,,,GitHub:domain-miss(rl3642),2026-07-01
松本重工業株式会社,1240001026812,,,,,,tech,,,GitHub:domain-miss(rl3641),2026-07-01
ケイテック株式会社,1010401182006,,,,,,tech,,,GitHub:domain-miss(rl3640),2026-07-01
株式会社ＬＪＰ,1370001015868,,,,,,tech,,,GitHub:domain-miss(rl3639),2026-07-01
株式会社スカイパレスアソシエイツ,1370001015661,,,,,,tech,,,GitHub:domain-miss(rl3638),2026-07-01
東日本リフトサービス株式会社,1370601000674,,,,,,tech,,,GitHub:domain-miss(rl3637),2026-07-01
マルタスギヨ株式会社,1110001007288,,,,,,tech,,,GitHub:domain-miss(rl3636),2026-07-01
平安セレモニー株式会社,1110001019382,,,,,,tech,,,GitHub:domain-miss(rl3635),2026-07-01
株式会社エム・エー・シー．テクノロジー,1110001019928,,,,,,tech,,,GitHub:domain-miss(rl3634),2026-07-01
株式会社ロン・リバイス,1110001024374,,,,,,tech,,,GitHub:domain-miss(rl3633),2026-07-01
株式会社アドヴァンス,2110001001100,,,,,,tech,,,GitHub:domain-miss(rl3632),2026-07-01
大平洋特殊鋳造株式会社,2010001021802,,,,,,tech,,,GitHub:domain-miss(rl3631),2026-07-01
株式会社熊谷,2110001001744,,,,,,tech,,,GitHub:domain-miss(rl3630),2026-07-01
長野興農株式会社,1100001002257,,,,,,tech,,,GitHub:domain-miss(rl3629),2026-07-01
株式会社ライフケア,1100001004633,,,,,,tech,,,GitHub:domain-miss(rl3628),2026-07-01
鈴与マタイ株式会社,1100001007347,,,,,,tech,,,GitHub:domain-miss(rl3627),2026-07-01
三協精密株式会社,1100001015382,,,,,,tech,,,GitHub:domain-miss(rl3626),2026-07-01
株式会社ハイライト,1100001018591,,,,,,tech,,,GitHub:domain-miss(rl3625),2026-07-01
ミサワホーム甲信株式会社,1100001024904,,,,,,tech,,,GitHub:domain-miss(rl3624),2026-07-01
株式会社サンエイ,1100001024631,,,,,,tech,,,GitHub:domain-miss(rl3623),2026-07-01
株式会社ヨロズサステナブルマニュファクチャリングセンター（閉鎖）,1180001055933,,,,,,tech,,,GitHub:domain-miss(rl3622),2026-07-01
エム・ティ・ケー株式会社,1200001000688,,,,,,tech,,,GitHub:domain-miss(rl3621),2026-07-01
三菱電機ホームエレベーター株式会社,1200001019753,,,,,,tech,,,GitHub:domain-miss(rl3620),2026-07-01
株式会社松永製作所,1200001015083,,,,,,tech,,,GitHub:domain-miss(rl3619),2026-07-01
株式会社岐阜セラツク製造所,2200001001371,,,,,,tech,,,GitHub:domain-miss(rl3618),2026-07-01
株式会社ヤマニパッケージ,2200001005645,,,,,,tech,,,GitHub:domain-miss(rl3617),2026-07-01
岐阜精機工業株式会社,2200001001297,,,,,,tech,,,GitHub:domain-miss(rl3616),2026-07-01
株式会社津松菱,1190001000698,,,,,,tech,,,GitHub:domain-miss(rl3615),2026-07-01
株式会社賢島宝生苑,1190001008139,,,,,,tech,,,GitHub:domain-miss(rl3614),2026-07-01
住友商事フィナンシャルマネジメント株式会社,1010001012059,,,,,,tech,,,GitHub:domain-miss(rl3613),2026-07-01
株式会社エッサム,1010001012182,,,,,,tech,,,GitHub:domain-miss(rl3612),2026-07-01
常磐共同火力株式会社,1010001024491,,,,,,tech,,,GitHub:domain-miss(rl3611),2026-07-01
ドギーマンハヤシ株式会社,1120001013062,,,,,,tech,,,GitHub:domain-miss(rl3610),2026-07-01
山下印刷紙器株式会社,1120001026923,,,,,,tech,,,GitHub:domain-miss(rl3609),2026-07-01
カメヤマ株式会社,1120001032418,,,,,,tech,,,GitHub:domain-miss(rl3608),2026-07-01
布目電機株式会社,1180001020581,,,,,,tech,,,GitHub:domain-miss(rl3607),2026-07-01
株式会社メディプラス,1010001224562,,,,,,tech,,,GitHub:domain-miss(rl3606),2026-07-01
株式会社こうゆう,1030001002669,,,,,,tech,,,GitHub:domain-miss(rl3605),2026-07-01
ウイズユー株式会社,1040001048901,,,,,,tech,,,GitHub:domain-miss(rl3604),2026-07-01
双葉メンテナンス工業株式会社,1130001018671,,,,,,tech,,,GitHub:domain-miss(rl3603),2026-07-01
株式会社はーとふるセゾン,1130001024109,,,,,,tech,,,GitHub:domain-miss(rl3602),2026-07-01
株式会社サン・ライフ,1290001013517,,,,,,tech,,,GitHub:domain-miss(rl3601),2026-07-01
株式会社ホテルオークラ福岡,1290001016643,,,,,,tech,,,GitHub:domain-miss(rl3600),2026-07-01
日清紡マイクロデバイス福岡株式会社,1290001022773,,,,,,tech,,,GitHub:domain-miss(rl3599),2026-07-01
株式会社ニッパ,1010001245419,,,,,,tech,,,GitHub:domain-miss(rl3598),2026-07-01
ミツイコーポレーション株式会社,1080001005097,,,,,,tech,,,GitHub:domain-miss(rl3597),2026-07-01
明和運送株式会社,1240001011707,,,,,,tech,,,GitHub:domain-miss(rl3596),2026-07-01
柿原工業株式会社,1240001030228,,,,,,tech,,,GitHub:domain-miss(rl3595),2026-07-01
株式会社誠和,1240001038196,,,,,,tech,,,GitHub:domain-miss(rl3594),2026-07-01
長野県交通警備株式会社,1100001002265,,,,,,tech,,,GitHub:domain-miss(rl3593),2026-07-01
株式会社光製作所,1200001011421,,,,,,tech,,,GitHub:domain-miss(rl3592),2026-07-01
因幡電機産業株式会社,1120001041352,,,,,,tech,,,GitHub:domain-miss(rl3591),2026-07-01
ＳＧシステム株式会社,2130001010677,,,,,,tech,,,GitHub:domain-miss(rl3590),2026-07-01
株式会社アペックス,1180001092373,,,,,,tech,,,GitHub:domain-miss(rl3589),2026-07-01
積水化学工業株式会社,1120001059650,,,,,,tech,,,GitHub:domain-miss(rl3588),2026-07-01
レンゴー株式会社,1120001036880,,,,,,tech,,,GitHub:domain-miss(rl3587),2026-07-01
株式会社ニッスイ,1010001016860,,,,,,tech,,,GitHub:domain-miss(rl3586),2026-07-01
株式会社スズケン,1180001017009,,,,,,tech,,,GitHub:domain-miss(rl3585),2026-07-01
敷島製パン株式会社,1180001016877,,,,,,tech,,,GitHub:domain-miss(rl3584),2026-07-01
株式会社ＥＶＥＲＹＦＯＯＤ,1180001001037,,,,,,tech,,,GitHub:domain-miss(rl3583),2026-07-01
川崎重工業株式会社,1140001005719,,,,,,tech,,,GitHub:domain-miss(rl3582),2026-07-01
西川株式会社,1010001053631,,,,,,tech,,,GitHub:domain-miss(rl3581),2026-07-01
株式会社ＮＴＴドコモ,1010001067912,,,,,,tech,,,GitHub:domain-miss(rl3580),2026-07-01
ＴＯＴＯ株式会社,1290801002603,,,,,,tech,,,GitHub:domain-miss(rl3579),2026-07-01
濱田重工株式会社,1290801003064,,,,,,tech,,,GitHub:domain-miss(rl3578),2026-07-01
株式会社ムトウ,2430001016743,,,,,,tech,,,GitHub:domain-miss(rl3577),2026-07-01
イオンリテール株式会社,2040001000456,,,,,,tech,,,GitHub:domain-miss(rl3576),2026-07-01
株式会社セブン－イレブン・ジャパン,1010001088181,,,,,,tech,,,GitHub:domain-miss(rl3575),2026-07-01
ヤマト運輸株式会社,1010001092605,,,,,,tech,,,GitHub:domain-hit:kuronekoyamato(rl3574) / org:kuronekoyamato:no-name,2026-07-01
テプコ・ソリューション・アドバンス株式会社,1010001086672,,,,,,tech,,,GitHub:domain-miss(rl3572),2026-07-01
株式会社日新アセットマネジメント,2020001028235,,,,,,tech,,,GitHub:domain-miss(rl3571),2026-07-01
キッセイ薬品工業株式会社,1100001012982,,,,,,tech,,,GitHub:domain-miss(rl3570),2026-07-01
株式会社マイスティア,2330001009286,,,,,,tech,,,GitHub:domain-miss(rl3569),2026-07-01
株式会社ヒライ,2330001009088,,,,,,tech,,,GitHub:domain-miss(rl3568),2026-07-01
中部電力パワーグリッド株式会社,1180001135974,,,,,,tech,,,GitHub:domain-miss(rl3567),2026-07-01
株式会社アオキスーパー,1180001029202,,,,,,tech,,,GitHub:domain-miss(rl3566),2026-07-01
オークマ株式会社,1180001081319,,,,,,tech,,,GitHub:domain-miss(rl3565),2026-07-01
株式会社今仙電機製作所,1180001080700,,,,,,tech,,,GitHub:domain-miss(rl3564),2026-07-01
株式会社メイテックグループホールディングス,1180001027412,,,,,,tech,,,GitHub:domain-miss(rl3563),2026-07-01
日本飛行機株式会社,1020001006613,,,,,,tech,,,GitHub:domain-miss(rl3562),2026-07-01
埼玉トヨペット株式会社,1030001003329,,,,,,tech,,,GitHub:domain-miss(rl3559),2026-07-01
フロンティアコンストラクション＆パートナーズ株式会社,1010001083026,,,,,,tech,,,GitHub:domain-miss(rl3558),2026-07-01
日鉄物流株式会社,1010001098619,,,,,,tech,,,GitHub:domain-miss(rl3557),2026-07-01
同和興業株式会社,1370001009416,,,,,,tech,,,GitHub:domain-miss(rl3556),2026-07-01
株式会社内田洋行,1010001034730,,,,,,tech,,,GitHub:domain-miss(rl3555),2026-07-01
ウシオ電機株式会社,1010001008651,,,,,,tech,,,GitHub:domain-miss(rl3554),2026-07-01
ピーエス・コンストラクション株式会社,1010001008742,,,,,,tech,,,GitHub:domain-miss(rl3553),2026-07-01
株式会社ミクニ,1010001008791,,,,,,tech,,,GitHub:domain-miss(rl3552),2026-07-01
東光電気工事株式会社,1010001024087,,,,,,tech,,,GitHub:domain-miss(rl3551),2026-07-01
日清オイリオグループ株式会社,1010001034887,,,,,,tech,,,GitHub:domain-miss(rl3550),2026-07-01
日本パーカライジング株式会社,1010001034994,,,,,,tech,,,GitHub:domain-miss(rl3549),2026-07-01
名工建設株式会社,1180001027354,,,,,,tech,,,GitHub:domain-miss(rl3548),2026-07-01
イケア・ジャパン株式会社,1040001021866,,,,,,tech,,,GitHub:domain-miss(rlnull),2026-07-01
株式会社ベルックス,2430001014425,,,,,,tech,,,GitHub:domain-miss(rl3547),2026-07-01
ＪＣＯＭ株式会社,1010001132055,,,,,,tech,,,GitHub:domain-miss(rl3546),2026-07-01
株式会社トライトエンジニアリング,1120001131178,,,,,,tech,,,GitHub:domain-miss(rl3545),2026-07-01
愛三工業株式会社,1180001092357,,,,,,tech,,,GitHub:domain-miss(rl3544),2026-07-01
ＢＥＭＡＣ株式会社,1500001011226,,,,,,tech,,,GitHub:domain-miss(rl3543),2026-07-01
株式会社ありがとうサービス,2500001012603,,,,,,tech,,,GitHub:domain-miss(rl3542),2026-07-01
株式会社リブドゥコーポレーション,2500001014723,,,,,,tech,,,GitHub:domain-miss(rl3541),2026-07-01
株式会社資生堂,1010001034813,,,,,,tech,,,GitHub:domain-miss(rl3540),2026-07-01
興和株式会社,1180001035811,,,,,,tech,,,GitHub:domain-miss(rl3539),2026-07-01
株式会社ピックルスコーポレーション,2030001024893,,,,,,tech,,,GitHub:domain-miss(rl3538),2026-07-01
ＫＯＡ株式会社,1100001020696,,,,,,tech,,,GitHub:domain-miss(rl3537),2026-07-01
アビームシステムズ株式会社,1180001010995,,,,,,tech,,,GitHub:domain-miss(rl3536),2026-07-01
株式会社セブン＆アイ・ホールディングス,1010001095203,,,,,,tech,,,GitHub:domain-miss(rl3535),2026-07-01
マックスバリュ北海道株式会社（閉鎖）,1430001020267,,,,,,tech,,,GitHub:domain-miss(rl3534),2026-07-01
鹿島道路株式会社,1010001001805,,,,,,tech,,,GitHub:domain-miss(rl3533),2026-07-01
大鵬薬品工業株式会社,1010001021927,,,,,,tech,,,GitHub:domain-miss(rl3532),2026-07-01
ビューテック株式会社,1140001050005,,,,,,tech,,,GitHub:domain-miss(rl3531),2026-07-01
株式会社デイリートランスポート,1040001018103,,,,,,tech,,,GitHub:domain-miss(rlnull),2026-07-01
株式会社ＭＢＭ,1040001029991,,,,,,tech,,,GitHub:domain-miss(rl3530),2026-07-01
株式会社コープムービング,1140001001478,,,,,,tech,,,GitHub:domain-miss(rl3529),2026-07-01
株式会社京都勝牛,1130001046227,,,,,,tech,,,GitHub:domain-miss(rl3528),2026-07-01
株式会社やまやコミュニケーションズ,1290001017815,,,,,,tech,,,GitHub:domain-miss(rl3527),2026-07-01
株式会社静鉄ストア,1080001002004,,,,,,tech,,,GitHub:domain-miss(rl3526),2026-07-01
株式会社遠鉄ストア,1080401000838,,,,,,tech,,,GitHub:domain-miss(rl3525),2026-07-01
株式会社万惣,1240001010923,,,,,,tech,,,GitHub:domain-miss(rl3524),2026-07-01
株式会社マルイ,1110001025075,,,,,,tech,,,GitHub:domain-miss(rl3523),2026-07-01
株式会社三宝,2110001000052,,,,,,tech,,,GitHub:domain-miss(rl3522),2026-07-01
リスパック株式会社,2200001005819,,,,,,tech,,,GitHub:domain-miss(rl3521),2026-07-01
株式会社日商,1190001003602,,,,,,tech,,,GitHub:domain-miss(rl3520),2026-07-01