企業名,法人番号,採用担当者名,担当者確度,取得手法,取得元,役職,部署,根拠URL,根拠,電話番号,従業員数,業種,都道府県,新卒フラグ,公式URL,取得日
株式会社ネオキャリア,,,,,,,,,,,,,,,,2026-06-25
株式会社i-plug,,,,,,,,,,,,,,,,2026-06-25
井上定株式会社,,,,,,,,,,,,,,,,2026-06-25
Mitty株式会社,,,,,,,,,,,,,,,,2026-06-25
日本瓦斯株式会社,,,,,,,,,,,,,,,,2026-06-25
パナック株式会社,,,,,,,,,,,,,,,,2026-06-25
フクシマガリレイ株式会社,,,,,,,,,,,,,,,,2026-06-25
株式会社長谷工リアルエステート,,,,,,,,,,,,,,,,2026-06-25
株式会社インフィニティエージェント,,,,,,,,,,,,,,,,2026-06-25
テラドローン株式会社,,,,,,,,,,,,,,,,2026-06-25
山三株式会社,,,,,,,,,,,,,,,,2026-06-25
富士産業株式会社,,,,,,,,,,,,,,,,2026-06-25
三田電業株式会社,,,,,,,,,,,,,,,,2026-06-25
株式会社フォーラムエンジニアリング,,,,,,,,,,,,,,,,2026-06-25
プラドアカデミー 板橋校,,,,,,,,,,,,,,,,2026-06-25
株式会社スポーツフィールド,,,,,,,,,,,,,,,,2026-06-25
株式会社ジールコミュニケーションズ,,,,,,,,,,,,,,,,2026-06-25
株式会社大協建材,,,,,,,,,,,,,,,,2026-06-25
株式会社毎日コムネット,,,,,,,,,,,,,,,,2026-06-25
株式会社トーコン,,,,,,,,,,,,,,,,2026-06-25
株式会社オンテックス,,,,,,,,,,,,,,,,2026-06-25
ALH株式会社,,,,,,,,,,,,,,,,2026-06-25
株式会社メイクス,,,,,,,,,,,,,,,,2026-06-25
株式会社テクノジャパン,,,,,,,,,,,,,,,,2026-06-25
株式会社シンフォニード,,,,,,,,,,,,,,,,2026-06-25
株式会社アドバンス,,,,,,,,,,,,,,,,2026-06-25
ヤマダイ株式会社,,,,,,,,,,,,,,,,2026-06-25
株式会社B・P・S,,,,,,,,,,,,,,,,2026-06-25
株式会社Timers,,,,,,,,,,,,,,,,2026-06-25
株式会社START LINE,,,,,,,,,,,,,,,,2026-06-25
株式会社ビズリーチ,,,,,,,,,,,,,,,,2026-06-25
X Mile株式会社,,,,,,,,,,,,,,,,2026-06-25
株式会社yell,,,,,,,,,,,,,,,,2026-06-25
株式会社メルディア,,,,,,,,,,,,,,,,2026-06-25
グッドルーム株式会社,,,,,,,,,,,,,,,,2026-06-25
株式会社レオパレス21,,,,,,,,,,,,,,,,2026-06-25
株式会社綜合キャリアオプション,,,,,,,,,,,,,,,,2026-06-25
株式会社For A-career,,,,,,,,,,,,,,,,2026-06-25
ALSOK株式会社,,,,,,,,,,,,,,,,2026-06-25
株式会社make standards,,,,,,,,,,,,,,,,2026-06-25
パーソルキャリア株式会社,,,,,,,,,,,,,,,,2026-06-25
株式会社オープンアップネクストエンジニア,,,,,,,,,,,,,,,,2026-06-25
株式会社瀧口製作所,,,,,,,,,,,,,,,,2026-06-25
オーガニックグループ株式会社,,,,,,,,,,,,,,,,2026-06-25
株式会社zero-state,,,,,,,,,,,,,,,,2026-06-25
株式会社GUM,,,,,,,,,,,,,,,,2026-06-25
株式会社ファナティック,,,,,,,,,,,,,,,,2026-06-25
株式会社マネーフォワード,,,,,,,,,,,,,,,,2026-06-25
永山コンピューターサービス株式会社,,,,,,,,,,,,,,,,2026-06-25
株式会社Gizumo,,,,,,,,,,,,,,,,2026-06-25
KKCシステムズ株式会社,,,,,,,,,,,,,,,,2026-06-25
株式会社アソウ・アルファ,,,,,,,,,,,,,,,,2026-06-25
株式会社BREXA Technology,,,,,,,,,,,,,,,,2026-06-25
株式会社ハイテックス,,,,,,,,,,,,,,,,2026-06-25
株式会社ドリーム・アーツ,,,,,,,,,,,,,,,,2026-06-25
電音エンジニアリング株式会社,,,,,,,,,,,,,,,,2026-06-25
中央ソフト開発株式会社,,,,,,,,,,,,,,,,2026-06-25
株式会社ユニゾン・テクノロジー,,,,,,,,,,,,,,,,2026-06-25
株式会社スタッフサービス エンジニアガイド,,,,,,,,,,,,,,,,2026-06-25
株式会社日立エンジニアリング,,,,,,,,,,,,,,,,2026-06-25
株式会社SAKURUG,,,,,,,,,,,,,,,,2026-06-25
Success Force株式会社,,,,,,,,,,,,,,,,2026-06-25
ティー・アンド・ティー株式会社,,,,,,,,,,,,,,,,2026-06-25
株式会社EMP 制作技術部,,,,,,,,,,,,,,,,2026-06-25
株式会社スピードリンクジャパン,,,,,,,,,,,,,,,,2026-06-25
株式会社HIT,,,,,,,,,,,,,,,,2026-06-25
株式会社TBM,,,,,,,,,,,,,,,,2026-06-25
合同会社FYB,,,,,,,,,,,,,,,,2026-06-25
フォワードソフト株式会社,,,,,,,,,,,,,,,,2026-06-25
株式会社Y&K Narita Internati...,,,,,,,,,,,,,,,,2026-06-25
フォーシーズンズ株式会社,,,,,,,,,,,,,,,,2026-06-25
株式会社RIOT,,,,,,,,,,,,,,,,2026-06-25
シェアジャパン株式会社,,,,,,,,,,,,,,,,2026-06-25
株式会社富士巧芸社,,,,,,,,,,,,,,,,2026-06-25
学校法人道灌山学園,,,,,,,,,,,,,,,,2026-06-25
株式会社大都技研,,,,,,,,,,,,,,,,2026-06-25
株式会社Plott,,,,,,,,,,,,,,,,2026-06-25
株式会社LVUP,,,,,,,,,,,,,,,,2026-06-25
レバレジーズ株式会社,,,,,,,,,,,,,,,,2026-06-25
株式会社Cygames,,,,,,,,,,,,,,,,2026-06-25
株式会社バイク王&カンパニー,,,,,,,,,,,,,,,,2026-06-25
RX Japan合同会社,,,,,,,,,,,,,,,,2026-06-25
エムスリー株式会社,,,,,,,,,,,,,,,,2026-06-25
株式会社スタッフサービス ITソリューション,,,,,,,,,,,,,,,,2026-06-25
株式会社イングリウッド,,,,,,,,,,,,,,,,2026-06-25
ソルー株式会社,,,,,,,,,,,,,,,,2026-06-25
bravesoft株式会社,,,,,,,,,,,,,,,,2026-06-25
株式会社アクアスター,,,,,,,,,,,,,,,,2026-06-25
INTLOOP株式会社,,,,,,,,,,,,,,,,2026-06-25
株式会社プレックス,,,,,,,,,,,,,,,,2026-06-25
株式会社ファイブ・フォックス,,,,,,,,,,,,,,,,2026-06-25
ダブルエース株式会社,,,,,,,,,,,,,,,,2026-06-25
ステラ千住ふたば保育園,,,,,,,,,,,,,,,,2026-06-25
ケイアイスター不動産株式会社,,,,,,,,,,,,,,,,2026-06-25
大田区立新井宿児童館,,,,,,,,,,,,,,,,2026-06-25
南田中小ねりっこひろば,,,,,,,,,,,,,,,,2026-06-25
株式会社クロス・マーケティンググループ,,,,,,,,,,,,,,,,2026-06-25
株式会社ワークス・ジャパン,,,,,,,,,,,,,,,,2026-06-25
株式会社WorkX,,,,,,,,,,,,,,,,2026-06-25
株式会社クリーク・アンド・リバー社,,,,,,,,,,,,,,,,2026-06-25
株式会社Libero,,,,,,,,,,,,,,,,2026-06-25
リトライブ株式会社,,,,,,,,,,,,,,,,2026-06-25
日本コンベンションサービス株式会社,,,,,,,,,,,,,,,,2026-06-25
株式会社ヤマノホールディングス,,,,,,,,,,,,,,,,2026-06-25
株式会社和心,,,,,,,,,,,,,,,,2026-06-25
株式会社グラフィック,,,,,,,,,,,,,,,,2026-06-25
株式会社貝沢工業所,,,,,,,,,,,,,,,,2026-06-25
ミクロ精工株式会社,,,,,,,,,,,,,,,,2026-06-25
ネクステージ池袋店,,,,,,,,,,,,,,,,2026-06-25
ネクステージ足立店,,,,,,,,,,,,,,,,2026-06-25
大分朝日放送株式会社,,,,,,,,,,,,,,,,2026-06-25
ネクステージ板橋店,,,,,,,,,,,,,,,,2026-06-25
SUV LAND横浜町田／株式会社ネクステージ,,,,,,,,,,,,,,,,2026-06-25
ネクステージ世田谷店,,,,,,,,,,,,,,,,2026-06-25
パーソルテンプスタッフ株式会社,,,,,,,,,,,,,,,,2026-06-25
マセラティ江東,,,,,,,,,,,,,,,,2026-06-25
アデコ株式会社,,,,,,,,,,,,,,,,2026-06-25
ネクステージ小平店,,,,,,,,,,,,,,,,2026-06-25
株式会社FUSIONIA,,,,,,,,,,,,,,,,2026-06-25
学校法人大乗淑徳学園,,,,,,,,,,,,,,,,2026-06-25
ネクステージ葛飾店,,,,,,,,,,,,,,,,2026-06-25
ネクステージ昭島店,,,,,,,,,,,,,,,,2026-06-25
BYD AUTO池袋,,,,,,,,,,,,,,,,2026-06-25
株式会社東名自動車学校,,,,,,,,,,,,,,,,2026-06-25
FIDIA SOLUTIONS株式会社,,,,,,,,,,,,,,,,2026-06-25
株式会社大岩マシナリー,,,,,,,,,,,,,,,,2026-06-25
ハート・インターナショナルグループ,,,,,,,,,,,,,,,,2026-06-25
第二東京弁護士会,,,,,,,,,,,,,,,,2026-06-25
町田市農業協同組合,,,,,,,,,,,,,,,,2026-06-25
代々木オール株式会社,,,,,,,,,,,,,,,,2026-06-25
ADEKA総合設備株式会社,,,,,,,,,,,,,,,,2026-06-25
クイーンズウェイ ヤエチカ,,,,,,,,,,,,,,,,2026-06-25
株式会社セレス,,,,,,,,,,,,,,,,2026-06-25
株式会社日本総合研究所,,,,,,,,,,,,,,,,2026-06-25
株式会社マイルストーン,,,,,,,,,,,,,,,,2026-06-25
クイーンズウェイ 丸ビル,,,,,,,,,,,,,,,,2026-06-25
加納コーポレーション株式会社,,,,,,,,,,,,,,,,2026-06-25
コニカミノルタ株式会社,,,,,,,,,,,,,,,,2026-06-25
Dr.stretch ヤエチカ店／ds,,,,,,,,,,,,,,,,2026-06-25
株式会社JPR,,,,,,,,,,,,,,,,2026-06-25
ネクステージ江戸川店,,,,,,,,,,,,,,,,2026-06-25
デスティネーション・リゾーツ&ホテルズ・マネジメ...,,,,,,,,,,,,,,,,2026-06-25
M&Iホールディングス株式会社,,,,,,,,,,,,,,,,2026-06-25
株式会社稲治造園工務所,,,,,,,,,,,,,,,,2026-06-25
MATCHMAKER,,,,,,,,,,,,,,,,2026-06-25
生活協同組合パルシステム東京,,,,,,,,,,,,,,,,2026-06-25
株式会社ニチイ学館,,,,,,,,,,,,,,,,2026-06-25
株式会社レイア,,,,,,,,,,,,,,,,2026-06-25
株式会社田山工業,,,,,,,,,,,,,,,,2026-06-25
弁護士法人法律事務所ロイヤーズ・ハイ,,,,,,,,,,,,,,,,2026-06-25
株式会社エンジニアファースト,,,,,,,,,,,,,,,,2026-06-25
ハンディ株式会社,,,,,,,,,,,,,,,,2026-06-25
朝日税理士法人,,,,,,,,,,,,,,,,2026-06-25
株式会社レッグス,,,,,,,,,,,,,,,,2026-06-25
株式会社三菱UFJ銀行,,,,,,,,,,,,,,,,2026-06-25
社会福祉法人正吉福祉会,,,,,,,,,,,,,,,,2026-06-25
医療法人社団永研会,,,,,,,,,,,,,,,,2026-06-25
株式会社L&E Group,,,,,,,,,,,,,,,,2026-06-25
TPK株式会社,,,,,,,,,,,,,,,,2026-06-25
医療法人泰一会,,,,,,,,,,,,,,,,2026-06-25
双日商業開発株式会社,,,,,,,,,,,,,,,,2026-06-25
株式会社日本カストディ銀行,,,,,,,,,,,,,,,,2026-06-25
株式会社商工組合中央金庫,,,,,,,,,,,,,,,,2026-06-25
株式会社リエネ・エナジー,,,,,,,,,,,,,,,,2026-06-25
医療法人社団もかほ会,,,,,,,,,,,,,,,,2026-06-25
株式会社綜合キャリアトラスト,,,,,,,,,,,,,,,,2026-06-25
株式会社シンアトラス,,,,,,,,,,,,,,,,2026-06-25
株式会社キャムテック,,,,,,,,,,,,,,,,2026-06-25
正志会グループ,,,,,,,,,,,,,,,,2026-06-25
日進トレーディング株式会社,,,,,,,,,,,,,,,,2026-06-25
SBIアルヒ株式会社,,,,,,,,,,,,,,,,2026-06-25
株式会社ELM,,,,,,,,,,,,,,,,2026-06-25
医療法人社団苑田会 苑田第三病院,,,,,,,,,,,,,,,,2026-06-25
株式会社ジャスミンシステム,,,,,,,,,,,,,,,,2026-06-25
合同会社ラージ,,,,,,,,,,,,,,,,2026-06-25
株式会社LOP,,,,,,,,,,,,,,,,2026-06-25
第二青陽園,,,,,,,,,,,,,,,,2026-06-25
株式会社enrich technology,,,,,,,,,,,,,,,,2026-06-25
ベンタス株式会社,,,,,,,,,,,,,,,,2026-06-25
株式会社ELシステム,,,,,,,,,,,,,,,,2026-06-25
株式会社Birth,,,,,,,,,,,,,,,,2026-06-25
株式会社ジーアフター,,,,,,,,,,,,,,,,2026-06-25
株式会社キューブ,,,,,,,,,,,,,,,,2026-06-25
株式会社大斗,,,,,,,,,,,,,,,,2026-06-25
株式会社ファーイーストカンパニー,,,,,,,,,,,,,,,,2026-06-25
株式会社北の達人コーポレーション,,,,,,,,,,,,,,,,2026-06-25
株式会社リクルートスタッフィング,,,,,,,,,,,,,,,,2026-06-25
株式会社新東通信,,,,,,,,,,,,,,,,2026-06-25
株式会社サイクルワークス,,,,,,,,,,,,,,,,2026-06-25
株式会社マリハインターナショナル,,,,,,,,,,,,,,,,2026-06-25
株式会社アイランド,,,,,,,,,,,,,,,,2026-06-25
株式会社ジンズ,,,,,,,,,,,,,,,,2026-06-25
株式会社サーズ,,,,,,,,,,,,,,,,2026-06-25
株式会社ジェイ・ビー,,,,,,,,,,,,,,,,2026-06-25
株式会社サントラージュ,,,,,,,,,,,,,,,,2026-06-25
株式会社なだ万,,,,,,,,,,,,,,,,2026-06-25
株式会社オフィシャルバイヤーズ,,,,,,,,,,,,,,,,2026-06-25
株式会社鼓月,,,,,,,,,,,,,,,,2026-06-25
株式会社ケイスタイル,,,,,,,,,,,,,,,,2026-06-25
株式会社SCミート,,,,,,,,,,,,,,,,2026-06-25
株式会社アミナコレクション,,,,,,,,,,,,,,,,2026-06-25
ワールドグループ新卒採用,,,,,,,,,,,,,,,,2026-06-25
大進ホンダ株式会社,,,,,,,,,,,,,,,,2026-06-25
株式会社MCM,,,,,,,,,,,,,,,,2026-06-25
釣具買取専門店ウェイブ,,,,,,,,,,,,,,,,2026-06-25
WyL株式会社,,,,,,,,,,,,,,,,2026-06-25
株式会社タフ,,,,,,,,,,,,,,,,2026-06-25
株式会社うかい,,,,,,,,,,,,,,,,2026-06-25
パルド株式会社,,,,,,,,,,,,,,,,2026-06-25
株式会社ルックホールディングス,,,,,,,,,,,,,,,,2026-06-25
株式会社クレイブ,,,,,,,,,,,,,,,,2026-06-25
株式会社NODA Japan,,,,,,,,,,,,,,,,2026-06-25
ForceLinkNext株式会社,,,,,,,,,,,,,,,,2026-06-25
シューワ株式会社,,,,,,,,,,,,,,,,2026-06-25
ニュー百貨株式会社,,,,,,,,,,,,,,,,2026-06-25
コジマ×ビックカメラ善福寺店,,,,,,,,,,,,,,,,2026-06-25
建総企画株式会社,,,,,,,,,,,,,,,,2026-06-25
株式会社Early Bird,,,,,,,,,,,,,,,,2026-06-25
シナジーマーケティング株式会社,,,,,,,,,,,,,,,,2026-06-25
株式会社モリタ,,,,,,,,,,,,,,,,2026-06-25
株式会社ジュエリー工房Orefice,,,,,,,,,,,,,,,,2026-06-25
株式会社コトラ,,,,,,,,,,,,,,,,2026-06-25
ヨネックス株式会社,,,,,,,,,,,,,,,,2026-06-25
株式会社マーキュリー,,,,,,,,,,,,,,,,2026-06-25
株式会社タダノ,,,,,,,,,,,,,,,,2026-06-25
トランス・コスモス株式会社～プライム市場上場企業～,,,,,,,,,,,,,,,,2026-06-25
ファンネルアド株式会社,,,,,,,,,,,,,,,,2026-06-25
株式会社ABABA,,,,,,,,,,,,,,,,2026-06-25
株式会社ジーニー,,,,,,,,,,,,,,,,2026-06-25
株式会社マーキュリー セールスプロモーション事業,,,,,,,,,,,,,,,,2026-06-25
株式会社TalentX,,,,,,,,,,,,,,,,2026-06-25
株式会社ブロンコビリー,,,,,,,,,,,,,,,,2026-06-25
株式会社Media Theater,,,,,,,,,,,,,,,,2026-06-25
株式会社Senjin Holdings,,,,,,,,,,,,,,,,2026-06-25
BLUE FITNESS24 松戸店,,,,,,,,,,,,,,,,2026-06-25
株式会社ストライクグループ,,,,,,,,,,,,,,,,2026-06-25
ゴウリカ株式会社,,,,,,,,,,,,,,,,2026-06-25
株式会社Dreamship,,,,,,,,,,,,,,,,2026-06-25
株式会社エーテル,,,,,,,,,,,,,,,,2026-06-25
BLUE FITNESS24 新検見川店,,,,,,,,,,,,,,,,2026-06-25
RISU Japan株式会社,,,,,,,,,,,,,,,,2026-06-25
株式会社PMFコンサルティング,,,,,,,,,,,,,,,,2026-06-25
Shared X株式会社,,,,,,,,,,,,,,,,2026-06-25
株式会社dwing,,,,,,,,,,,,,,,,2026-06-25
株式会社エム・シー・アイ,,,,,,,,,,,,,,,,2026-06-25
エンターテイメント株式会社,,,,,,,,,,,,,,,,2026-06-25
株式会社NeXT,,,,,,,,,,,,,,,,2026-06-25
株式会社バント,,,,,,,,,,,,,,,,2026-06-25
株式会社ThinkPunks,,,,,,,,,,,,,,,,2026-06-25
株式会社MONOLITH Japan,,,,,,,,,,,,,,,,2026-06-25
株式会社プログレス,,,,,,,,,,,,,,,,2026-06-25
株式会社エス・ワイ・エス,,,,,,,,,,,,,,,,2026-06-25
アイアルマーズ株式会社,,,,,,,,,,,,,,,,2026-06-25
株式会社DYM,,,,,,,,,,,,,,,,2026-06-25
株式会社パル,,,,,,,,,,,,,,,,2026-06-25
ピアス株式会社,,,,,,,,,,,,,,,,2026-06-25
株式会社ADE CREATES,,,,,,,,,,,,,,,,2026-06-25
株式会社キャセリーニ,,,,,,,,,,,,,,,,2026-06-25
株式会社アップコム,,,,,,,,,,,,,,,,2026-06-25
株式会社ライツ,,,,,,,,,,,,,,,,2026-06-25
株式会社sizebook,,,,,,,,,,,,,,,,2026-06-25
株式会社フレッシュタウン,,,,,,,,,,,,,,,,2026-06-25
株式会社alBee,,,,,,,,,,,,,,,,2026-06-25
株式会社Le Lien,,,,,,,,,,,,,,,,2026-06-25
株式会社バンク・オブ・イノベーション,,,,,,,,,,,,,,,,2026-06-25
株式会社Linksprout,,,,,,,,,,,,,,,,2026-06-25
株式会社サイバーコネクトツー,,,,,,,,,,,,,,,,2026-06-25
株式会社ReAM,,,,,,,,,,,,,,,,2026-06-25
フォーク株式会社,,,,,,,,,,,,,,,,2026-06-25
エルコムウォーク株式会社,,,,,,,,,,,,,,,,2026-06-25
株式会社小林,,,,,,,,,,,,,,,,2026-06-25
株式会社RIOT GROUP,,,,,,,,,,,,,,,,2026-06-25
Yts株式会社,,,,,,,,,,,,,,,,2026-06-25
AQUARIUS株式会社,,,,,,,,,,,,,,,,2026-06-25
株式会社KAIKA,,,,,,,,,,,,,,,,2026-06-25
株式会社シーズ・スリー,,,,,,,,,,,,,,,,2026-06-25
株式会社ジェイ・フリート,,,,,,,,,,,,,,,,2026-06-25
パーソルエクセルHRパートナーズ株式会社,,,,,,,,,,,,,,,,2026-06-25
株式会社オープンループパートナーズ,,,,,,,,,,,,,,,,2026-06-25
ポート株式会社,,,,,,,,,,,,,,,,2026-06-25
株式会社レッツアイ,,,,,,,,,,,,,,,,2026-06-25
株式会社ファミリーコーポレーション,,,,,,,,,,,,,,,,2026-06-25
株式会社Dirbato,,菅波 航,0.7,自社採用ページ深掘り(URL発見),自社採用ページ,採用責任者,,https://www.dirbato.co.jp/recruit/message/,採用責任者菅波 航,,,,,,https://www.dirbato.co.jp/,2026-06-25
T&T税理士法人,,,,,,,,,,,,,,,,2026-06-25
株式会社スリーエスコンサルタンツ,,,,,,,,,,,,,,,,2026-06-25
AKKODiSコンサルティング株式会社,,,,,,,,,,,,,,,,2026-06-25
株式会社andUS,,,,,,,,,,,,,,,,2026-06-25
フューチャー株式会社,,,,,,,,,,,,,,,,2026-06-25
Balve Gym 篠崎店,,,,,,,,,,,,,,,,2026-06-25
株式会社ウィンティ,,,,,,,,,,,,,,,,2026-06-25
株式会社ワンストップHOP,,,,,,,,,,,,,,,,2026-06-25
株式会社ハイブリッジマネジメント,,,,,,,,,,,,,,,,2026-06-25
Balve Gym 船堀店,,,,,,,,,,,,,,,,2026-06-25
株式会社FREEBRAIN 注力案件,,,,,,,,,,,,,,,,2026-06-25
株式会社KSP,,,,,,,,,,,,,,,,2026-06-25
株式会社FREEBRAIN,,,,,,,,,,,,,,,,2026-06-25
サイバーフリークス株式会社,,,,,,,,,,,,,,,,2026-06-25
株式会社レイゼクス,,,,,,,,,,,,,,,,2026-06-25
東京デンタルクリニック,,,,,,,,,,,,,,,,2026-06-25
株式会社ロンバード,,,,,,,,,,,,,,,,2026-06-25
アルファブレーンコンサルティング株式会社,,,,,,,,,,,,,,,,2026-06-25
Avalon Consulting株式会社,,,,,,,,,,,,,,,,2026-06-25
長崎文化放送株式会社,,,,,,,,,,,,,,,,2026-06-25
株式会社キッド,,,,,,,,,,,,,,,,2026-06-25
スーパーマーケットバロー 本羽田店,,,,,,,,,,,,,,,,2026-06-25
UNDEUX SUPER BODY 栄スタジオ,,,,,,,,,,,,,,,,2026-06-25
TANAKEN株式会社,,,,,,,,,,,,,,,,2026-06-25
JAGフィールド株式会社,,,,,,,,,,,,,,,,2026-06-25
UNDEUX SUPER BODY 本厚木スタジオ,,,,,,,,,,,,,,,,2026-06-25
三峰電気株式会社,,,,,,,,,,,,,,,,2026-06-25
振興電気株式会社,,,,,,,,,,,,,,,,2026-06-25
徳倉建設株式会社,,,,,,,,,,,,,,,,2026-06-25
エレワール株式会社,,,,,,,,,,,,,,,,2026-06-25
イオンディライトコネクト株式会社,,,,,,,,,,,,,,,,2026-06-25
株式会社I&color,,,,,,,,,,,,,,,,2026-06-25
株式会社メイテックキャスト,,,,,,,,,,,,,,,,2026-06-25
KSグループ輸入車事業部 2027年度新卒用 技...,,,,,,,,,,,,,,,,2026-06-25
UNDEUX SUPER BODY 堺スタジオ,,,,,,,,,,,,,,,,2026-06-25
ジーエヌティー株式会社,,,,,,,,,,,,,,,,2026-06-25
UNDEUX SUPER BODY 博多スタジオ,,,,,,,,,,,,,,,,2026-06-25
大成技研株式会社,,,,,,,,,,,,,,,,2026-06-25
株式会社エクセレンス,,,,,,,,,,,,,,,,2026-06-25
UNDEUX SUPER BODY 芦屋スタジオ,,,,,,,,,,,,,,,,2026-06-25
イーズ ラボ&サロン大丸東京店,,,,,,,,,,,,,,,,2026-06-25
株式会社ウラタ,,,,,,,,,,,,,,,,2026-06-25
昌和輸送機株式会社,,,,,,,,,,,,,,,,2026-06-25
アクアリンク株式会社,,,,,,,,,,,,,,,,2026-06-25
株式会社アルテカ,,,,,,,,,,,,,,,,2026-06-25
Quality Cloud株式会社,,,,,,,,,,,,,,,,2026-06-25
ヴェオリア・ジェネッツ株式会社,,,,,,,,,,,,,,,,2026-06-25
株式会社ネットセーブ,,,,,,,,,,,,,,,,2026-06-25
株式会社高橋メタル,,,,,,,,,,,,,,,,2026-06-25
株式会社電通総研,,,,,,,,,,,,,,,,2026-06-25
株式会社キーマネジメントソリューションズ,,,,,,,,,,,,,,,,2026-06-25
株式会社スタッフサービス,,,,,,,,,,,,,,,,2026-06-25
株式会社城南サービス,,,,,,,,,,,,,,,,2026-06-25
特定非営利活動法人日本ファイナンシャル・プランナ...,,,,,,,,,,,,,,,,2026-06-25
柿沼金属精機株式会社,,,,,,,,,,,,,,,,2026-06-25
株式会社KBTEC,,,,,,,,,,,,,,,,2026-06-25
株式会社リクルートR&Dスタッフィング,,,,,,,,,,,,,,,,2026-06-25
株式会社マクニカ,,,,,,,,,,,,,,,,2026-06-25
株式会社KOSMO,,,,,,,,,,,,,,,,2026-06-25
株式会社博報堂プロダクツ,,,,,,,,,,,,,,,,2026-06-25
東京海上日動システムズ株式会社,,,,,,,,,,,,,,,,2026-06-25
三愛オブリ株式会社,,,,,,,,,,,,,,,,2026-06-25
日本クリエイティブシステム株式会社,,,,,,,,,,,,,,,,2026-06-25
受発注バスターズ株式会社,,,,,,,,,,,,,,,,2026-06-25
東京コンピュータサービス株式会社,,,,,,,,,,,,,,,,2026-06-25
株式会社VITA,,,,,,,,,,,,,,,,2026-06-25
株式会社アイ・ブロード,,,,,,,,,,,,,,,,2026-06-25
株式会社Meta Sales,,,,,,,,,,,,,,,,2026-06-25
株式会社アイエーイー,,,,,,,,,,,,,,,,2026-06-25
G-new's株式会社,,,,,,,,,,,,,,,,2026-06-25
株式会社イクシング,,,,,,,,,,,,,,,,2026-06-25
株式会社Creer,,,,,,,,,,,,,,,,2026-06-25
株式会社アストラ,,,,,,,,,,,,,,,,2026-06-25
四葉システム開発株式会社,,,,,,,,,,,,,,,,2026-06-25
株式会社エクステック,,,,,,,,,,,,,,,,2026-06-25
株式会社I2C,,,,,,,,,,,,,,,,2026-06-25
株式会社YAMATOWORKS,,,,,,,,,,,,,,,,2026-06-25
株式会社エス・ブイ・シー ディレクションズ,,,,,,,,,,,,,,,,2026-06-25
株式会社エス・ケイ通信,,,,,,,,,,,,,,,,2026-06-25
株式会社サイバーエージェント,,,,,,,,,,,,,,,,2026-06-25
株式会社アプリボット,,,,,,,,,,,,,,,,2026-06-25
JOKERS株式会社,,,,,,,,,,,,,,,,2026-06-25
合同会社バイブリーアニメーションスタジオ,,,,,,,,,,,,,,,,2026-06-25
株式会社キャリタス,,閲覧手段,0.8,自社採用ページ深掘り(URL発見),自社採用ページ,採用,,https://www.career-tasu.co.jp/research_archive_category/adopt?data=2024,採用ホームページの閲覧手段(デバイス),,,,,,https://www.career-tasu.co.jp/,2026-06-25
株式会社TREE Digital Studio,,,,,,,,,,,,,,,,2026-06-25
株式会社フリーピット,,,,,,,,,,,,,,,,2026-06-25
株式会社サムザップ,,,,,,,,,,,,,,,,2026-06-25
BETA株式会社,,,,,,,,,,,,,,,,2026-06-25
株式会社キャリアデザインセンター,,,,,,,,,,,,,,,,2026-06-25
株式会社ネクストページ 東京事務所,,,,,,,,,,,,,,,,2026-06-25
株式会社ディー・エヌ・エー,,,,,,,,,,,,,,,,2026-06-25
スープアップデザインズ株式会社,,,,,,,,,,,,,,,,2026-06-25
株式会社ネットグロース,,,,,,,,,,,,,,,,2026-06-25
株式会社プロジェクトトリガー,,,,,,,,,,,,,,,,2026-06-25
Sansan株式会社,,,,,,,,,,,,,,,,2026-06-25
株式会社ネクストページ 京都事務所,,,,,,,,,,,,,,,,2026-06-25
株式会社ネクストページ 神戸事務所,,,,,,,,,,,,,,,,2026-06-25
株式会社ジーパーソナル,,,,,,,,,,,,,,,,2026-06-25
株式会社YELLOW MARCH,,,,,,,,,,,,,,,,2026-06-25
株式会社トータルブレイン,,,,,,,,,,,,,,,,2026-06-25
株式会社ILC,,,,,,,,,,,,,,,,2026-06-25
株式会社テレビ朝日サービス,,,,,,,,,,,,,,,,2026-06-25
株式会社アームズ,,,,,,,,,,,,,,,,2026-06-25
株式会社NEQ,,,,,,,,,,,,,,,,2026-06-25
株式会社キソシン,,,,,,,,,,,,,,,,2026-06-25
大和ハウス工業株式会社,,,,,,,,,,,,,,,,2026-06-25
株式会社Copia,,,,,,,,,,,,,,,,2026-06-25
Rapidus株式会社,,,,,,,,,,,,,,,,2026-06-25
アビーム コンサルティング株式会社,,,,,,,,,,,,,,,,2026-06-25
株式会社エヌ・ティ・ティ・データ・ビジネスブレイ...,,,,,,,,,,,,,,,,2026-06-25
株式会社永田屋,,,,,,,,,,,,,,,,2026-06-25
株式会社ギックス,,,,,,,,,,,,,,,,2026-06-25
株式会社HERP,,,,,,,,,,,,,,,,2026-06-25
トヨクモ株式会社,,,,,,,,,,,,,,,,2026-06-25
株式会社マーキュリー／新規事業,,,,,,,,,,,,,,,,2026-06-25
株式会社三井E&S,,,,,,,,,,,,,,,,2026-06-25
HALEグループホールディングス株式会社,,,,,,,,,,,,,,,,2026-06-25
オーマイグラス株式会社,,,,,,,,,,,,,,,,2026-06-25
株式会社YUI,,,,,,,,,,,,,,,,2026-06-25
株式会社アンドパッド,,,,,,,,,,,,,,,,2026-06-25
銀座ユニーク株式会社,,,,,,,,,,,,,,,,2026-06-25
株式会社SNK,,,,,,,,,,,,,,,,2026-06-25
株式会社プロネクト,,,,,,,,,,,,,,,,2026-06-25
株式会社アドスタイル,,,,,,,,,,,,,,,,2026-06-25
JOKERS株式会社 渋谷オフィス,,,,,,,,,,,,,,,,2026-06-25
株式会社HYBRIDBANK,,,,,,,,,,,,,,,,2026-06-25
医療法人社団モルゲンロート法人本部,,,,,,,,,,,,,,,,2026-06-25
株式会社uyet,,,,,,,,,,,,,,,,2026-06-25
全薬ホールディングス株式会社,,,,,,,,,,,,,,,,2026-06-25
Fanx株式会社,,,,,,,,,,,,,,,,2026-06-25
みちなかの里 南大泉店,,,,,,,,,,,,,,,,2026-06-25
株式会社エンリード不動産,,,,,,,,,,,,,,,,2026-06-25
コベルコシステム株式会社,,,,,,,,,,,,,,,,2026-06-25
パナソニックコネクト株式会社,,,,,,,,,,,,,,,,2026-06-25
SOLIZE Holdings株式会社,,,,,,,,,,,,,,,,2026-06-25
株式会社MID,,,,,,,,,,,,,,,,2026-06-25
ARアドバンストテクノロジ株式会社,,,,,,,,,,,,,,,,2026-06-25
KDDIアジャイル開発センター株式会社,,,,,,,,,,,,,,,,2026-06-25
大和財託株式会社,,,,,,,,,,,,,,,,2026-06-25
株式会社インテリックス,,,,,,,,,,,,,,,,2026-06-25
ギブクリエーション株式会社,,,,,,,,,,,,,,,,2026-06-25
株式会社仙台銘板,,,,,,,,,,,,,,,,2026-06-25
株式会社Jストリーム,,,,,,,,,,,,,,,,2026-06-25
株式会社ニチレイフーズ,,,,,,,,,,,,,,,,2026-06-25
Hajimeテクノロジーズ株式会社,,,,,,,,,,,,,,,,2026-06-25
株式会社タカラ,,,,,,,,,,,,,,,,2026-06-25
株式会社Matchbox Technologies,,,,,,,,,,,,,,,,2026-06-25
シンプレクス・ホールディングス株式会社,,,,,,,,,,,,,,,,2026-06-25
三建設備工業株式会社,,,,,,,,,,,,,,,,2026-06-25
株式会社ミギナナメウエ,,,,,,,,,,,,,,,,2026-06-25
株式会社MyVision,,,,,,,,,,,,,,,,2026-06-25
トランコム株式会社,,,,,,,,,,,,,,,,2026-06-25
経理の特命レスキュー隊株式会社,,,,,,,,,,,,,,,,2026-06-25
新生紙パルプ商事株式会社,,,,,,,,,,,,,,,,2026-06-25
株式会社ホリプロ・グループ・ホールディングス,,,,,,,,,,,,,,,,2026-06-25
株式会社フジキン,,,,,,,,,,,,,,,,2026-06-25
株式会社Looop,,,,,,,,,,,,,,,,2026-06-25
サンフロンティア不動産株式会社,,,,,,,,,,,,,,,,2026-06-25
株式会社Legaseed,,,,,,,,,,,,,,,,2026-06-25
サンコーコンサルタント株式会社,,,,,,,,,,,,,,,,2026-06-25
中央日本土地建物株式会社,,,,,,,,,,,,,,,,2026-06-25
五洋建設株式会社,,,,,,,,,,,,,,,,2026-06-25
住友不動産株式会社,,,,,,,,,,,,,,,,2026-06-25
株式会社Go-bling,,,,,,,,,,,,,,,,2026-06-25
株式会社じげん,,,,,,,,,,,,,,,,2026-06-25
テクノブリッジNKE株式会社,,,,,,,,,,,,,,,,2026-06-25
株式会社キャムコム,,,,,,,,,,,,,,,,2026-06-25
コムシスシェアードサービス株式会社,,,,,,,,,,,,,,,,2026-06-25
株式会社SEVEN TRUST,,,,,,,,,,,,,,,,2026-06-25
葛西昌医会病院,,,,,,,,,,,,,,,,2026-06-25
未来株式会社,,,,,,,,,,,,,,,,2026-06-25
株式会社OOQ,,,,,,,,,,,,,,,,2026-06-25
株式会社ワク・ワク・ワークス,,,,,,,,,,,,,,,,2026-06-25
SBSスタッフ株式会社,,,,,,,,,,,,,,,,2026-06-25
株式会社裕堂,,,,,,,,,,,,,,,,2026-06-25
株式会社カシワバラ・グラウンド,,,,,,,,,,,,,,,,2026-06-25
合同会社あたらよ,,,,,,,,,,,,,,,,2026-06-25
東京下町クリニック,,,,,,,,,,,,,,,,2026-06-25
新日本計装株式会社,,,,,,,,,,,,,,,,2026-06-25
株式会社花森,,,,,,,,,,,,,,,,2026-06-25
株式会社アスール,,,,,,,,,,,,,,,,2026-06-25
荏原商事株式会社,,,,,,,,,,,,,,,,2026-06-25
株式会社ワット・コンサルティング,,,,,,,,,,,,,,,,2026-06-25
ピーエス・コンストラクション株式会社,,,,,,,,,,,,,,,,2026-06-25
株式会社カシワバラ・コーポレーション,,,,,,,,,,,,,,,,2026-06-25
阪和エンジニアリング株式会社,,,,,,,,,,,,,,,,2026-06-25
日研トータルソーシング株式会社,,,,,,,,,,,,,,,,2026-06-25
株式会社良電社,,,,,,,,,,,,,,,,2026-06-25
株式会社プロスタファウンデーション,,,,,,,,,,,,,,,,2026-06-25
古久根建設株式会社,,,,,,,,,,,,,,,,2026-06-25
建装工業株式会社,,,,,,,,,,,,,,,,2026-06-25
リック株式会社,,,,,,,,,,,,,,,,2026-06-25
株式会社アメニティジョイハウス,,,,,,,,,,,,,,,,2026-06-25
浦安工業株式会社,,,,,,,,,,,,,,,,2026-06-25
株式会社建設工業社,,,,,,,,,,,,,,,,2026-06-25
株式会社吉川組,,,,,,,,,,,,,,,,2026-06-25
株式会社住田工務店,,,,,,,,,,,,,,,,2026-06-25
株式会社市川電設,,,,,,,,,,,,,,,,2026-06-25
株式会社マルゴ,,,,,,,,,,,,,,,,2026-06-25
岩崎興業,,,,,,,,,,,,,,,,2026-06-25
ダイキン福祉サービス,,,,,,,,,,,,,,,,2026-06-25
吉田電気株式会社,,,,,,,,,,,,,,,,2026-06-25
株式会社シルバーコーポレーション,,,,,,,,,,,,,,,,2026-06-25
株式会社西建設計,,,,,,,,,,,,,,,,2026-06-25
ヒトトヒトキャリアライズ株式会社,,,,,,,,,,,,,,,,2026-06-25
株式会社ノアスタッフ,,,,,,,,,,,,,,,,2026-06-25
株式会社昭和技研,,,,,,,,,,,,,,,,2026-06-25
マルタケ株式会社,,,,,,,,,,,,,,,,2026-06-25
株式会社ハタノシステム,,,,,,,,,,,,,,,,2026-06-25
株式会社ゼロワン,,,,,,,,,,,,,,,,2026-06-25
株式会社金原,,,,,,,,,,,,,,,,2026-06-25
株式会社スカイフィールドコーポレーション,,,,,,,,,,,,,,,,2026-06-25
岩田地崎建設株式会社,,,,,,,,,,,,,,,,2026-06-25
株式会社杉田製線,,,,,,,,,,,,,,,,2026-06-25
日本航空電子工業株式会社,,,,,,,,,,,,,,,,2026-06-25
株式会社寺岡精工,,,,,,,,,,,,,,,,2026-06-25
株式会社セラク,,,,,,,,,,,,,,,,2026-06-25
日本原子力発電株式会社,,,,,,,,,,,,,,,,2026-06-25
横河電機株式会社,,,,,,,,,,,,,,,,2026-06-25
太陽ホールディングス株式会社,,,,,,,,,,,,,,,,2026-06-25
築地産業株式会社 2027年 新卒会社説明会兼一...,,,,,,,,,,,,,,,,2026-06-25
株式会社アムスコーポレーション,,,,,,,,,,,,,,,,2026-06-25
株式会社日税不動産情報センター,,,,,,,,,,,,,,,,2026-06-25
日本モウルド工業株式会社,,,,,,,,,,,,,,,,2026-06-25
HARIOランプワークファクトリー株式会社,,,,,,,,,,,,,,,,2026-06-25
UTエージェント株式会社 北関東第一CU,,,,,,,,,,,,,,,,2026-06-25
矢田工業株式会社,,,,,,,,,,,,,,,,2026-06-25
UTエージェント株式会社 北日本第二CU,,,,,,,,,,,,,,,,2026-06-25
UTエージェント株式会社 北日本第一CU,,,,,,,,,,,,,,,,2026-06-25
株式会社テクノ・サービス,,,,,,,,,,,,,,,,2026-06-25
リングロー株式会社,,,,,,,,,,,,,,,,2026-06-25
株式会社青野工業,,,,,,,,,,,,,,,,2026-06-25
株式会社シーズワン,,,,,,,,,,,,,,,,2026-06-25
東毛情報開発株式会社,,,,,,,,,,,,,,,,2026-06-25
株式会社ユイット・ラボラトリーズ,,,,,,,,,,,,,,,,2026-06-25
株式会社朝倉組,,,,,,,,,,,,,,,,2026-06-25
株式会社アクシーズ,,,,,,,,,,,,,,,,2026-06-25
株式会社ウィルオブ・ワーク FO熊谷,,,,,,,,,,,,,,,,2026-06-25
株式会社ウィルオブ・ワーク FO上越,,,,,,,,,,,,,,,,2026-06-25
Latte自由が丘店,,,,,,,,,,,,,,,,2026-06-25
パーソルクロステクノロジー株式会社,,,,,,,,,,,,,,,,2026-06-25
スタッフサービス・エンジニアリング,,,,,,,,,,,,,,,,2026-06-25
株式会社大西熱学,,,,,,,,,,,,,,,,2026-06-25
サラエクセレント 銀座,,,,,,,,,,,,,,,,2026-06-25
株式会社桐井製作所,,,,,,,,,,,,,,,,2026-06-25
精電舎電子工業株式会社,,,,,,,,,,,,,,,,2026-06-25
ヘアメディカルサロン銀座PREMIUM,,,,,,,,,,,,,,,,2026-06-25
日興リカ株式会社,,,,,,,,,,,,,,,,2026-06-25
ヘアメディカルサロン東京,,,,,,,,,,,,,,,,2026-06-25
日鉄ソリューションズ株式会社,,,,,,,,,,,,,,,,2026-06-25
ヘアメディカルサロン銀座,,,,,,,,,,,,,,,,2026-06-25
生化学工業株式会社,,,,,,,,,,,,,,,,2026-06-25
アクティブファーマ株式会社,,,,,,,,,,,,,,,,2026-06-25
ヘアメディカルサロン新宿,,,,,,,,,,,,,,,,2026-06-25
Neusoft Corporation,,,,,,,,,,,,,,,,2026-06-25
株式会社黒坂鍍金工業所,,,,,,,,,,,,,,,,2026-06-25
アプライド マテリアルズ ジャパン株式会社,,,,,,,,,,,,,,,,2026-06-25
株式会社OA研究所,,,,,,,,,,,,,,,,2026-06-25
株式会社とめ研究所,,,,,,,,,,,,,,,,2026-06-25
能美防災株式会社,,,,,,,,,,,,,,,,2026-06-25
株式会社アルトナー,,,,,,,,,,,,,,,,2026-06-25
株式会社カーリット,,,,,,,,,,,,,,,,2026-06-25
株式会社アイ・トランスポート・ラボ,,,,,,,,,,,,,,,,2026-06-25
株式会社アイヴィス,,,,,,,,,,,,,,,,2026-06-25
株式会社デルタエンジニアリング,,,,,,,,,,,,,,,,2026-06-25
オフテクスグループ,,,,,,,,,,,,,,,,2026-06-25
株式会社アルプス技研,,,,,,,,,,,,,,,,2026-06-25
宇部エクシモ株式会社,,,,,,,,,,,,,,,,2026-06-25
青葉化成株式会社,,,,,,,,,,,,,,,,2026-06-25
株式会社タイカ,,,,,,,,,,,,,,,,2026-06-25
Qnityジャパン,,,,,,,,,,,,,,,,2026-06-25
若葉高齢者在宅サービスセンター,,,,,,,,,,,,,,,,2026-06-25
神谷デイサービス,,,,,,,,,,,,,,,,2026-06-25
放課後等デイサービスアイ・らんど町田,,,,,,,,,,,,,,,,2026-06-25
あけぼのデイサービスまごころ館中野坂上,,,,,,,,,,,,,,,,2026-06-25
より処まんまる庵,,,,,,,,,,,,,,,,2026-06-25
Conatus Suginami,,,,,,,,,,,,,,,,2026-06-25
まなびの森キラリ亀戸,,,,,,,,,,,,,,,,2026-06-25
渋谷区かんなみの杜・渋谷,,,,,,,,,,,,,,,,2026-06-25
放課後等デイサービス 豆庭,,,,,,,,,,,,,,,,2026-06-25
放課後等デイサービスGRIPキッズ両国緑校,,,,,,,,,,,,,,,,2026-06-25
さぽな,,,,,,,,,,,,,,,,2026-06-25
ウィズ・ユー東糀谷,,,,,,,,,,,,,,,,2026-06-25
放課後デイサービス東京ヘルスケア学習運動センター,,,,,,,,,,,,,,,,2026-06-25
くれよんくらぶ,,,,,,,,,,,,,,,,2026-06-25
アプリ児童デイサービス高島平,,,,,,,,,,,,,,,,2026-06-25
株式会社グッドマンサービス,,,,,,,,,,,,,,,,2026-06-25
TODAY児童デイサービス白金,,,,,,,,,,,,,,,,2026-06-25
八王子市高齢者あんしん相談センター高尾,,,,,,,,,,,,,,,,2026-06-25
放課後等デイサービスささえ,,,,,,,,,,,,,,,,2026-06-25
ハッピーテラス曳舟教室,,,,,,,,,,,,,,,,2026-06-25
アルモニア株式会社,,,,,,,,,,,,,,,,2026-06-25
ウィズ・ユー西新井,,,,,,,,,,,,,,,,2026-06-25
株式会社リアブロード,,,,,,,,,,,,,,,,2026-06-25
こもれび,,,,,,,,,,,,,,,,2026-06-25
リッスンアンドコミュニティ五反野教室,,,,,,,,,,,,,,,,2026-06-25
八王子市高齢者あんしん相談センター元八王子,,,,,,,,,,,,,,,,2026-06-25
株式会社芝パークホテル,,,,,,,,,,,,,,,,2026-06-25
株式会社三和薬品,,,,,,,,,,,,,,,,2026-06-25
株式会社NECライベックス,,,,,,,,,,,,,,,,2026-06-25
医療法人社団苑田会 愛里病院,,,,,,,,,,,,,,,,2026-06-25
八王子保健生活協同組合 いきいきラウンジ 栄杜,,,,,,,,,,,,,,,,2026-06-25
株式会社グローバルクリエイション,,,,,,,,,,,,,,,,2026-06-25
株式会社アイ・ラーニング,,,,,,,,,,,,,,,,2026-06-25
株式会社ワールドスカイ,,,,,,,,,,,,,,,,2026-06-25
株式会社アスパーク,,,,,,,,,,,,,,,,2026-06-25
デロイト トーマツ ウェブレッジ株式会社,,,,,,,,,,,,,,,,2026-06-25
株式会社ネクストスケープ,,,,,,,,,,,,,,,,2026-06-25
データプロセス株式会社,,,,,,,,,,,,,,,,2026-06-25
株式会社ハルラルソフト,,,,,,,,,,,,,,,,2026-06-25
株式会社ジパング,,,,,,,,,,,,,,,,2026-06-25
株式会社光洋 新卒採用,,,,,,,,,,,,,,,,2026-06-25
株式会社いわさき,,,,,,,,,,,,,,,,2026-06-25
えびす商店株式会社,,,,,,,,,,,,,,,,2026-06-25
株式会社irodas,,,,,,,,,,,,,,,,2026-06-25
アビリティーズ・ケアネット株式会社,,,,,,,,,,,,,,,,2026-06-25
株式会社オール,,,,,,,,,,,,,,,,2026-06-25
関西商事株式会社,,,,,,,,,,,,,,,,2026-06-25
株式会社バサラダイニング,,,,,,,,,,,,,,,,2026-06-25
株式会社コスモ不動産情報,,,,,,,,,,,,,,,,2026-06-25
三庄インダストリー株式会社,,,,,,,,,,,,,,,,2026-06-25
ネクステージ箕面店,,,,,,,,,,,,,,,,2026-06-25
ネクステージ守口店,,,,,,,,,,,,,,,,2026-06-25
株式会社アトライズイナケン,,,,,,,,,,,,,,,,2026-06-25
SUV LAND堺／株式会社ネクステージ,,,,,,,,,,,,,,,,2026-06-25
ネクステージ堺美原店,,,,,,,,,,,,,,,,2026-06-25
ネクステージ岸和田店,,,,,,,,,,,,,,,,2026-06-25
株式会社メディノス,,,,,,,,,,,,,,,,2026-06-25
SPC,,,,,,,,,,,,,,,,2026-06-25
インフォコム株式会社,,,,,,,,,,,,,,,,2026-06-25
サイボウズ株式会社,,中根 弓佳,1,自社採用ページ深掘り(URL発見),自社採用ページ,執行役員,人事本部長,https://cybozu.co.jp/company/board-member/,現在は、人事本部長として、チームワークあふれる会社を目指し、人と組織のプラットフォームづくりに邁進。,,,,,,https://cybozu.co.jp/,2026-06-25
アクリーコンサルティング株式会社,,,,,,,,,,,,,,,,2026-06-25
株式会社ワンキャリア,,,,,,,,,,,,,,,,2026-06-25
株式会社アイテクス,,,,,,,,,,,,,,,,2026-06-25
株式会社インターテクノ,,,,,,,,,,,,,,,,2026-06-25
松原住宅株式会社,,,,,,,,,,,,,,,,2026-06-25
マインドフリー株式会社,,,,,,,,,,,,,,,,2026-06-25
GMOペイメントゲートウェイ株式会社,,,,,,,,,,,,,,,,2026-06-25
大阪佐々木化学株式会社,,,,,,,,,,,,,,,,2026-06-25
株式会社エースタイル,,,,,,,,,,,,,,,,2026-06-25
医療法人社団上桜会 ゆうメンタルクリニック 大阪院,,,,,,,,,,,,,,,,2026-06-25
株式会社ツカサテック,,,,,,,,,,,,,,,,2026-06-25
JHRconsulting株式会社,,,,,,,,,,,,,,,,2026-06-25
株式会社ytv Nextry,,,,,,,,,,,,,,,,2026-06-25
スキルシステムズ株式会社,,,,,,,,,,,,,,,,2026-06-25
アンテリジャンス・コンサルティング株式会社,,,,,,,,,,,,,,,,2026-06-25
テー・ピー・エスサービス株式会社,,,,,,,,,,,,,,,,2026-06-25
アンテリジャンス株式会社,,,,,,,,,,,,,,,,2026-06-25
infront株式会社,,,,,,,,,,,,,,,,2026-06-25
ナナイロモバイル株式会社,,,,,,,,,,,,,,,,2026-06-25
株式会社Az One,,,,,,,,,,,,,,,,2026-06-25
株式会社ライジングコーポレーション,,,,,,,,,,,,,,,,2026-06-25
クアドラソフトウェア株式会社,,,,,,,,,,,,,,,,2026-06-25
フェンリル株式会社,,,,,,,,,,,,,,,,2026-06-25
クックビズ株式会社,,,,,,,,,,,,,,,,2026-06-25
株式会社チャイルド社,,,,,,,,,,,,,,,,2026-06-25
幸福米穀株式会社,,,,,,,,,,,,,,,,2026-06-25
株式会社モスストアカンパニー,,,,,,,,,,,,,,,,2026-06-25
ALLAGI株式会社,,,,,,,,,,,,,,,,2026-06-25
THE PERSONAL GYM 梅田店,,,,,,,,,,,,,,,,2026-06-25
名工建設株式会社,,,,,,,,,,,,,,,,2026-06-25
MATE合同会社,,,,,,,,,,,,,,,,2026-06-25
株式会社オーシャンサービス,,,,,,,,,,,,,,,,2026-06-25
株式会社ベースオントップ,,,,,,,,,,,,,,,,2026-06-25
株式会社エースシステムズ,,,,,,,,,,,,,,,,2026-06-25
株式会社ワールド・ヘリテイジ,,,,,,,,,,,,,,,,2026-06-25
Fulfill株式会社,,,,,,,,,,,,,,,,2026-06-25
全国信用協同組合連合会,,,,,,,,,,,,,,,,2026-06-25
和光ホームズ株式会社,,,,,,,,,,,,,,,,2026-06-25
デイサービスプログレス32,,,,,,,,,,,,,,,,2026-06-25
介護老人保健施設セレーナなとり,,,,,,,,,,,,,,,,2026-06-25
株式会社トウペ 茨城工場,,,,,,,,,,,,,,,,2026-06-25
美樹工業株式会社,,,,,,,,,,,,,,,,2026-06-25
大阪技術管理株式会社,,,,,,,,,,,,,,,,2026-06-25
株式会社トウペ 三重工場,,,,,,,,,,,,,,,,2026-06-25
クイーンズウェイ 梅田阪急三番街,,,,,,,,,,,,,,,,2026-06-25
株式会社日本教育クリエイト,,,,,,,,,,,,,,,,2026-06-25
クイーンズウェイ 大阪空港,,,,,,,,,,,,,,,,2026-06-25
寿精版印刷株式会社,,,,,,,,,,,,,,,,2026-06-25
フットデザイン ディアモール大阪店,,,,,,,,,,,,,,,,2026-06-25
Dr.stretch 阪急大阪梅田茶屋町口店／ds,,,,,,,,,,,,,,,,2026-06-25
大阪きづがわ医療福祉生活協同組合,,,,,,,,,,,,,,,,2026-06-25
シスメックスCNA株式会社,,,,,,,,,,,,,,,,2026-06-25
社会福祉法人豊中福祉会 特別養護老人ホーム ロー...,,,,,,,,,,,,,,,,2026-06-25
オートバックス仁和寺,,,,,,,,,,,,,,,,2026-06-25
株式会社酒 直,,,,,,,,,,,,,,,,2026-06-25
スーパーオートバックス・外環四条畷,,,,,,,,,,,,,,,,2026-06-25
UNIVERSE堺／株式会社ネクステージ,,,,,,,,,,,,,,,,2026-06-25
Dr.stretch グランフロント大阪店／ds,,,,,,,,,,,,,,,,2026-06-25
Dr.stretch あべのHoop店／ds,,,,,,,,,,,,,,,,2026-06-25
ネクステージ外環東大阪店,,,,,,,,,,,,,,,,2026-06-25
天理楽器,,,,,,,,,,,,,,,,2026-06-25
ジャガー・ランドローバー大阪東,,,,,,,,,,,,,,,,2026-06-25
ボルボ・カー香里園,,,,,,,,,,,,,,,,2026-06-25
ネクステージ摂津店,,,,,,,,,,,,,,,,2026-06-25
ネクステージ箕面セダン・スポーツ専門店,,,,,,,,,,,,,,,,2026-06-25
株式会社昭和貨物,,,,,,,,,,,,,,,,2026-06-25
豊興サ-ビス株式会社総務部,,,,,,,,,,,,,,,,2026-06-25
株式会社ティーエム・テックス,,,,,,,,,,,,,,,,2026-06-25
株式会社ナリコマホールディングス,,,,,,,,,,,,,,,,2026-06-25
日本通運株式会社,,,,,,,,,,,,,,,,2026-06-25
新洋海運株式会社,,,,,,,,,,,,,,,,2026-06-25
株式会社アドバHRソリューションズ,,,,,,,,,,,,,,,,2026-06-25
谷村実業株式会社,,,,,,,,,,,,,,,,2026-06-25
株式会社ナイモノ,,,,,,,,,,,,,,,,2026-06-25
税理士法人キャスダック,,,,,,,,,,,,,,,,2026-06-25
社労士法人フォーグッド,,,,,,,,,,,,,,,,2026-06-25
北浜法律事務所・外国法共同事業,,,,,,,,,,,,,,,,2026-06-25
株式会社タブチ,,,,,,,,,,,,,,,,2026-06-25
TopField合同会社,,,,,,,,,,,,,,,,2026-06-25
株式会社タイズ,,,,,,,,,,,,,,,,2026-06-25
株式会社Wealth On,,,,,,,,,,,,,,,,2026-06-25
百人力,,,,,,,,,,,,,,,,2026-06-25
訪問看護ステーション春夏秋冬,,,,,,,,,,,,,,,,2026-06-25
佐藤病院,,,,,,,,,,,,,,,,2026-06-25
株式会社IMG,,,,,,,,,,,,,,,,2026-06-25
株式会社シアラ,,,,,,,,,,,,,,,,2026-06-25
株式会社UPP,,,,,,,,,,,,,,,,2026-06-25
Kボックス合同会社,,,,,,,,,,,,,,,,2026-06-25
株式会社Another,,,,,,,,,,,,,,,,2026-06-25
高島屋グループ 株式会社センチュリーアンドカンパ...,,,,,,,,,,,,,,,,2026-06-25
株式会社美々卯,,,,,,,,,,,,,,,,2026-06-25
株式会社BuySell Technologies,,,,,,,,,,,,,,,,2026-06-25
株式会社SI,,,,,,,,,,,,,,,,2026-06-25
株式会社カスカード,,,,,,,,,,,,,,,,2026-06-25
SDエンターテイメント株式会社,,,,,,,,,,,,,,,,2026-06-25
コスモ石油販売株式会社,,,,,,,,,,,,,,,,2026-06-25
朝日給食株式会社,,,,,,,,,,,,,,,,2026-06-25
中部フーズ株式会社,,,,,,,,,,,,,,,,2026-06-25
株式会社ビースマイルプロジェクト,,,,,,,,,,,,,,,,2026-06-25
株式会社Flower,,,,,,,,,,,,,,,,2026-06-25
株式会社ゾフ,,,,,,,,,,,,,,,,2026-06-25
ザボディショップジャパン株式会社,,,,,,,,,,,,,,,,2026-06-25
合同会社HSB,,,,,,,,,,,,,,,,2026-06-25
フィルドテーブル株式会社,,,,,,,,,,,,,,,,2026-06-25
株式会社ラルスコーポレーション,,,,,,,,,,,,,,,,2026-06-25
株式会社パコム,,,,,,,,,,,,,,,,2026-06-25
DITA inc.,,,,,,,,,,,,,,,,2026-06-25
株式会社ニキ大阪,,,,,,,,,,,,,,,,2026-06-25
株式会社日翔グローバル,,,,,,,,,,,,,,,,2026-06-25
株式会社ジェイシーシー,,,,,,,,,,,,,,,,2026-06-25
Liberty合同会社,,,,,,,,,,,,,,,,2026-06-25
Startramp株式会社,,,,,,,,,,,,,,,,2026-06-25
株式会社パレスホテル,,,,,,,,,,,,,,,,2026-06-25
株式会社船井総合研究所,,,,,,,,,,,,,,,,2026-06-25
株式会社SceneLive,,,,,,,,,,,,,,,,2026-06-25
株式会社FORCE,,,,,,,,,,,,,,,,2026-06-25
株式会社マテリアル,,,,,,,,,,,,,,,,2026-06-25
株式会社無限,,,,,,,,,,,,,,,,2026-06-25
株式会社スパークル,,,,,,,,,,,,,,,,2026-06-25
株式会社AIMY,,,,,,,,,,,,,,,,2026-06-25
株式会社なちゅらフーズ,,,,,,,,,,,,,,,,2026-06-25
株式会社JOBJOB,,,,,,,,,,,,,,,,2026-06-25
株式会社DUNK,,,,,,,,,,,,,,,,2026-06-25
ユニバースジャパン株式会社,,,,,,,,,,,,,,,,2026-06-25
株式会社IGNITE,,,,,,,,,,,,,,,,2026-06-25
Y.W.C.株式会社,,,,,,,,,,,,,,,,2026-06-25
社会医療法人純幸会関西メディカル病院,,,,,,,,,,,,,,,,2026-06-25
株式会社Bit's,,,,,,,,,,,,,,,,2026-06-25
Eleanor 梅田店,,,,,,,,,,,,,,,,2026-06-25
Luana hair&treatment 梅田店,,,,,,,,,,,,,,,,2026-06-25
Eleanor spa&treatment 梅田...,,,,,,,,,,,,,,,,2026-06-25
関西メディカル病院,,,,,,,,,,,,,,,,2026-06-25
tocca hair & treatment 天...,,,,,,,,,,,,,,,,2026-06-25
大阪市生野区・地下鉄「北巽」「南巽」駅／JR「長...,,,,,,,,,,,,,,,,2026-06-25
株式会社エックスラボ,,岩本 麻未,1,自社採用ページ深掘り(URL発見),自社採用ページ,事業部長,人事部,https://xlab.co.jp/recruit/,人事部 事業部長 岩本 麻未,,,,,,https://xlab.co.jp/,2026-06-25
tocca hair&treatment 天王寺...,,,,,,,,,,,,,,,,2026-06-25
Luana hair&treatment 難波店,,,,,,,,,,,,,,,,2026-06-25
株式会社マイキャリア,,,,,,,,,,,,,,,,2026-06-25
tocca hair & treatment難波店,,,,,,,,,,,,,,,,2026-06-25
Lily of the Vase,,,,,,,,,,,,,,,,2026-06-25
あいあい株式会社,,,,,,,,,,,,,,,,2026-06-25
株式会社メディアート,,,,,,,,,,,,,,,,2026-06-25
株式会社コネック,,,,,,,,,,,,,,,,2026-06-25
株式会社noix,,,,,,,,,,,,,,,,2026-06-25
株式会社HarmoniQ,,,,,,,,,,,,,,,,2026-06-25
株式会社計測リサーチコンサルタント,,,,,,,,,,,,,,,,2026-06-25
Earth Security Career,,,,,,,,,,,,,,,,2026-06-25
株式会社プレラナ,,,,,,,,,,,,,,,,2026-06-25
株式会社あそびゴコロ,,,,,,,,,,,,,,,,2026-06-25
株式会社シリウス,,,,,,,,,,,,,,,,2026-06-25
株式会社Renovate,,,,,,,,,,,,,,,,2026-06-25
医療法人エスティーアドバンス 大和駅前ファミリー...,,,,,,,,,,,,,,,,2026-06-25
ナンバーズ株式会社,,,,,,,,,,,,,,,,2026-06-25
株式会社ライセンスアカデミー,,,,,,,,,,,,,,,,2026-06-25
日本クレアス税理士法人,,,,,,,,,,,,,,,,2026-06-25
サポート行政書士法人,,,,,,,,,,,,,,,,2026-06-25
株式会社エンジョイワークス,,,,,,,,,,,,,,,,2026-06-25
株式会社プレシャスパートナーズ,,,,,,,,,,,,,,,,2026-06-25
株式会社PFC,,,,,,,,,,,,,,,,2026-06-25
船井総研サプライチェーンコンサルティング,,,,,,,,,,,,,,,,2026-06-25
ヒューマンリソシア株式会社,,,,,,,,,,,,,,,,2026-06-25
株式会社求人センター,,,,,,,,,,,,,,,,2026-06-25
株式会社ダイブ,,,,,,,,,,,,,,,,2026-06-25
五代目和牛東京,,,,,,,,,,,,,,,,2026-06-25
奥村組土木興業株式会社,,,,,,,,,,,,,,,,2026-06-25
UNDEUX SUPER BODY 天王寺スタジオ,,,,,,,,,,,,,,,,2026-06-25
UNDEUX SUPER BODY 江坂スタジオ,,,,,,,,,,,,,,,,2026-06-25
UNDEUX SUPER BODY 梅田スタジオ,,,,,,,,,,,,,,,,2026-06-25
ボディッシュ阪急梅田芝田店,,,,,,,,,,,,,,,,2026-06-25
Relax大阪梅田店,,,,,,,,,,,,,,,,2026-06-25
株式会社辻中,,,,,,,,,,,,,,,,2026-06-25
東洋ビルメンテナンス株式会社,,,,,,,,,,,,,,,,2026-06-25
株式会社松尾組,,,,,,,,,,,,,,,,2026-06-25
西日本旅客鉄道株式会社,,,,,,,,,,,,,,,,2026-06-25
ゆめみし阪急グランドビル店,,,,,,,,,,,,,,,,2026-06-25
株式会社ウィルオブ・ワーク,,,,,,,,,,,,,,,,2026-06-25
株式会社木内計測,,,,,,,,,,,,,,,,2026-06-25
株式会社ムトウ,,,,,,,,,,,,,,,,2026-06-25
日本レヂボン株式会社,,,,,,,,,,,,,,,,2026-06-25
痩せたい人の専門店 Queen 梅田店,,,,,,,,,,,,,,,,2026-06-25
株式会社サムシング,,,,,,,,,,,,,,,,2026-06-25
白鶴酒造株式会社,,,,,,,,,,,,,,,,2026-06-25
近畿商事株式会社,,,,,,,,,,,,,,,,2026-06-25
日新明弘テック株式会社,,,,,,,,,,,,,,,,2026-06-25
Peach Aviation株式会社,,,,,,,,,,,,,,,,2026-06-25
株式会社CKサンエツ 日本伸銅,,,,,,,,,,,,,,,,2026-06-25
株式会社メイテック,,,,,,,,,,,,,,,,2026-06-25
株式会社CORE技術研究所,,,,,,,,,,,,,,,,2026-06-25
30分まつ毛パーマ専門店 ALI 茨木店,,,,,,,,,,,,,,,,2026-06-25
30分まつ毛パーマ専門店 ALI 枚方店,,,,,,,,,,,,,,,,2026-06-25
30分まつ毛パーマ専門店 ALI 高槻店,,,,,,,,,,,,,,,,2026-06-25
株式会社デザインシステムサービス,,,,,,,,,,,,,,,,2026-06-25
吉野ゴム工業株式会社,,,,,,,,,,,,,,,,2026-06-25
株式会社Widsley,,,,,,,,,,,,,,,,2026-06-25
株式会社ウイズ・ソフトウェア,,,,,,,,,,,,,,,,2026-06-25
株式会社ウィクレソフト・ジャパン,,,,,,,,,,,,,,,,2026-06-25
株式会社あかさき設計,,,,,,,,,,,,,,,,2026-06-25
illmatics Inc.,,,,,,,,,,,,,,,,2026-06-25
アイピーシステム株式会社,,,,,,,,,,,,,,,,2026-06-25
株式会社人創,,,,,,,,,,,,,,,,2026-06-25
ソレキア株式会社,,,,,,,,,,,,,,,,2026-06-25
プレイス株式会社,,,,,,,,,,,,,,,,2026-06-25
株式会社プロシード,,,,,,,,,,,,,,,,2026-06-25
株式会社シー・アール・シー,,,,,,,,,,,,,,,,2026-06-25
はぁとふるグループ,,,,,,,,,,,,,,,,2026-06-25
株式会社ファルケ,,,,,,,,,,,,,,,,2026-06-25
株式会社reborn ウェルビーライフ大阪,,,,,,,,,,,,,,,,2026-06-25
トライアロー株式会社,,,,,,,,,,,,,,,,2026-06-25
合同会社シュガーカット,,,,,,,,,,,,,,,,2026-06-25
イントリックス株式会社,,,,,,,,,,,,,,,,2026-06-25
AnyKan株式会社,,,,,,,,,,,,,,,,2026-06-25
有限会社トニーズ・カンパニー,,,,,,,,,,,,,,,,2026-06-25
株式会社インスパイア,,,,,,,,,,,,,,,,2026-06-25
合同会社華,,,,,,,,,,,,,,,,2026-06-25
アートユニオン株式会社,,,,,,,,,,,,,,,,2026-06-25
株式会社TheNewGate,,,,,,,,,,,,,,,,2026-06-25
CLARK SMART 天王寺,,,,,,,,,,,,,,,,2026-06-25
三陽工業株式会社,,,,,,,,,,,,,,,,2026-06-25
株式会社フェニックス管理,,,,,,,,,,,,,,,,2026-06-25
CBSフィナンシャルサービス株式会社,,,,,,,,,,,,,,,,2026-06-25
株式会社トラスト,,,,,,,,,,,,,,,,2026-06-25
株式会社進研アド,,,,,,,,,,,,,,,,2026-06-25
株式会社FTG Company,,,,,,,,,,,,,,,,2026-06-25
TBCグループ株式会社,,,,,,,,,,,,,,,,2026-06-25
株式会社ジェイアール西日本ビルト,,,,,,,,,,,,,,,,2026-06-25
カキモトレーシング株式会社／柿本 改,,,,,,,,,,,,,,,,2026-06-25
ターゲットメディア・ジャパン株式会社,,,,,,,,,,,,,,,,2026-06-25
株式会社Magical,,,,,,,,,,,,,,,,2026-06-25
株式会社COFFISO,,,,,,,,,,,,,,,,2026-06-25
株式会社ガクチカ,,,,,,,,,,,,,,,,2026-06-25
thirty eight合同会社,,,,,,,,,,,,,,,,2026-06-25
株式会社光伸,,,,,,,,,,,,,,,,2026-06-25
ベルサンテ株式会社,,,,,,,,,,,,,,,,2026-06-25
社会福祉法人晋栄福祉会,,,,,,,,,,,,,,,,2026-06-25
アモシスジャパン株式会社,,,,,,,,,,,,,,,,2026-06-25
株式会社テイジイエル,,,,,,,,,,,,,,,,2026-06-25
株式会社マルゼンホールディングス,,,,,,,,,,,,,,,,2026-06-25
小泉産業株式会社,,,,,,,,,,,,,,,,2026-06-25
アイリスオーヤマ株式会社,,,,,,,,,,,,,,,,2026-06-25
株式会社ポピンズエデュケア,,,,,,,,,,,,,,,,2026-06-25
株式会社新日本科学PPD,,,,,,,,,,,,,,,,2026-06-25
株式会社平山,,,,,,,,,,,,,,,,2026-06-25
岡安商事株式会社,,,,,,,,,,,,,,,,2026-06-25
株式会社テクノクリエイティブ,,,,,,,,,,,,,,,,2026-06-25
DAIWA CYCLE株式会社,,,,,,,,,,,,,,,,2026-06-25
豊和開発株式会社,,,,,,,,,,,,,,,,2026-06-25
リゾートトラスト株式会社,,,,,,,,,,,,,,,,2026-06-25
リバティー株式会社,,,,,,,,,,,,,,,,2026-06-25
グロリアス株式会社,,,,,,,,,,,,,,,,2026-06-25
三菱電機システムサービス株式会社,,,,,,,,,,,,,,,,2026-06-25
トーヨーポリマー株式会社,,,,,,,,,,,,,,,,2026-06-25
社会医療法人美杉会 法人事務局,,,,,,,,,,,,,,,,2026-06-25
株式会社大広,,,,,,,,,,,,,,,,2026-06-25
株式会社タカラレンタックスグループホールディングス,,,,,,,,,,,,,,,,2026-06-25
株式会社トータルクリエーションズ,,,,,,,,,,,,,,,,2026-06-25
株式会社キャリアエンジン,,,,,,,,,,,,,,,,2026-06-25
株式会社武蔵野,,,,,,,,,,,,,,,,2026-06-25
栄光ホールディングス株式会社,,,,,,,,,,,,,,,,2026-06-25
テンスマイル合同会社,,,,,,,,,,,,,,,,2026-06-25
テレック株式会社,,,,,,,,,,,,,,,,2026-06-25
Joyful喜一ホールディングス株式会社,,,,,,,,,,,,,,,,2026-06-25
株式会社コプロ・ホールディングス,,,,,,,,,,,,,,,,2026-06-25
株式会社JM,,,,,,,,,,,,,,,,2026-06-25
株式会社ECC,,,,,,,,,,,,,,,,2026-06-25
公益社団法人河内長野市シルバー人材センター,,,,,,,,,,,,,,,,2026-06-25
生和設計研究所ホールディングス株式会社,,,,,,,,,,,,,,,,2026-06-25
日精株式会社,,,,,,,,,,,,,,,,2026-06-25
株式会社グロップ 梅田オフィス,,,,,,,,,,,,,,,,2026-06-25
税理士法人クラウドパートナーズ,,,,,,,,,,,,,,,,2026-06-25
イサム塗料株式会社,,,,,,,,,,,,,,,,2026-06-25
高槻クローバー歯科・矯正歯科,,,,,,,,,,,,,,,,2026-06-25
株式会社ReaLight,,,,,,,,,,,,,,,,2026-06-25
東尾メック株式会社,,,,,,,,,,,,,,,,2026-06-25
株式会社OLC,,,,,,,,,,,,,,,,2026-06-25
株式会社KOS,,,,,,,,,,,,,,,,2026-06-25
ブリヂストンタイヤ北大阪販売株式会社,,,,,,,,,,,,,,,,2026-06-25
株式会社FDS,,,,,,,,,,,,,,,,2026-06-25
株式会社LIVA TRANSIT,,,,,,,,,,,,,,,,2026-06-25
喜望株式会社,,,,,,,,,,,,,,,,2026-06-25
株式会社サンエッセン,,,,,,,,,,,,,,,,2026-06-25
株式会社総合企画新栄,,,,,,,,,,,,,,,,2026-06-25
キワヨシ株式会社,,,,,,,,,,,,,,,,2026-06-25
丸一化成株式会社,,,,,,,,,,,,,,,,2026-06-25
中央電設株式会社,,,,,,,,,,,,,,,,2026-06-25
株式会社ケントホームズ,,,,,,,,,,,,,,,,2026-06-25
株式会社杉本組,,,,,,,,,,,,,,,,2026-06-25
生和コーポレーション株式会社,,,,,,,,,,,,,,,,2026-06-25
生和コーポレーション株式会社西日本本社,,,,,,,,,,,,,,,,2026-06-25
泰華建設工業株式会社,,,,,,,,,,,,,,,,2026-06-25
株式会社日新工営,,,,,,,,,,,,,,,,2026-06-25
株式会社秀建,,,,,,,,,,,,,,,,2026-06-25
共和海建グループ,,,,,,,,,,,,,,,,2026-06-25
株式会社美商,,,,,,,,,,,,,,,,2026-06-25
太閤木下建設株式会社,,,,,,,,,,,,,,,,2026-06-25
株式会社東工,,,,,,,,,,,,,,,,2026-06-25
株式会社レボテクノ,,,,,,,,,,,,,,,,2026-06-25
有限会社創建工房／縁 創建工房,,,,,,,,,,,,,,,,2026-06-25
重孝設備株式会社,,,,,,,,,,,,,,,,2026-06-25
株式会社Lambo,,,,,,,,,,,,,,,,2026-06-25
田村栄株式会社,,,,,,,,,,,,,,,,2026-06-25
株式会社稲山技研,,,,,,,,,,,,,,,,2026-06-25
株式会社ミヤテック,,,,,,,,,,,,,,,,2026-06-25
日生建設株式会社,,,,,,,,,,,,,,,,2026-06-25
株式会社朝日設計,,,,,,,,,,,,,,,,2026-06-25
阪東電気株式会社,,長谷川,0.7,自社採用ページ深掘り(URL発見),自社採用ページ,採用担当,総務部,https://www.bandou.co.jp/recruit,採用担当者　長谷川,,,,,,https://www.bandou.co.jp/,2026-06-25
ハマダホールディングス株式会社,,,,,,,,,,,,,,,,2026-06-25
昭和金属工業株式会社工場,,,,,,,,,,,,,,,,2026-06-25
株式会社京栄センター,,,,,,,,,,,,,,,,2026-06-25
パーソルファクトリーパートナーズ株式会社,,,,,,,,,,,,,,,,2026-06-25
RIJENA BEAUTY ESTHETIQUE...,,,,,,,,,,,,,,,,2026-06-25
Crea la Luce 梅田店,,,,,,,,,,,,,,,,2026-06-25
アルト居宅介護支援,,,,,,,,,,,,,,,,2026-06-25
Crea la Luce 京橋店,,,,,,,,,,,,,,,,2026-06-25
株式会社アークリンク,,,,,,,,,,,,,,,,2026-06-25
Crea la Luce JR茨木店,,,,,,,,,,,,,,,,2026-06-25
フジアルテ株式会社,,,,,,,,,,,,,,,,2026-06-25
水島運輸株式会社,,,,,,,,,,,,,,,,2026-06-25
Crea la Luce 高槻駅前店,,,,,,,,,,,,,,,,2026-06-25
株式会社RAPTOR,,,,,,,,,,,,,,,,2026-06-25
有限会社ユーアイ産業,,,,,,,,,,,,,,,,2026-06-25
株式会社TONEZ,,,,,,,,,,,,,,,,2026-06-25
株式会社ミマキエンジニアリング,,,,,,,,,,,,,,,,2026-06-25
大阪特殊合金株式会社,,,,,,,,,,,,,,,,2026-06-25
株式会社スクウェア,,,,,,,,,,,,,,,,2026-06-25
サンワ株式会社,,,,,,,,,,,,,,,,2026-06-25
旭化工株式会社,,,,,,,,,,,,,,,,2026-06-25
株式会社生駒,,,,,,,,,,,,,,,,2026-06-25
株式会社ニシムラ,,,,,,,,,,,,,,,,2026-06-25
株式会社フューチャーシステム,,,,,,,,,,,,,,,,2026-06-25
株式会社551蓬莱,,,,,,,,,,,,,,,,2026-06-25
株式会社明治製作所,,,,,,,,,,,,,,,,2026-06-25
東洋製鉄株式会社,,,,,,,,,,,,,,,,2026-06-25
岡村製油株式会社,,,,,,,,,,,,,,,,2026-06-25
株式会社アイロムOM大阪オフィス,,,,,,,,,,,,,,,,2026-06-25
特定医療法人大阪精神医学研究所新阿武山病院,,,,,,,,,,,,,,,,2026-06-25
WDB株式会社,,,,,,,,,,,,,,,,2026-06-25
SARA EXCELLENT 梅田店,,,,,,,,,,,,,,,,2026-06-25
サラエクセレント 天王寺,,,,,,,,,,,,,,,,2026-06-25
株式会社インテリム,,,,,,,,,,,,,,,,2026-06-25
株式会社BREXA Advan,,,,,,,,,,,,,,,,2026-06-25
林純薬工業株式会社,,,,,,,,,,,,,,,,2026-06-25
住化エンバイロメンタルサイエンス株式会社,,,,,,,,,,,,,,,,2026-06-25
東洋ビューティ株式会社,,,,,,,,,,,,,,,,2026-06-25
朝日新聞社,,,,,,,,,,,,,,,,2026-06-25
新阿武山病院,,,,,,,,,,,,,,,,2026-06-25
株式会社栗田機械製作所,,,,,,,,,,,,,,,,2026-06-25
豊国製油株式会社,,,,,,,,,,,,,,,,2026-06-25
オーケー食品工業株式会社,,,,,,,,,,,,,,,,2026-06-25
丸菱油化工業株式会社,,,,,,,,,,,,,,,,2026-06-25
カナデビア株式会社,,,,,,,,,,,,,,,,2026-06-25
五洋紙工株式会社,,,,,,,,,,,,,,,,2026-06-25
関西化学機械製作株式会社,,,,,,,,,,,,,,,,2026-06-25
日研フード株式会社,,,,,,,,,,,,,,,,2026-06-25
林兼産業株式会社,,,,,,,,,,,,,,,,2026-06-25
株式会社フソウ,,,,,,,,,,,,,,,,2026-06-25
浪田石油株式会社Dr.Driveネオス高津SS,,,,,,,,,,,,,,,,2026-06-25
東京・日本交通株式会社,,,,,,,,,,,,,,,,2026-06-25
浪田石油株式会社 Dr.Drive武庫之荘南SS,,,,,,,,,,,,,,,,2026-06-25
株式会社セカンドライン,,,,,,,,,,,,,,,,2026-06-25
株式会社k-onelog,,,,,,,,,,,,,,,,2026-06-25
リハビリデイサービス大きな手・天王寺,,,,,,,,,,,,,,,,2026-06-25
医療法人呉診療所デイサービス勝山,,,,,,,,,,,,,,,,2026-06-25
TAKUMI川崎教室,,,,,,,,,,,,,,,,2026-06-25
藤井寺デイサービスセンター,,,,,,,,,,,,,,,,2026-06-25
癒しの森デイサービス久宝寺,,,,,,,,,,,,,,,,2026-06-25
わくわくデイサービス金岡,,,,,,,,,,,,,,,,2026-06-25
幸楽の里豊中北条デイサービスセンター,,,,,,,,,,,,,,,,2026-06-25
デイサービス笑楽コスモスクエア,,,,,,,,,,,,,,,,2026-06-25
ビーナスケアセンター瑞光,,,,,,,,,,,,,,,,2026-06-25
un le pont 梅田店,,,,,,,,,,,,,,,,2026-06-25
小規模多機能型居宅介護アルモニー西淀川大野,,,,,,,,,,,,,,,,2026-06-25
PUJAhair,,,,,,,,,,,,,,,,2026-06-25
介護老人保健施設 美杉,,,,,,,,,,,,,,,,2026-06-25
リハビリデイサービス大きな手・住之江,,,,,,,,,,,,,,,,2026-06-25
特別養護老人ホーム 美郷,,,,,,,,,,,,,,,,2026-06-25
デイサービスセンター一休,,,,,,,,,,,,,,,,2026-06-25
有料老人ホーム フィオーレ美杉,,,,,,,,,,,,,,,,2026-06-25
さわやか淀川リハビリデイサービス,,,,,,,,,,,,,,,,2026-06-25
特別養護老人ホーム 美来,,,,,,,,,,,,,,,,2026-06-25
小規模特別養護老人ホーム くずは西美郷,,,,,,,,,,,,,,,,2026-06-25
有料老人ホーム まきの美郷,,,,,,,,,,,,,,,,2026-06-25
小規模特別養護老人ホーム くずは美郷,,,,,,,,,,,,,,,,2026-06-25
介護老人保健施設 美樟苑,,,,,,,,,,,,,,,,2026-06-25
イフスコヘルスケア株式会社,,,,,,,,,,,,,,,,2026-06-25
有料老人ホーム 美華,,,,,,,,,,,,,,,,2026-06-25
subaco switch,,,,,,,,,,,,,,,,2026-06-25
subaco switchうつぼ公園,,,,,,,,,,,,,,,,2026-06-25
subaco switchたにまち,,,,,,,,,,,,,,,,2026-06-25
けいきlittle,,,,,,,,,,,,,,,,2026-06-25
LITALICOジュニア天王寺教室,,,,,,,,,,,,,,,,2026-06-25
LITALICOジュニア梅田教室,,,,,,,,,,,,,,,,2026-06-25
LITALICOジュニア此花教室,,,,,,,,,,,,,,,,2026-06-25
LITALICOジュニアなんば・日本橋教室,,,,,,,,,,,,,,,,2026-06-25
La fith hair pur 梅田茶屋町店,,,,,,,,,,,,,,,,2026-06-25
株式会社チェプロ,,,,,,,,,,,,,,,,2026-06-25
株式会社トランスビジョン,,,,,,,,,,,,,,,,2026-06-25
Goo-it! 天王寺店,,,,,,,,,,,,,,,,2026-06-25
システムスクエア株式会社,,,,,,,,,,,,,,,,2026-06-25
Sky Grid株式会社,,,,,,,,,,,,,,,,2026-06-25
Job and Technology合同会社,,,,,,,,,,,,,,,,2026-06-25
株式会社シンホリ,,,,,,,,,,,,,,,,2026-06-25
株式会社住生活研究所,,,,,,,,,,,,,,,,2026-06-25
株式会社不動産パートナーズ,,,,,,,,,,,,,,,,2026-06-25
株式会社豊電子工業,,,,,,,,,,,,,,,,2026-06-25
株式会社ワークナビ,,,,,,,,,,,,,,,,2026-06-25
株式会社TMGT,,,,,,,,,,,,,,,,2026-06-25
株式会社エネチタ,,,,,,,,,,,,,,,,2026-06-25
株式会社コスモテック,,,,,,,,,,,,,,,,2026-06-25
株式会社丸金商会,,,,,,,,,,,,,,,,2026-06-25
ニッカホーム株式会社,,,,,,,,,,,,,,,,2026-06-25
株式会社ホワイトハウス,,,,,,,,,,,,,,,,2026-06-25
株式会社APパートナーズ,,,,,,,,,,,,,,,,2026-06-25
株式会社都工業,,,,,,,,,,,,,,,,2026-06-25
株式会社サンワハウス,,,,,,,,,,,,,,,,2026-06-25
常盤産業株式会社,,,,,,,,,,,,,,,,2026-06-25
株式会社マルヤマ,,,,,,,,,,,,,,,,2026-06-25
株式会社アドストーリー,,,,,,,,,,,,,,,,2026-06-25
旭化成ホームズ株式会社,,,,,,,,,,,,,,,,2026-06-25
SCSK株式会社,,,,,,,,,,,,,,,,2026-06-25
株式会社オープンハウス,,,,,,,,,,,,,,,,2026-06-25
アリさんマークの引越社 新卒採用,,,,,,,,,,,,,,,,2026-06-25
アドプランナー株式会社,,,,,,,,,,,,,,,,2026-06-25
株式会社中京アドサイン,,,,,,,,,,,,,,,,2026-06-25
かりや愛知中央生活協同組合,,,,,,,,,,,,,,,,2026-06-25
株式会社プリマジェスト,,,,,,,,,,,,,,,,2026-06-25
株式会社アールプランナー,,,,,,,,,,,,,,,,2026-06-25
山本瓦工業株式会社,,,,,,,,,,,,,,,,2026-06-25
株式会社タンサイボウズ 営業部,,,,,,,,,,,,,,,,2026-06-25
川洋建装株式会社,,,,,,,,,,,,,,,,2026-06-25
株式会社中部,,,,,,,,,,,,,,,,2026-06-25
株式会社フリード トヨタインター店,,,,,,,,,,,,,,,,2026-06-25
永田や佛壇店 西尾店,,,,,,,,,,,,,,,,2026-06-25
株式会社魚初 工場,,,,,,,,,,,,,,,,2026-06-25
名鉄自動車整備株式会社,,,,,,,,,,,,,,,,2026-06-25
株式会社玉善,,,,,,,,,,,,,,,,2026-06-25
アジア産業株式会社,,,,,,,,,,,,,,,,2026-06-25
ポールトゥウィン株式会社,,,,,,,,,,,,,,,,2026-06-25
株式会社テクノプロ,,,,,,,,,,,,,,,,2026-06-25
株式会社GLW,,,,,,,,,,,,,,,,2026-06-25
株式会社テクノスマイル,,,,,,,,,,,,,,,,2026-06-25
プロフィット株式会社,,,,,,,,,,,,,,,,2026-06-25
神星電機株式会社,,,,,,,,,,,,,,,,2026-06-25
トヨタカローラ名古屋株式会社 安城店,,,,,,,,,,,,,,,,2026-06-25
株式会社エー・オー・シー,,,,,,,,,,,,,,,,2026-06-25
興和工業株式会社,,,,,,,,,,,,,,,,2026-06-25
桜の眠り,,,,,,,,,,,,,,,,2026-06-25
株式会社STELAQ,,,,,,,,,,,,,,,,2026-06-25
合同会社hitoricco,,,,,,,,,,,,,,,,2026-06-25
株式会社エイビス,,,,,,,,,,,,,,,,2026-06-25
株式会社平岩鉄工所,,,,,,,,,,,,,,,,2026-06-25
TGウェルフェア株式会社,,,,,,,,,,,,,,,,2026-06-25
株式会社スマートノート,,,,,,,,,,,,,,,,2026-06-25
興和化成株式会社,,,,,,,,,,,,,,,,2026-06-25
BurnesStyle 今池店,,,,,,,,,,,,,,,,2026-06-25
THE PERSONAL GYM 愛知県 覚王山店,,,,,,,,,,,,,,,,2026-06-25
THE PERSONAL GYM 名古屋栄店,,,,,,,,,,,,,,,,2026-06-25
城北学童保育所,,,,,,,,,,,,,,,,2026-06-25
株式会社ビジョン,,,,,,,,,,,,,,,,2026-06-25
株式会社ウィルオブ・ワーク CW営業部,,,,,,,,,,,,,,,,2026-06-25
株式会社MARUWA,,,,,,,,,,,,,,,,2026-06-25
株式会社OnePile,,,,,,,,,,,,,,,,2026-06-25
OGIYA GROUP XO,,,,,,,,,,,,,,,,2026-06-25
有限会社ネクサスコーポレーション,,,,,,,,,,,,,,,,2026-06-25
OGIYA GROUP 安城店,,,,,,,,,,,,,,,,2026-06-25
OGIYA GROUP 駅前店,,,,,,,,,,,,,,,,2026-06-25
OGIYA GROUP チャンピオン,,,,,,,,,,,,,,,,2026-06-25
株式会社キョウエイアドインターナショナル,,,,,,,,,,,,,,,,2026-06-25
OGIYA GROUP 西尾店,,,,,,,,,,,,,,,,2026-06-25
OGIYA GROUP 豊橋蔵子店,,,,,,,,,,,,,,,,2026-06-25
OGIYA GROUP WO,,,,,,,,,,,,,,,,2026-06-25
株式会社BIG SHIP,,,,,,,,,,,,,,,,2026-06-25
OGIYA GROUP グランプリ店,,,,,,,,,,,,,,,,2026-06-25
OGIYA GROUP 二川店,,,,,,,,,,,,,,,,2026-06-25
アルビス 北区金田店／アルビス株式会社,,,,,,,,,,,,,,,,2026-06-25
株式会社ニッセーデリカ,,,,,,,,,,,,,,,,2026-06-25
アルビス 中村二瀬店／アルビス株式会社,,,,,,,,,,,,,,,,2026-06-25
社会医療法人愛生会 総合上飯田第一病院,,,,,,,,,,,,,,,,2026-06-25
独立行政法人労働者健康安全機構旭労災病院,,,,,,,,,,,,,,,,2026-06-25
医療法人医仁会さくら総合病院デイ ケアセンター ...,,,,,,,,,,,,,,,,2026-06-25
あづま家デイサービス北部,,,,,,,,,,,,,,,,2026-06-25
グループホームつばさ今町,,,,,,,,,,,,,,,,2026-06-25
株式会社C-mind,,,,,,,,,,,,,,,,2026-06-25
あづま食品株式会社,,,,,,,,,,,,,,,,2026-06-25
株式会社ニヤクコーポレーション,,,,,,,,,,,,,,,,2026-06-25
株式会社帝国データバンク,,,,,,,,,,,,,,,,2026-06-25
株式会社コプロコンストラクション,,,,,,,,,,,,,,,,2026-06-25
株式会社魚初,,,,,,,,,,,,,,,,2026-06-25
髙瀬物産株式会社,,,,,,,,,,,,,,,,2026-06-25
ダイセーエブリー二十四株式会社,,,,,,,,,,,,,,,,2026-06-25
三昌物産株式会社,,,,,,,,,,,,,,,,2026-06-25
ネクステージ昭和橋店,,,,,,,,,,,,,,,,2026-06-25
社会医療法人志聖会,,,,,,,,,,,,,,,,2026-06-25
みのりライフ介護センター春日井,,,,,,,,,,,,,,,,2026-06-25
ネクステージ岡崎スバル車専門店,,,,,,,,,,,,,,,,2026-06-25
株式会社オープンアップコンストラクション,,,,,,,,,,,,,,,,2026-06-25
ネクステージ豊田東店,,,,,,,,,,,,,,,,2026-06-25
ランドローバー岡崎,,,,,,,,,,,,,,,,2026-06-25
ネクステージ日進駅前店,,,,,,,,,,,,,,,,2026-06-25
ネクステージ⾧久手グリーンロード店,,,,,,,,,,,,,,,,2026-06-25
ネクステージ春日井セダン・スポーツ専門店,,,,,,,,,,,,,,,,2026-06-25
ネクステージ名古屋茶屋店,,,,,,,,,,,,,,,,2026-06-25
ネクステージ岡崎美合店,,,,,,,,,,,,,,,,2026-06-25
ネクステージ西尾店,,,,,,,,,,,,,,,,2026-06-25
ネクステージ一宮スバル車専門店,,,,,,,,,,,,,,,,2026-06-25
SUV LAND名古屋／株式会社ネクステージ,,,,,,,,,,,,,,,,2026-06-25
ネクステージ天白セダン・スポーツ専門店,,,,,,,,,,,,,,,,2026-06-25
UNIVERSE名古屋／株式会社ネクステージ,,,,,,,,,,,,,,,,2026-06-25
ネクステージ江南店,,,,,,,,,,,,,,,,2026-06-25
名鉄イン株式会社,,,,,,,,,,,,,,,,2026-06-25
日総ブレイン株式会社,,,,,,,,,,,,,,,,2026-06-25
シンコール株式会社,,,,,,,,,,,,,,,,2026-06-25
行政書士法人シフトアップ,,,,,,,,,,,,,,,,2026-06-25
株式会社アラカン,,,,,,,,,,,,,,,,2026-06-25
株式会社スギ薬局,,,,,,,,,,,,,,,,2026-06-25
株式会社クイック,,,,,,,,,,,,,,,,2026-06-25
株式会社マイナビワークス,,,,,,,,,,,,,,,,2026-06-25
ランスタッド株式会社,,,,,,,,,,,,,,,,2026-06-25
パーソルマーケティング株式会社,,,,,,,,,,,,,,,,2026-06-25
セントラルエンジニアリング株式会社,,,,,,,,,,,,,,,,2026-06-25
株式会社TAC設計室,,,,,,,,,,,,,,,,2026-06-25
医療法人利靖会,,,,,,,,,,,,,,,,2026-06-25
千音寺産婦人科,,,,,,,,,,,,,,,,2026-06-25
愛知鋼業株式会社,,,,,,,,,,,,,,,,2026-06-25
近鉄住宅管理株式会社,,,,,,,,,,,,,,,,2026-06-25
ジョブストア株式会社,,,,,,,,,,,,,,,,2026-06-25
ライフケア薬局,,,,,,,,,,,,,,,,2026-06-25
株式会社アレックス・ジャパン,,,,,,,,,,,,,,,,2026-06-25
あったかハウス弐番館,,,,,,,,,,,,,,,,2026-06-25
株式会社コムスタッフ,,,,,,,,,,,,,,,,2026-06-25
かぐら薬局はばたき店,,,,,,,,,,,,,,,,2026-06-25
一般社団法人拠,,,,,,,,,,,,,,,,2026-06-25
株式会社ウィルオブ・ワーク CO西,,,,,,,,,,,,,,,,2026-06-25
富士産業株式会社 東名古屋病院内の厨房,,,,,,,,,,,,,,,,2026-06-25
吉浜保育園,,,,,,,,,,,,,,,,2026-06-25
株式会社夢眠ホーム,,,,,,,,,,,,,,,,2026-06-25
こども園あるこ,,,,,,,,,,,,,,,,2026-06-25
株式会社オールハーツ・カンパニー,,,,,,,,,,,,,,,,2026-06-25
株式会社タナパックス,,,,,,,,,,,,,,,,2026-06-25
中部電子システム株式会社,,,,,,,,,,,,,,,,2026-06-25
株式会社GROWTH,,,,,,,,,,,,,,,,2026-06-25
株式会社アットイン,,,,,,,,,,,,,,,,2026-06-25
株式会社グッドスピード,,,,,,,,,,,,,,,,2026-06-25
みっつ葉ライフケア,,,,,,,,,,,,,,,,2026-06-25
株式会社かつや,,,,,,,,,,,,,,,,2026-06-25
パナドーム,,,,,,,,,,,,,,,,2026-06-25
コバックカーズ一宮店,,,,,,,,,,,,,,,,2026-06-25
コバックカーズ岐阜店,,,,,,,,,,,,,,,,2026-06-25
株式会社圓屋,,,,,,,,,,,,,,,,2026-06-25
福祉用具貸与販売プラス,,,,,,,,,,,,,,,,2026-06-25
株式会社山水,,,,,,,,,,,,,,,,2026-06-25
株式会社アンジュールプラス,,,,,,,,,,,,,,,,2026-06-25
株式会社イエデザインラボ,,,,,,,,,,,,,,,,2026-06-25
コバックカーズ四日市インター店,,,,,,,,,,,,,,,,2026-06-25
大黒天物産株式会社,,,,,,,,,,,,,,,,2026-06-25
エバーアクション株式会社,,,,,,,,,,,,,,,,2026-06-25
株式会社バックスグループ,,,,,,,,,,,,,,,,2026-06-25
ゲンキー株式会社,,,,,,,,,,,,,,,,2026-06-25
株式会社サカイ,,,,,,,,,,,,,,,,2026-06-25
株式会社モダン装美,,,,,,,,,,,,,,,,2026-06-25
株式会社アクオ,,,,,,,,,,,,,,,,2026-06-25
名古屋西青果株式会社,,,,,,,,,,,,,,,,2026-06-25
株式会社パロマ,,,,,,,,,,,,,,,,2026-06-25
株式会社オートバックス中部販売,,,,,,,,,,,,,,,,2026-06-25
株式会社アメイズプラス,,,,,,,,,,,,,,,,2026-06-25
株式会社Josho,,,,,,,,,,,,,,,,2026-06-25
株式会社アイケイ,,,,,,,,,,,,,,,,2026-06-25
スガキコシステムズ株式会社,,,,,,,,,,,,,,,,2026-06-25
株式会社ガーデンメーカー,,,,,,,,,,,,,,,,2026-06-25
u Kanayama,,,,,,,,,,,,,,,,2026-06-25
u nagoya,,,,,,,,,,,,,,,,2026-06-25
amie 名古屋店,,,,,,,,,,,,,,,,2026-06-25
amie 栄,,,,,,,,,,,,,,,,2026-06-25
ランク王株式会社,,,,,,,,,,,,,,,,2026-06-25
オーガニックヘアカラー専門店 Colors La...,,,,,,,,,,,,,,,,2026-06-25
株式会社MTG,,,,,,,,,,,,,,,,2026-06-25
株式会社SMCマーケティング,,,,,,,,,,,,,,,,2026-06-25
ビー・マックス株式会社,,,,,,,,,,,,,,,,2026-06-25
株式会社トライフィット,,,,,,,,,,,,,,,,2026-06-25
OGIYA GROUP オーギヤタウン半田店,,,,,,,,,,,,,,,,2026-06-25
OGIYA GROUP 彦根店,,,,,,,,,,,,,,,,2026-06-25
株式会社リンクスタッド,,,,,,,,,,,,,,,,2026-06-25
カジュアルダイニング株式会社,,,,,,,,,,,,,,,,2026-06-25
OGIYA GROUP 垂水店,,,,,,,,,,,,,,,,2026-06-25
龍玉精工株式会社,,,,,,,,,,,,,,,,2026-06-25
DOMANI PLUS. 泉店,,,,,,,,,,,,,,,,2026-06-25
そそ,,,,,,,,,,,,,,,,2026-06-25
ヘアメイクシールN 5,,,,,,,,,,,,,,,,2026-06-25
ヘアメイクジール,,,,,,,,,,,,,,,,2026-06-25
ヘアメイクジール スパ&リラクゼーション,,,,,,,,,,,,,,,,2026-06-25
Zeal d,,,,,,,,,,,,,,,,2026-06-25
HAIR LOUNGE Le ciel,,,,,,,,,,,,,,,,2026-06-25
Hair make Zeal Six,,,,,,,,,,,,,,,,2026-06-25
Eleanor名古屋店,,,,,,,,,,,,,,,,2026-06-25
有限会社山口業務店,,,,,,,,,,,,,,,,2026-06-25
合同会社LFP,,,,,,,,,,,,,,,,2026-06-25
エステティックTiARY エアポートウォーク名古...,,,,,,,,,,,,,,,,2026-06-25
エステティックTiARY サンマルシェ高蔵寺店,,,,,,,,,,,,,,,,2026-06-25
株式会社DCG Entertainment,,,,,,,,,,,,,,,,2026-06-25
株式会社イチマルイチ,,,,,,,,,,,,,,,,2026-06-25
株式会社セントラル,,,,,,,,,,,,,,,,2026-06-25
株式会社AIRCIEL,,,,,,,,,,,,,,,,2026-06-25
サクセスサポートライン,,,,,,,,,,,,,,,,2026-06-25
有限会社サウンドプラン,,,,,,,,,,,,,,,,2026-06-25
株式会社ケーズコンサルタント,,,,,,,,,,,,,,,,2026-06-25
株式会社マザアス プレステージ事業運営部,,,,,,,,,,,,,,,,2026-06-25
Hairsalon&Eyelash STORY ...,,,,,,,,,,,,,,,,2026-06-25
Hairsalon&Eyelash STORY知...,,,,,,,,,,,,,,,,2026-06-25
NBC税理士法人,,,,,,,,,,,,,,,,2026-06-25
ナーシングホームSmilebase 江南,,,,,,,,,,,,,,,,2026-06-25
名古屋トレーニングセンター,,,,,,,,,,,,,,,,2026-06-25
道建コンサルタント株式会社,,,,,,,,,,,,,,,,2026-06-25
株式会社zion,,,,,,,,,,,,,,,,2026-06-25
サン技術コンサルタント株式会社,,,,,,,,,,,,,,,,2026-06-25
医療法人慈鳳社 こうの歯科・矯正歯科クリニック,,,,,,,,,,,,,,,,2026-06-25
株式会社東海ビルメンテナス,,,,,,,,,,,,,,,,2026-06-25
株式会社沢田工務店,,,,,,,,,,,,,,,,2026-06-25
リクルートラボ株式会社,,,,,,,,,,,,,,,,2026-06-25
オックスフォードパートナーズ株式会社,,,,,,,,,,,,,,,,2026-06-25
コスモエンタープライズ株式会社,,,,,,,,,,,,,,,,2026-06-25
株式会社Ling,,,,,,,,,,,,,,,,2026-06-25
株式会社名南経営ソリューションズ,,,,,,,,,,,,,,,,2026-06-25
社会保険労務士法人とうかい,,,,,,,,,,,,,,,,2026-06-25
株式会社リィ,,,,,,,,,,,,,,,,2026-06-25
株式会社グローバルネットワークコーポレーション,,,,,,,,,,,,,,,,2026-06-25
株式会社iNaho,,,,,,,,,,,,,,,,2026-06-25
MO-KU 一宮店,,,,,,,,,,,,,,,,2026-06-25
LUCIDO STYLE WINS,,,,,,,,,,,,,,,,2026-06-25
LUCIDO STYLE Cube,,,,,,,,,,,,,,,,2026-06-25
chaleur,,,,,,,,,,,,,,,,2026-06-25
特別養護老人ホームレモンの樹東海,,,,,,,,,,,,,,,,2026-06-25
美容室イレブンカット フィールアイアイアイプラザ店,,,,,,,,,,,,,,,,2026-06-25
TEN・D,,,,,,,,,,,,,,,,2026-06-25
TEN Atelier,,,,,,,,,,,,,,,,2026-06-25
美容室イレブンカット フィール シャンピアポート店,,,,,,,,,,,,,,,,2026-06-25
美容室イレブンカット ピアゴ清水山店,,,,,,,,,,,,,,,,2026-06-25
LUCIDO STYLE,,,,,,,,,,,,,,,,2026-06-25
グランラフィネ 松坂屋 店,,,,,,,,,,,,,,,,2026-06-25
TEN AVEDAプライムツリー赤池店,,,,,,,,,,,,,,,,2026-06-25
美容室イレブンカット アピタ名古屋南店,,,,,,,,,,,,,,,,2026-06-25
武山鋳造株式会社,,,,,,,,,,,,,,,,2026-06-25
株式会社三和化成,,,,,,,,,,,,,,,,2026-06-25
名古屋電機器サービス株式会社,,,,,,,,,,,,,,,,2026-06-25
富士工器株式会社,,,,,,,,,,,,,,,,2026-06-25
株式会社西村製作所,,,,,,,,,,,,,,,,2026-06-25
LUCIDO STYLE Leclat,,,,,,,,,,,,,,,,2026-06-25
株式会社ヤマイチプライメタル,,,,,,,,,,,,,,,,2026-06-25
LUCIDO STYLE LeR,,,,,,,,,,,,,,,,2026-06-25
株式会社アイ・ディー・エー,,,,,,,,,,,,,,,,2026-06-25
ラフィネプリュス イオンモール則武新町店,,,,,,,,,,,,,,,,2026-06-25
日進化成株式会社,,,,,,,,,,,,,,,,2026-06-25
教育産業株式会社,,,,,,,,,,,,,,,,2026-06-25
レンテック大敬株式会社,,,,,,,,,,,,,,,,2026-06-25
愛知高速交通株式会社,,,,,,,,,,,,,,,,2026-06-25
スジャータめいらくグループ,,,,,,,,,,,,,,,,2026-06-25
種子屋久農業協同組合,,,,,,,,,,,,,,,,2026-06-25
株式会社コベルコ科研,,,,,,,,,,,,,,,,2026-06-25
岡設計株式会社,,,,,,,,,,,,,,,,2026-06-25
株式会社エクシード,,,,,,,,,,,,,,,,2026-06-25
メタウォーターサービス株式会社,,,,,,,,,,,,,,,,2026-06-25
AZAPAエンジニアリング株式会社,,,,,,,,,,,,,,,,2026-06-25
株式会社スタイル・フリー,,,,,,,,,,,,,,,,2026-06-25
株式会社テクノプロ テクノプロ・エンジニアリング社,,,,,,,,,,,,,,,,2026-06-25
ベルエアーシステムズ株式会社,,,,,,,,,,,,,,,,2026-06-25
株式会社トラストファミリー,,,,,,,,,,,,,,,,2026-06-25
株式会社ベル,,,,,,,,,,,,,,,,2026-06-25
株式会社セレスポ,,,,,,,,,,,,,,,,2026-06-25
こばとこども園,,,,,,,,,,,,,,,,2026-06-25
大杉保育園,,,,,,,,,,,,,,,,2026-06-25
HOPPA江向町2丁目,,,,,,,,,,,,,,,,2026-06-25
HOPPAorka南大高,,,,,,,,,,,,,,,,2026-06-25
デイサービス愛西ガーデン,,,,,,,,,,,,,,,,2026-06-25
HOPPAライフガーデン,,,,,,,,,,,,,,,,2026-06-25
家族葬のタクセル春日井本部,,,,,,,,,,,,,,,,2026-06-25
株式会社東愛知新聞社,,,,,,,,,,,,,,,,2026-06-25
合同会社ライク,,,,,,,,,,,,,,,,2026-06-25
ベルサンテスタッフ株式会社,,,,,,,,,,,,,,,,2026-06-25
有限会社元亀屋,,,,,,,,,,,,,,,,2026-06-25
JOKERS株式会社 名古屋オフィス,,,,,,,,,,,,,,,,2026-06-25
株式会社チャンスメイト,,,,,,,,,,,,,,,,2026-06-25
株式会社ジーリンクワークス,,,,,,,,,,,,,,,,2026-06-25
株式会社ルナ・ソーレ,,,,,,,,,,,,,,,,2026-06-25
プロジエ株式会社,,,,,,,,,,,,,,,,2026-06-25
CLARK SMART 名古屋,,,,,,,,,,,,,,,,2026-06-25
新東工業株式会社,,,,,,,,,,,,,,,,2026-06-25
ダイコク電機株式会社,,,,,,,,,,,,,,,,2026-06-25
内浜化成株式会社,,,,,,,,,,,,,,,,2026-06-25
株式会社ニッセイ,,,,,,,,,,,,,,,,2026-06-25
特別養護老人ホーム ウエルコートみづほ,,,,,,,,,,,,,,,,2026-06-25
VTホールディングス株式会社,,,,,,,,,,,,,,,,2026-06-25
社会福祉法人愛燦会,,,,,,,,,,,,,,,,2026-06-25
トータルセラピー プライムツリー赤池店,,,,,,,,,,,,,,,,2026-06-25
株式会社フロンティア,,,,,,,,,,,,,,,,2026-06-25
株式会社幡野ファーム,,,,,,,,,,,,,,,,2026-06-25
株式会社リプライス,,,,,,,,,,,,,,,,2026-06-25
豊通オートモーティブクリエーション株式会社,,,,,,,,,,,,,,,,2026-06-25
株式会社モリテツ,,,,,,,,,,,,,,,,2026-06-25
株式会社ユーネットランス,,,,,,,,,,,,,,,,2026-06-25
合同会社CT4,,,,,,,,,,,,,,,,2026-06-25
株式会社WORK ON,,,,,,,,,,,,,,,,2026-06-25
株式会社ロルバーン,,,,,,,,,,,,,,,,2026-06-25
株式会社FVS,,,,,,,,,,,,,,,,2026-06-25
株式会社アルテクナ,,,,,,,,,,,,,,,,2026-06-25
テクノシステム株式会社,,,,,,,,,,,,,,,,2026-06-25
株式会社三五,,,,,,,,,,,,,,,,2026-06-25
東明工業株式会社,,,,,,,,,,,,,,,,2026-06-25
株式会社ヒメノ,,,,,,,,,,,,,,,,2026-06-25
大和グラビヤ株式会社,,,,,,,,,,,,,,,,2026-06-25
オオサキメディカル株式会社,,,,,,,,,,,,,,,,2026-06-25
株式会社ウッドフレンズ,,,,,,,,,,,,,,,,2026-06-25
セキスイハイム中部株式会社,,,,,,,,,,,,,,,,2026-06-25
豊通保険パートナーズ株式会社,,,,,,,,,,,,,,,,2026-06-25
豊和工業株式会社,,,,,,,,,,,,,,,,2026-06-25
株式会社フューレックス,,,,,,,,,,,,,,,,2026-06-25
トーエイオフリール,,,,,,,,,,,,,,,,2026-06-25
サカエ理研工業株式会社,,,,,,,,,,,,,,,,2026-06-25
株式会社パーソンサービス,,,,,,,,,,,,,,,,2026-06-25
美容プラージュ 豊橋柱店,,,,,,,,,,,,,,,,2026-06-25
株式会社サンライズ・パートナー,,,,,,,,,,,,,,,,2026-06-25
株式会社未来堂,,,,,,,,,,,,,,,,2026-06-25
明和工業株式会社,,,,,,,,,,,,,,,,2026-06-25
日本ネットワークコミュニケーションズ株式会社,,,,,,,,,,,,,,,,2026-06-25
中部システムソリューションズ株式会社,,,,,,,,,,,,,,,,2026-06-25
Next Advance株式会社,,,,,,,,,,,,,,,,2026-06-25
株式会社アクティー,,,,,,,,,,,,,,,,2026-06-25
株式会社G-STYLE,,,,,,,,,,,,,,,,2026-06-25
株式会社協和コーポレーション,,,,,,,,,,,,,,,,2026-06-25
株式会社メグラス,,,,,,,,,,,,,,,,2026-06-25
株式会社貝沼商店,,,,,,,,,,,,,,,,2026-06-25
愛知タイヤ工業株式会社,,,,,,,,,,,,,,,,2026-06-25
ジャパンエレベーターサービスホールディングス株式...,,,,,,,,,,,,,,,,2026-06-25
学校法人藤ノ花学園,,,,,,,,,,,,,,,,2026-06-25
株式会社アルバイトタイムス,,,,,,,,,,,,,,,,2026-06-25
株式会社近藤組,,,,,,,,,,,,,,,,2026-06-25
TSUCHIYA株式会社,,,,,,,,,,,,,,,,2026-06-25
株式会社サーテックカリヤ,,,,,,,,,,,,,,,,2026-06-25
株式会社コメ兵,,,,,,,,,,,,,,,,2026-06-25
ホッコー株式会社,,,,,,,,,,,,,,,,2026-06-25
株式会社リライブルサポート,,,,,,,,,,,,,,,,2026-06-25
丸一運輸株式会社,,,,,,,,,,,,,,,,2026-06-25
株式会社ユニック,,,,,,,,,,,,,,,,2026-06-25
合同会社ytc,,,,,,,,,,,,,,,,2026-06-25
天寶株式会社,,,,,,,,,,,,,,,,2026-06-25
株式会社デンソー,,,,,,,,,,,,,,,,2026-06-25
株式会社レッツネクスト,,,,,,,,,,,,,,,,2026-06-25
株式会社テニスラウンジ,,,,,,,,,,,,,,,,2026-06-25
協和ケミカル株式会社,,,,,,,,,,,,,,,,2026-06-25
SUZUKI HEALTH PLANNING 西...,,,,,,,,,,,,,,,,2026-06-25
東海時計商事株式会社,,,,,,,,,,,,,,,,2026-06-25
名古屋臨床検査センター,,,,,,,,,,,,,,,,2026-06-25
株式会社S.vision,,,,,,,,,,,,,,,,2026-06-25
メルコヒューマンポート株式会社,,,,,,,,,,,,,,,,2026-06-25
グリーンショップ合同会社,,,,,,,,,,,,,,,,2026-06-25
株式会社Belink,,,,,,,,,,,,,,,,2026-06-25
株式会社三榮,,,,,,,,,,,,,,,,2026-06-25
株式会社トーヨー,,,,,,,,,,,,,,,,2026-06-25
大塚産業インテリア株式会社,,,,,,,,,,,,,,,,2026-06-25
株式会社オープンハウス・アーキテクト,,,,,,,,,,,,,,,,2026-06-25
株式会社クロップス・クルー,,,,,,,,,,,,,,,,2026-06-25
株式会社竹中工務店,,,,,,,,,,,,,,,,2026-06-25
株式会社山越,,,,,,,,,,,,,,,,2026-06-25
太建工業株式会社,,,,,,,,,,,,,,,,2026-06-25
株式会社アーキ・ジャパン,,,,,,,,,,,,,,,,2026-06-25
有限会社たかはま,,,,,,,,,,,,,,,,2026-06-25
株式会社タカショー,,,,,,,,,,,,,,,,2026-06-25
株式会社ノービル,,,,,,,,,,,,,,,,2026-06-25
株式会社永賢組-14,,,,,,,,,,,,,,,,2026-06-25
AG株式会社,,,,,,,,,,,,,,,,2026-06-25
佐伯綜合建設株式会社,,,,,,,,,,,,,,,,2026-06-25
株式会社大智建設,,,,,,,,,,,,,,,,2026-06-25
穂の国エンジニアリング株式会社,,,,,,,,,,,,,,,,2026-06-25
株式会社松村組,,,,,,,,,,,,,,,,2026-06-25
株式会社カケン,,,,,,,,,,,,,,,,2026-06-25
株式会社アクセス22,,,,,,,,,,,,,,,,2026-06-25
藤村産業株式会社,,,,,,,,,,,,,,,,2026-06-25
株式会社IEC,,,,,,,,,,,,,,,,2026-06-25
株式会社永賢組-04,,,,,,,,,,,,,,,,2026-06-25
株式会社永賢組-21,,,,,,,,,,,,,,,,2026-06-25
株式会社Sun air,,,,,,,,,,,,,,,,2026-06-25
株式会社ワールドメカニック,,,,,,,,,,,,,,,,2026-06-25
Fanta,,,,,,,,,,,,,,,,2026-06-25
日研トータルソーシング株式会社／7A001-刈谷,,,,,,,,,,,,,,,,2026-06-25
近藤工業株式会社,,,,,,,,,,,,,,,,2026-06-25
株式会社アドバンティア本社,,,,,,,,,,,,,,,,2026-06-25
株式会社エー・ピーホールディングス,,,,,,,,,,,,,,,,2026-06-25
東急リバブル株式会社,,,,,,,,,,,,,,,,2026-06-25
株式会社アクセル,,,,,,,,,,,,,,,,2026-06-25
ミヅホ工業株式会社,,,,,,,,,,,,,,,,2026-06-25
有限会社イソガイプラスチック,,,,,,,,,,,,,,,,2026-06-25
貴城精工株式会社,,,,,,,,,,,,,,,,2026-06-25
株式会社タイセイ,,,,,,,,,,,,,,,,2026-06-25
進興金属工業株式会社,,,,,,,,,,,,,,,,2026-06-25
二村機器株式会社,,,,,,,,,,,,,,,,2026-06-25
株式会社ホニック,,,,,,,,,,,,,,,,2026-06-25
株式会社キャメル珈琲,,,,,,,,,,,,,,,,2026-06-25
土岐津産業株式会社,,,,,,,,,,,,,,,,2026-06-25
アチーヴキャリア,,,,,,,,,,,,,,,,2026-06-25
笹徳印刷株式会社,,,,,,,,,,,,,,,,2026-06-25
下村電機工業株式会社,,,,,,,,,,,,,,,,2026-06-25
富士岐工産株式会社,,,,,,,,,,,,,,,,2026-06-25
株式会社アドバンティア,,,,,,,,,,,,,,,,2026-06-25
中央紙器工業株式会社,,,,,,,,,,,,,,,,2026-06-25
中部抵抗器株式会社,,,,,,,,,,,,,,,,2026-06-25
転職サービス Jobuddy,,,,,,,,,,,,,,,,2026-06-25
ウチダ株式会社,,,,,,,,,,,,,,,,2026-06-25
株式会社イワタツール,,,,,,,,,,,,,,,,2026-06-25
株式会社アイロムIR名古屋オフィス,,,,,,,,,,,,,,,,2026-06-25
独立行政法人国立病院機構名古屋医療センター,,,,,,,,,,,,,,,,2026-06-25
株式会社シュヴァルベル,,,,,,,,,,,,,,,,2026-06-25
UTエージェント株式会社,,,,,,,,,,,,,,,,2026-06-25
伊藤忠テクノソリューションズ株式会社,,,,,,,,,,,,,,,,2026-06-25
コスモトレーディング株式会社,,,,,,,,,,,,,,,,2026-06-25
丸三証券株式会社,,,,,,,,,,,,,,,,2026-06-25
名古屋医療センター,,,,,,,,,,,,,,,,2026-06-25
ドリームズ・21st平安通校,,,,,,,,,,,,,,,,2026-06-25
チャレンジドホーム寿々中村,,,,,,,,,,,,,,,,2026-06-25
医療法人なかわか なかわか歯科医院,,,,,,,,,,,,,,,,2026-06-25
スギムラ化学工業株式会社,,,,,,,,,,,,,,,,2026-06-25
理研計器株式会社,,,,,,,,,,,,,,,,2026-06-25
株式会社パーカーコーポレーション,,,,,,,,,,,,,,,,2026-06-25
株式会社サンエー化研,,,,,,,,,,,,,,,,2026-06-25
株式会社オティックスホールディングス,,,,,,,,,,,,,,,,2026-06-25
東山フイルム株式会社,,,,,,,,,,,,,,,,2026-06-25
株式会社モリタ製作所,,,,,,,,,,,,,,,,2026-06-25
日本ガスケット株式会社,,,,,,,,,,,,,,,,2026-06-25
株式会社槌屋,,,,,,,,,,,,,,,,2026-06-25
三洋化成工業株式会社,,,,,,,,,,,,,,,,2026-06-25
株式会社大阪めいらく,,,,,,,,,,,,,,,,2026-06-25
株式会社えひめ飲料,,,,,,,,,,,,,,,,2026-06-25
ソフラ株式会社,,,,,,,,,,,,,,,,2026-06-25
株式会社エアレックス,,,,,,,,,,,,,,,,2026-06-25
エステー株式会社,,,,,,,,,,,,,,,,2026-06-25
株式会社関電工,,,,,,,,,,,,,,,,2026-06-25
N'zCREW株式会社,,,,,,,,,,,,,,,,2026-06-25
保育所しらゆり,,,,,,,,,,,,,,,,2026-06-25
若葉保育園,,,,,,,,,,,,,,,,2026-06-25
にじいろ保育園花園,,,,,,,,,,,,,,,,2026-06-25
刈谷市立あおば保育園,,,,,,,,,,,,,,,,2026-06-25
東郷旭丘幼稚園,,,,,,,,,,,,,,,,2026-06-25
デイサービスさくら家,,,,,,,,,,,,,,,,2026-06-25
にじいろ保育園羽黒,,,,,,,,,,,,,,,,2026-06-25
みやこ第二幼稚園,,,,,,,,,,,,,,,,2026-06-25
株式会社こうけつ鍼灸・接骨院&リハビリデイサービス,,,,,,,,,,,,,,,,2026-06-25
紫音の里,,,,,,,,,,,,,,,,2026-06-25
波の音児童発達支援事業所・放課後等デイサービス ...,,,,,,,,,,,,,,,,2026-06-25
デイサービスセンター 輪中の郷,,,,,,,,,,,,,,,,2026-06-25
柿の木第二デイサービス,,,,,,,,,,,,,,,,2026-06-25
日本ライフケアソリューションズ株式会社,,,,,,,,,,,,,,,,2026-06-25
医療法人整友会,,,,,,,,,,,,,,,,2026-06-25
ぶどうのプール,,,,,,,,,,,,,,,,2026-06-25
とりはらデイサービスセンター,,,,,,,,,,,,,,,,2026-06-25
リハビリデイサービス げんき倶楽部・甚目寺,,,,,,,,,,,,,,,,2026-06-25
デイサービス榊原,,,,,,,,,,,,,,,,2026-06-25
デイサービスめぐみの里,,,,,,,,,,,,,,,,2026-06-25
放課後等デイサービス青空 2組,,,,,,,,,,,,,,,,2026-06-25
特別養護老人ホームあさひが丘,,,,,,,,,,,,,,,,2026-06-25
みかんのプール,,,,,,,,,,,,,,,,2026-06-25
社会福祉法人長寿会,,,,,,,,,,,,,,,,2026-06-25
リハビリフィットネス守山,,,,,,,,,,,,,,,,2026-06-25
デイサービスセンター悠縁,,,,,,,,,,,,,,,,2026-06-25
ほのぼのデイサービスセンター穂華,,,,,,,,,,,,,,,,2026-06-25
株式会社ジーエスコンサルティング,,,,,,,,,,,,,,,,2026-06-25
放課後等デイサービス アミーゴ六名,,,,,,,,,,,,,,,,2026-06-25
デイサービス秋桜,,,,,,,,,,,,,,,,2026-06-25
株式会社三喜サービス,,,,,,,,,,,,,,,,2026-06-25
株式会社花の店友楽園,,,,,,,,,,,,,,,,2026-06-25
ジョイリハ昭和御器所,,,,,,,,,,,,,,,,2026-06-25
合同会社恵,,,,,,,,,,,,,,,,2026-06-25
コハルデイサービス扶桑,,,,,,,,,,,,,,,,2026-06-25
コハルデイサロン高根,,,,,,,,,,,,,,,,2026-06-25
児童養護施設 オリーブ,,,,,,,,,,,,,,,,2026-06-25
名古屋大学こすもす保育園,,,,,,,,,,,,,,,,2026-06-25
名古屋市ポピンズ家庭保育室志賀公園,,,,,,,,,,,,,,,,2026-06-25
名古屋大学あすなろ保育園,,,,,,,,,,,,,,,,2026-06-25
市が洞保育園,,,,,,,,,,,,,,,,2026-06-25
東海さくらのみち保育園,,,,,,,,,,,,,,,,2026-06-25
美容プラージュ 豊田駅前店,,,,,,,,,,,,,,,,2026-06-25
美容プラージュ 豊橋飯村店,,,,,,,,,,,,,,,,2026-06-25
美容プラージュ 豊田浄水店,,,,,,,,,,,,,,,,2026-06-25
美容プラージュ 日進長久手店,,,,,,,,,,,,,,,,2026-06-25
株式会社インデックス,,,,,,,,,,,,,,,,2026-06-25
美容プラージュ カインズ東海店,,,,,,,,,,,,,,,,2026-06-25
美容プラージュ 豊橋駅前店,,,,,,,,,,,,,,,,2026-06-25
美容プラージュ 江南店,,,,,,,,,,,,,,,,2026-06-25
株式会社Assh,,,,,,,,,,,,,,,,2026-06-25
株式会社ジー・コミュニケーション,,,,,,,,,,,,,,,,2026-06-25
株式会社ドリームプランニング,,,,,,,,,,,,,,,,2026-06-25
オスフェリオンバイオマテリアル株式会社,,,,,,,,,,,,,,,,2026-06-25
一正蒲鉾株式会社,,,,,,,,,,,,,,,,2026-06-25
株式会社ピーアイコーポレーション,,,,,,,,,,,,,,,,2026-06-25
NTTデータルウィーブ株式会社,,,,,,,,,,,,,,,,2026-06-25
NTTテクノクロス株式会社,,,,,,,,,,,,,,,,2026-06-25
株式会社ヨシノ自動車,,,,,,,,,,,,,,,,2026-06-25
グローバルベイス株式会社,,,,,,,,,,,,,,,,2026-06-25
富士電機E&C株式会社,,,,,,,,,,,,,,,,2026-06-25
株式会社梅田モータース,,,,,,,,,,,,,,,,2026-06-25
みずほ不動産販売株式会社,,,,,,,,,,,,,,,,2026-06-25
KHG株式会社,,,,,,,,,,,,,,,,2026-06-25
JFEプラントエンジ株式会社,,,,,,,,,,,,,,,,2026-06-25
株式会社よろず屋不動産,,,,,,,,,,,,,,,,2026-06-25
モーターサイクルワールド株式会社,,,,,,,,,,,,,,,,2026-06-25
株式会社オーソリティーホンダ,,,,,,,,,,,,,,,,2026-06-25
ジャパニアス株式会社,,,,,,,,,,,,,,,,2026-06-25
株式会社エーシーネクスト,,,,,,,,,,,,,,,,2026-06-25
プロテクト株式会社,,,,,,,,,,,,,,,,2026-06-25
株式会社スタームービング,,,,,,,,,,,,,,,,2026-06-25
中川食肉株式会社,,,,,,,,,,,,,,,,2026-06-25
日成ビルド工業株式会社,,,,,,,,,,,,,,,,2026-06-25
株式会社サン・ライフホールディング,,,,,,,,,,,,,,,,2026-06-25
キングラン株式会社,,,,,,,,,,,,,,,,2026-06-25
神奈川都市交通株式会社港北ニュータウン営業所,,,,,,,,,,,,,,,,2026-06-25
神奈川県住宅設備協同組合,,,,,,,,,,,,,,,,2026-06-25
早川木材株式会社,,,,,,,,,,,,,,,,2026-06-25
青山鋼業株式会社,,,,,,,,,,,,,,,,2026-06-25
稲垣商事株式会社,,,,,,,,,,,,,,,,2026-06-25
株式会社プロスタッフ,,,,,,,,,,,,,,,,2026-06-25
メディケアセンター秦野,,,,,,,,,,,,,,,,2026-06-25
UTグループ株式会社,,,,,,,,,,,,,,,,2026-06-25
サミット株式会社,,,,,,,,,,,,,,,,2026-06-25
JFEテクノス株式会社,,,,,,,,,,,,,,,,2026-06-25
株式会社クロサワエンジニアリング,,,,,,,,,,,,,,,,2026-06-25
株式会社Neuealle,,,,,,,,,,,,,,,,2026-06-25
株式会社シンエンス,,,,,,,,,,,,,,,,2026-06-25
株式会社SOLARIS,,,,,,,,,,,,,,,,2026-06-25
株式会社ユービー,,,,,,,,,,,,,,,,2026-06-25
株式会社カナエル,,,,,,,,,,,,,,,,2026-06-25
株式会社イオ,,,,,,,,,,,,,,,,2026-06-25
株式会社シー・エー・デザイン,,,,,,,,,,,,,,,,2026-06-25
大和高座渋谷雲母保育園,,,,,,,,,,,,,,,,2026-06-25
大和南林間雲母保育園,,,,,,,,,,,,,,,,2026-06-25
THE PERSON 相模大野店,,,,,,,,,,,,,,,,2026-06-25
大和深見台雲母保育園,,,,,,,,,,,,,,,,2026-06-25
横浜大口雲母保育園,,,,,,,,,,,,,,,,2026-06-25
大和つきみ野雲母保育園,,,,,,,,,,,,,,,,2026-06-25
武蔵小杉雲母保育園,,,,,,,,,,,,,,,,2026-06-25
THE PERSON 綱島店,,,,,,,,,,,,,,,,2026-06-25
藤沢湘南台雲母保育園,,,,,,,,,,,,,,,,2026-06-25
川崎子母口雲母保育園,,,,,,,,,,,,,,,,2026-06-25
BLUE FITNESS24 武蔵中原店,,,,,,,,,,,,,,,,2026-06-25
横浜相原病院内保育室,,,,,,,,,,,,,,,,2026-06-25
横浜矢向雲母保育園,,,,,,,,,,,,,,,,2026-06-25
BLUE FITNESS24 仲町台店,,,,,,,,,,,,,,,,2026-06-25
株式会社スマートパワーシステム,,,,,,,,,,,,,,,,2026-06-25
株式会社アポルテ,,,,,,,,,,,,,,,,2026-06-25
トヨタサービスセンター神奈川株式会社,,,,,,,,,,,,,,,,2026-06-25
D&Cファシリティーズ株式会社,,,,,,,,,,,,,,,,2026-06-25
横浜東戸塚雲母保育園,,,,,,,,,,,,,,,,2026-06-25
BLUE FITNESS24 武蔵新城店,,,,,,,,,,,,,,,,2026-06-25
THE PERSON 鶴見店,,,,,,,,,,,,,,,,2026-06-25
安田物産グループ,,,,,,,,,,,,,,,,2026-06-25
宝製菓株式会社,,,,,,,,,,,,,,,,2026-06-25
有限会社オーグ うさぎのしっぽ うさぎのしっぽ2...,,,,,,,,,,,,,,,,2026-06-25
佐川印刷株式会社,,,,,,,,,,,,,,,,2026-06-25
株式会社花和産業,,,,,,,,,,,,,,,,2026-06-25
学校法人関東学院,,,,,,,,,,,,,,,,2026-06-25
デイサービス夢楽 新子安,,,,,,,,,,,,,,,,2026-06-25
藤沢市,,,,,,,,,,,,,,,,2026-06-25
デイサービス夢楽 京町,,,,,,,,,,,,,,,,2026-06-25
横浜りとるぱんぷきんず,,,,,,,,,,,,,,,,2026-06-25
デイサービス夢楽 鶴見,,,,,,,,,,,,,,,,2026-06-25
デイサービス夢楽 横浜日ノ出町,,,,,,,,,,,,,,,,2026-06-25
東洋埠頭株式会社,,,,,,,,,,,,,,,,2026-06-25
デイサービス夢楽 川崎大師,,,,,,,,,,,,,,,,2026-06-25
社会福祉法人県央福祉会,,,,,,,,,,,,,,,,2026-06-25
ジャパンウェルネス株式会社,,,,,,,,,,,,,,,,2026-06-25
ネクステージ横浜戸塚店,,,,,,,,,,,,,,,,2026-06-25
ボルボ・カー平塚,,,,,,,,,,,,,,,,2026-06-25
ネクステージ横須賀店,,,,,,,,,,,,,,,,2026-06-25
ネクステージ小田原店,,,,,,,,,,,,,,,,2026-06-25
社会福祉法人読売光と愛の事業団,,,,,,,,,,,,,,,,2026-06-25
ボルボ・カー相模原,,,,,,,,,,,,,,,,2026-06-25
エフィラグループ株式会社,,,,,,,,,,,,,,,,2026-06-25
ネクステージ横浜港北インター店,,,,,,,,,,,,,,,,2026-06-25
ジャガー・ランドローバー横浜港北,,,,,,,,,,,,,,,,2026-06-25
ボルボ・セレクト大田・川崎,,,,,,,,,,,,,,,,2026-06-25
アサヒロジスティクス株式会社 物流管理社員,,,,,,,,,,,,,,,,2026-06-25
株式会社ティーアイアール,,,,,,,,,,,,,,,,2026-06-25
神奈川エコネットワーク協同組合,,,,,,,,,,,,,,,,2026-06-25
株式会社ハーフ・センチュリー・モア,,,,,,,,,,,,,,,,2026-06-25
医療法人社団平郁会,,,,,,,,,,,,,,,,2026-06-25
株式会社杉孝,,,,,,,,,,,,,,,,2026-06-25
ティアンドエス株式会社,,,,,,,,,,,,,,,,2026-06-25
第一電材株式会社,,,,,,,,,,,,,,,,2026-06-25
有限会社下田調剤センター ヒカリ薬局武蔵小杉店,,,,,,,,,,,,,,,,2026-06-25
医療法人社団滋恵会 安藤整形外科,,,,,,,,,,,,,,,,2026-06-25
医療法人社団扇会 秦野寿町クリニック,,,,,,,,,,,,,,,,2026-06-25
医療法人社団報徳会 西湘病院,,,,,,,,,,,,,,,,2026-06-25
神奈川都市交通株式会社,,,,,,,,,,,,,,,,2026-06-25
SBSフレイトサービス株式会社 川崎出張所,,,,,,,,,,,,,,,,2026-06-25
神奈川都市交通株式会社・川崎営業所,,,,,,,,,,,,,,,,2026-06-25
神奈川都市交通株式会社・横浜営業所,,,,,,,,,,,,,,,,2026-06-25
ひまわり調剤薬局株式会社,,,,,,,,,,,,,,,,2026-06-25
クオール薬局マルイファミリー海老名店,,,,,,,,,,,,,,,,2026-06-25
横浜東戸塚調剤薬局,,,,,,,,,,,,,,,,2026-06-25
医療法人社団大和会 相模原東クリニック,,,,,,,,,,,,,,,,2026-06-25
株式会社いらか,,,,,,,,,,,,,,,,2026-06-25
27卒新卒調剤事務 きらり薬局関東エリア,,,,,,,,,,,,,,,,2026-06-25
株式会社エイジェック,,,,,,,,,,,,,,,,2026-06-25
医療法人社団三雄会 かとうクリニック,,,,,,,,,,,,,,,,2026-06-25
キュアケアジャパン株式会社 みんなの薬屋さん,,,,,,,,,,,,,,,,2026-06-25
ここから訪問看護リハビリケア田奈サテライト,,,,,,,,,,,,,,,,2026-06-25
調剤事務ファルマテラス 茅ヶ崎,,,,,,,,,,,,,,,,2026-06-25
三和工業株式会社,,,,,,,,,,,,,,,,2026-06-25
豊田内科クリニック,,,,,,,,,,,,,,,,2026-06-25
SBSフレイトサービス株式会社,,,,,,,,,,,,,,,,2026-06-25
株式会社JAFT,,,,,,,,,,,,,,,,2026-06-25
舞岡柏尾地域ケアプラザ,,,,,,,,,,,,,,,,2026-06-25
住友不動産エスフォルタ株式会社,,,,,,,,,,,,,,,,2026-06-25
株式会社カーテン・じゅうたん王国,,,,,,,,,,,,,,,,2026-06-25
下山畜産株式会社,,,,,,,,,,,,,,,,2026-06-25
かたくり福祉用具海老名センター,,,,,,,,,,,,,,,,2026-06-25
株式会社ウイルプラスホールディングス,,,,,,,,,,,,,,,,2026-06-25
かたくり福祉用具神奈川・多摩センター,,,,,,,,,,,,,,,,2026-06-25
シマヤメディカル株式会社,,,,,,,,,,,,,,,,2026-06-25
へいあんホームケア平塚,,,,,,,,,,,,,,,,2026-06-25
ケアレンタル海老名,,,,,,,,,,,,,,,,2026-06-25
株式会社Job Guide,,,,,,,,,,,,,,,,2026-06-25
株式会社和心亭豊月,,,,,,,,,,,,,,,,2026-06-25
株式会社山安,,,,,,,,,,,,,,,,2026-06-25
有限会社マーロウ,,,,,,,,,,,,,,,,2026-06-25
サン・ライフ福祉サービスセンター湘南事業所,,,,,,,,,,,,,,,,2026-06-25
クリエーティブカミヤ株式会社,,,,,,,,,,,,,,,,2026-06-25
大島薬局 本店,,,,,,,,,,,,,,,,2026-06-25
日本精麦株式会社,,,,,,,,,,,,,,,,2026-06-25
Fit Care DEPOT 西菅田店,,,,,,,,,,,,,,,,2026-06-25
チャイハネ 港北店,,,,,,,,,,,,,,,,2026-06-25
株式会社コントリビューション,,,,,,,,,,,,,,,,2026-06-25
株式会社ミルトス,,,,,,,,,,,,,,,,2026-06-25
株式会社京樽,,,,,,,,,,,,,,,,2026-06-25
有限会社クライス,,,,,,,,,,,,,,,,2026-06-25
ツルヤ薬局,,,,,,,,,,,,,,,,2026-06-25
ALLURE合同会社,,,,,,,,,,,,,,,,2026-06-25
三本珈琲株式会社,,,,,,,,,,,,,,,,2026-06-25
株式会社ファーマインド,,,,,,,,,,,,,,,,2026-06-25
アンリツ株式会社,,,,,,,,,,,,,,,,2026-06-25
株式会社コーエーテクモホールディングス,,,,,,,,,,,,,,,,2026-06-25
株式会社IDAJ,,,,,,,,,,,,,,,,2026-06-25
SBCメディカルグループ株式会社,,,,,,,,,,,,,,,,2026-06-25
岡野相続税理士法人,,,,,,,,,,,,,,,,2026-06-25
BLUE FITNESS24 綱島店,,,,,,,,,,,,,,,,2026-06-25
LeLink by COMiNUM 青葉台店,,,,,,,,,,,,,,,,2026-06-25
株式会社More want,,,,,,,,,,,,,,,,2026-06-25
株式会社HONE,,,,,,,,,,,,,,,,2026-06-25
株式会社ATOM,,,,,,,,,,,,,,,,2026-06-25
AUSTIN 髪質改善トリートメント&ヘッドスパ...,,,,,,,,,,,,,,,,2026-06-25
BLUE FITNESS24 柏店,,,,,,,,,,,,,,,,2026-06-25
株式会社ラフアンドロードスポーツ,,,,,,,,,,,,,,,,2026-06-25
株式会社bサーチ,,,,,,,,,,,,,,,,2026-06-25
株式会社みずかげ製作所,,,,,,,,,,,,,,,,2026-06-25
株式会社ナレッジ・ハブ,,,,,,,,,,,,,,,,2026-06-25
株式会社Laugh at Life,,,,,,,,,,,,,,,,2026-06-25
株式会社コーエーテクモウェーブ,,,,,,,,,,,,,,,,2026-06-25
NICA溝の口,,,,,,,,,,,,,,,,2026-06-25
Number Three 綱島店,,,,,,,,,,,,,,,,2026-06-25
tocca hair&treatment 小田原店,,,,,,,,,,,,,,,,2026-06-25
Eleanor spa&treatment 本厚木,,,,,,,,,,,,,,,,2026-06-25
tocca hair&treatment 日吉店,,,,,,,,,,,,,,,,2026-06-25
Eleanor spa&treatment 川崎,,,,,,,,,,,,,,,,2026-06-25
Eleanor spa&treatment 藤沢,,,,,,,,,,,,,,,,2026-06-25
N°3 hair lounge 溝の口店,,,,,,,,,,,,,,,,2026-06-25
Eleanor spa&treatment 大船...,,,,,,,,,,,,,,,,2026-06-25
tocca hair&treatment 溝の口店,,,,,,,,,,,,,,,,2026-06-25
株式会社アイティーオー,,,,,,,,,,,,,,,,2026-06-25
kiito本厚木,,,,,,,,,,,,,,,,2026-06-25
Eleanor spa&treatment 綱島店,,,,,,,,,,,,,,,,2026-06-25
Eleanor spa&treatment 武蔵...,,,,,,,,,,,,,,,,2026-06-25
合同会社AND FISH,,,,,,,,,,,,,,,,2026-06-25
Eleanor spa&treatment 登戸店,,,,,,,,,,,,,,,,2026-06-25
リバディジャパン株式会社,,,,,,,,,,,,,,,,2026-06-25
株式会社Alfine,,,,,,,,,,,,,,,,2026-06-25
株式会社トライ・トライ,,,,,,,,,,,,,,,,2026-06-25
アイフォーコム株式会社,,,,,,,,,,,,,,,,2026-06-25
vroom 川崎店,,,,,,,,,,,,,,,,2026-06-25
髪質改善トリートメント&ダブルカラー LeLin...,,,,,,,,,,,,,,,,2026-06-25
株式会社ジーエスパートナーズ,,,,,,,,,,,,,,,,2026-06-25
株式会社オーシャン,,,,,,,,,,,,,,,,2026-06-25
株式会社ベスト・ロジスティクス・パートナーズ,,,,,,,,,,,,,,,,2026-06-25
浜銀総合研究所,,,,,,,,,,,,,,,,2026-06-25
HITOWAキッズライフ株式会社,,,,,,,,,,,,,,,,2026-06-25
プリモ動物病院グループ,,,,,,,,,,,,,,,,2026-06-25
Genie -men's cut & men's...,,,,,,,,,,,,,,,,2026-06-25
株式会社うえじまインベストメント,,,,,,,,,,,,,,,,2026-06-25
株式会社ストーンズ,,,,,,,,,,,,,,,,2026-06-25
工藤建設株式会社,,,,,,,,,,,,,,,,2026-06-25
株式会社地方総合研究所,,,,,,,,,,,,,,,,2026-06-25
スターティアホールディングス株式会社,,,,,,,,,,,,,,,,2026-06-25
株式会社DACS,,,,,,,,,,,,,,,,2026-06-25
合歓の木保育園,,,,,,,,,,,,,,,,2026-06-25
国際ビルサービス株式会社,,,,,,,,,,,,,,,,2026-06-25
Cut&Style CLOWN 横浜,,,,,,,,,,,,,,,,2026-06-25
theFrei,,,,,,,,,,,,,,,,2026-06-25
WiZ,,,,,,,,,,,,,,,,2026-06-25
髪質改善ヘアエステサロン EUREKA by A...,,,,,,,,,,,,,,,,2026-06-25
社会福祉法人日本医療伝道会衣笠病院,,,,,,,,,,,,,,,,2026-06-25
Hair Lounge EGO,,,,,,,,,,,,,,,,2026-06-25
医療法人社団明芳会横浜新都市脳神経外科病院,,,,,,,,,,,,,,,,2026-06-25
Kyle. ~hair removal salo...,,,,,,,,,,,,,,,,2026-06-25
E'CREA エクレア 大船店,,,,,,,,,,,,,,,,2026-06-25
医療法人社団葵会AOI七沢リハビリテーション病院,,,,,,,,,,,,,,,,2026-06-25
E'CREA エクレア 横浜店,,,,,,,,,,,,,,,,2026-06-25
Heilee brow ヘイリーブロウ溝の口店,,,,,,,,,,,,,,,,2026-06-25
光伸光学工業株式会社,,,,,,,,,,,,,,,,2026-06-25
リハビリ特化型デイサービス fureai 大口店,,,,,,,,,,,,,,,,2026-06-25
Lila リラ 溝の口店,,,,,,,,,,,,,,,,2026-06-25
イースリー株式会社,,,,,,,,,,,,,,,,2026-06-25
株式会社野毛電気工業,,,,,,,,,,,,,,,,2026-06-25
トオカツフーズ株式会社 横浜鶴見工場,,,,,,,,,,,,,,,,2026-06-25
出光ルブテクノ株式会社,,,,,,,,,,,,,,,,2026-06-25
リハビリ特化型デイサービス fureai 藤が丘店,,,,,,,,,,,,,,,,2026-06-25
Heilee brow ヘイリーブロウ藤沢店,,,,,,,,,,,,,,,,2026-06-25
E'CREA エクレア 藤沢店,,,,,,,,,,,,,,,,2026-06-25
株式会社光学技研,,,,,,,,,,,,,,,,2026-06-25
E'CREA エクレア 溝の口店,,,,,,,,,,,,,,,,2026-06-25
DNライティング株式会社,,,,,,,,,,,,,,,,2026-06-25
株式会社ジェイテック,,,,,,,,,,,,,,,,2026-06-25
Heilee brow ヘイリーブロウ横浜店,,,,,,,,,,,,,,,,2026-06-25
UNDEUX SUPER BODY 横浜スタジオ,,,,,,,,,,,,,,,,2026-06-25